EmployeeCode,Name,Date,Status,Month
Atq -406,Thanos Thakur,2022-04-01,P,Apr 2022
Atq -462,Jarvis Singh,2022-04-01,P,Apr 2022
Atq -411,Nevaeh Waller,2022-04-01,P,Apr 2022
Atq -398,Bo Cordova,2022-04-01,P,Apr 2022
Atq -438,Mekhi Singleton,2022-04-01,P,Apr 2022
Atq -366,Peter Pandey,2022-04-01,P,Apr 2022
Atq -441,Loki Lal,2022-04-01,P,Apr 2022
Atq -436,Phoenix Brady,2022-04-01,P,Apr 2022
Atq -404,Ana Little,2022-04-01,P,Apr 2022
Atq -397,Grace Stone,2022-04-01,P,Apr 2022
Atq -335,Tori Shannon,2022-04-01,P,Apr 2022
Atq -443,Lyric Bartlett,2022-04-01,WFH,Apr 2022
Atq -419,Kaylah Schultz,2022-04-01,P,Apr 2022
Atq -467,Cason David,2022-04-01,P,Apr 2022
Atq -450,Miya Hampton,2022-04-01,P,Apr 2022
Atq -405,Sofia Solis,2022-04-01,P,Apr 2022
Atq -440,Mckayla Parker,2022-04-01,P,Apr 2022
Atq -335,Madelynn Gray,2022-04-01,P,Apr 2022
Atq -343,Myla Klein,2022-04-01,P,Apr 2022
Atq -334,Boston Morse,2022-04-01,P,Apr 2022
Atq -446,April Ayers,2022-04-01,P,Apr 2022
Atq -419,Faith Hamilton,2022-04-01,P,Apr 2022
Atq -393,Janelle Raymond,2022-04-01,HML,Apr 2022
Atq -396,Joel Cruz,2022-04-01,WFH,Apr 2022
Atq -459,Iris Woodard,2022-04-01,P,Apr 2022
Atq -349,Trystan Ortega,2022-04-01,P,Apr 2022
Atq -438,Miles Fields,2022-04-01,P,Apr 2022
Atq -423,Rodrigo Price,2022-04-01,P,Apr 2022
Atq -370,Ella Roth,2022-04-01,P,Apr 2022
Atq -433,Jayce Fuentes,2022-04-01,P,Apr 2022
Atq -375,Hailee Fitzpatrick,2022-04-01,P,Apr 2022
Atq -475,Rey Novak,2022-04-01,P,Apr 2022
Atq -368,Macie Callahan,2022-04-01,P,Apr 2022
Atq -468,Xiomara Ruiz,2022-04-01,P,Apr 2022
Atq -348,Weston Horton,2022-04-01,P,Apr 2022
Atq -435,Dean Mclaughlin,2022-04-01,P,Apr 2022
Atq -331,Jonah Hamilton,2022-04-01,HPL,Apr 2022
Atq -426,Roman Colon,2022-04-01,HPL,Apr 2022
Atq -405,Chris Frye,2022-04-01,WFH,Apr 2022
Atq -475,London Kim,2022-04-01,P,Apr 2022
Atq -375,Kenley Marsh,2022-04-01,P,Apr 2022
Atq -456,Adriel Pace,2022-04-01,P,Apr 2022
Atq -385,Jase Ingram,2022-04-01,P,Apr 2022
Atq -484,Adyson Moyer,2022-04-01,P,Apr 2022
Atq -398,Salvatore Hendrix,2022-04-01,P,Apr 2022
Atq -412,Tucker Austin,2022-04-01,P,Apr 2022
Atq -472,Cristofer Bernard,2022-04-01,P,Apr 2022
Atq -396,Karma Reeves,2022-04-01,P,Apr 2022
Atq -467,Esperanza Irwin,2022-04-01,P,Apr 2022
Atq -428,Ciara Allison,2022-04-01,P,Apr 2022
Atq -484,Demarcus Gordon,2022-04-01,P,Apr 2022
Atq -432,Ryann Guerrero,2022-04-01,P,Apr 2022
Atq -421,Rylee Mullins,2022-04-01,P,Apr 2022
Atq -485,Gregory Carr,2022-04-01,WFH,Apr 2022
Atq -452,Ayanna Atkins,2022-04-01,WFH,Apr 2022
Atq -367,Briley Orr,2022-04-01,P,Apr 2022
Atq -393,Emma Freeman,2022-04-01,P,Apr 2022
Atq -403,Will Mahoney,2022-04-01,P,Apr 2022
Atq -414,Titus Andersen,2022-04-01,P,Apr 2022
Atq -418,Marquis Wyatt,2022-04-01,P,Apr 2022
Atq -408,Nick Orozco,2022-04-01,LWP,Apr 2022
Atq -382,Gustavo Ritter,2022-04-01,WFH,Apr 2022
Atq -373,Isiah Small,2022-04-01,P,Apr 2022
Atq -418,Hillary Kirk,2022-04-01,P,Apr 2022
Atq -376,Dominique Benjamin,2022-04-01,P,Apr 2022
Atq -453,Nehemiah Diaz,2022-04-01,P,Apr 2022
Atq -443,Andrew Cummings,2022-04-01,P,Apr 2022
Atq -430,Maximus Mckenzie,2022-04-01,WFH,Apr 2022
Atq -387,Konner Henson,2022-04-01,P,Apr 2022
Atq -385,Finnegan Gilbert,2022-04-01,P,Apr 2022
Atq -455,Caylee Meadows,2022-04-01,P,Apr 2022
Atq -470,Jovani Pope,2022-04-01,P,Apr 2022
Atq -374,Kaley Fitzpatrick,2022-04-01,P,Apr 2022
Atq -369,Greta Horton,2022-04-01,P,Apr 2022
Atq -372,Miley Combs,2022-04-01,LWP,Apr 2022
Atq -437,Dallas Weeks,2022-04-01,P,Apr 2022
Atq -400,Chad Macias,2022-04-01,P,Apr 2022
Atq -458,Jessie Carrillo,2022-04-01,P,Apr 2022
Atq -406,Thanos Thakur,2022-04-02,WO,Apr 2022
Atq -462,Jarvis Singh,2022-04-02,WO,Apr 2022
Atq -411,Nevaeh Waller,2022-04-02,WO,Apr 2022
Atq -398,Bo Cordova,2022-04-02,WO,Apr 2022
Atq -438,Mekhi Singleton,2022-04-02,WO,Apr 2022
Atq -366,Peter Pandey,2022-04-02,WO,Apr 2022
Atq -441,Loki Lal,2022-04-02,WO,Apr 2022
Atq -436,Phoenix Brady,2022-04-02,WO,Apr 2022
Atq -404,Ana Little,2022-04-02,WO,Apr 2022
Atq -397,Grace Stone,2022-04-02,WO,Apr 2022
Atq -335,Tori Shannon,2022-04-02,WO,Apr 2022
Atq -443,Lyric Bartlett,2022-04-02,WO,Apr 2022
Atq -419,Kaylah Schultz,2022-04-02,WO,Apr 2022
Atq -467,Cason David,2022-04-02,WO,Apr 2022
Atq -450,Miya Hampton,2022-04-02,WO,Apr 2022
Atq -405,Sofia Solis,2022-04-02,WO,Apr 2022
Atq -440,Mckayla Parker,2022-04-02,WO,Apr 2022
Atq -335,Madelynn Gray,2022-04-02,WO,Apr 2022
Atq -343,Myla Klein,2022-04-02,WO,Apr 2022
Atq -334,Boston Morse,2022-04-02,WO,Apr 2022
Atq -446,April Ayers,2022-04-02,WO,Apr 2022
Atq -419,Faith Hamilton,2022-04-02,WO,Apr 2022
Atq -393,Janelle Raymond,2022-04-02,WO,Apr 2022
Atq -396,Joel Cruz,2022-04-02,WO,Apr 2022
Atq -459,Iris Woodard,2022-04-02,WO,Apr 2022
Atq -349,Trystan Ortega,2022-04-02,WO,Apr 2022
Atq -438,Miles Fields,2022-04-02,WO,Apr 2022
Atq -423,Rodrigo Price,2022-04-02,WO,Apr 2022
Atq -370,Ella Roth,2022-04-02,WO,Apr 2022
Atq -433,Jayce Fuentes,2022-04-02,WO,Apr 2022
Atq -375,Hailee Fitzpatrick,2022-04-02,WO,Apr 2022
Atq -475,Rey Novak,2022-04-02,WO,Apr 2022
Atq -368,Macie Callahan,2022-04-02,WO,Apr 2022
Atq -468,Xiomara Ruiz,2022-04-02,WO,Apr 2022
Atq -348,Weston Horton,2022-04-02,WO,Apr 2022
Atq -435,Dean Mclaughlin,2022-04-02,WO,Apr 2022
Atq -331,Jonah Hamilton,2022-04-02,WO,Apr 2022
Atq -426,Roman Colon,2022-04-02,WO,Apr 2022
Atq -405,Chris Frye,2022-04-02,WO,Apr 2022
Atq -475,London Kim,2022-04-02,WO,Apr 2022
Atq -375,Kenley Marsh,2022-04-02,WO,Apr 2022
Atq -456,Adriel Pace,2022-04-02,WO,Apr 2022
Atq -385,Jase Ingram,2022-04-02,WO,Apr 2022
Atq -484,Adyson Moyer,2022-04-02,WO,Apr 2022
Atq -398,Salvatore Hendrix,2022-04-02,WO,Apr 2022
Atq -412,Tucker Austin,2022-04-02,WO,Apr 2022
Atq -472,Cristofer Bernard,2022-04-02,WO,Apr 2022
Atq -396,Karma Reeves,2022-04-02,WO,Apr 2022
Atq -467,Esperanza Irwin,2022-04-02,WO,Apr 2022
Atq -428,Ciara Allison,2022-04-02,WO,Apr 2022
Atq -484,Demarcus Gordon,2022-04-02,WO,Apr 2022
Atq -432,Ryann Guerrero,2022-04-02,WO,Apr 2022
Atq -421,Rylee Mullins,2022-04-02,WO,Apr 2022
Atq -485,Gregory Carr,2022-04-02,WO,Apr 2022
Atq -452,Ayanna Atkins,2022-04-02,WO,Apr 2022
Atq -367,Briley Orr,2022-04-02,WO,Apr 2022
Atq -393,Emma Freeman,2022-04-02,WO,Apr 2022
Atq -403,Will Mahoney,2022-04-02,WO,Apr 2022
Atq -414,Titus Andersen,2022-04-02,WO,Apr 2022
Atq -418,Marquis Wyatt,2022-04-02,WO,Apr 2022
Atq -408,Nick Orozco,2022-04-02,WO,Apr 2022
Atq -382,Gustavo Ritter,2022-04-02,WO,Apr 2022
Atq -373,Isiah Small,2022-04-02,WO,Apr 2022
Atq -418,Hillary Kirk,2022-04-02,WO,Apr 2022
Atq -376,Dominique Benjamin,2022-04-02,WO,Apr 2022
Atq -453,Nehemiah Diaz,2022-04-02,WO,Apr 2022
Atq -461,Josh Sharp,2022-04-02,WO,Apr 2022
Atq -443,Andrew Cummings,2022-04-02,WO,Apr 2022
Atq -430,Maximus Mckenzie,2022-04-02,WO,Apr 2022
Atq -387,Konner Henson,2022-04-02,WO,Apr 2022
Atq -385,Finnegan Gilbert,2022-04-02,WO,Apr 2022
Atq -455,Caylee Meadows,2022-04-02,WO,Apr 2022
Atq -470,Jovani Pope,2022-04-02,WO,Apr 2022
Atq -374,Kaley Fitzpatrick,2022-04-02,WO,Apr 2022
Atq -369,Greta Horton,2022-04-02,WO,Apr 2022
Atq -372,Miley Combs,2022-04-02,WO,Apr 2022
Atq -437,Dallas Weeks,2022-04-02,WO,Apr 2022
Atq -400,Chad Macias,2022-04-02,WO,Apr 2022
Atq -458,Jessie Carrillo,2022-04-02,WO,Apr 2022
Atq -406,Thanos Thakur,2022-04-03,WO,Apr 2022
Atq -462,Jarvis Singh,2022-04-03,WO,Apr 2022
Atq -411,Nevaeh Waller,2022-04-03,WO,Apr 2022
Atq -398,Bo Cordova,2022-04-03,WO,Apr 2022
Atq -438,Mekhi Singleton,2022-04-03,WO,Apr 2022
Atq -366,Peter Pandey,2022-04-03,WO,Apr 2022
Atq -441,Loki Lal,2022-04-03,WO,Apr 2022
Atq -436,Phoenix Brady,2022-04-03,WO,Apr 2022
Atq -404,Ana Little,2022-04-03,WO,Apr 2022
Atq -397,Grace Stone,2022-04-03,WO,Apr 2022
Atq -335,Tori Shannon,2022-04-03,WO,Apr 2022
Atq -443,Lyric Bartlett,2022-04-03,WO,Apr 2022
Atq -419,Kaylah Schultz,2022-04-03,WO,Apr 2022
Atq -467,Cason David,2022-04-03,WO,Apr 2022
Atq -450,Miya Hampton,2022-04-03,WO,Apr 2022
Atq -405,Sofia Solis,2022-04-03,WO,Apr 2022
Atq -440,Mckayla Parker,2022-04-03,WO,Apr 2022
Atq -335,Madelynn Gray,2022-04-03,WO,Apr 2022
Atq -343,Myla Klein,2022-04-03,WO,Apr 2022
Atq -334,Boston Morse,2022-04-03,WO,Apr 2022
Atq -446,April Ayers,2022-04-03,WO,Apr 2022
Atq -419,Faith Hamilton,2022-04-03,WO,Apr 2022
Atq -393,Janelle Raymond,2022-04-03,WO,Apr 2022
Atq -396,Joel Cruz,2022-04-03,WO,Apr 2022
Atq -459,Iris Woodard,2022-04-03,WO,Apr 2022
Atq -349,Trystan Ortega,2022-04-03,WO,Apr 2022
Atq -438,Miles Fields,2022-04-03,WO,Apr 2022
Atq -423,Rodrigo Price,2022-04-03,WO,Apr 2022
Atq -370,Ella Roth,2022-04-03,WO,Apr 2022
Atq -433,Jayce Fuentes,2022-04-03,WO,Apr 2022
Atq -375,Hailee Fitzpatrick,2022-04-03,WO,Apr 2022
Atq -475,Rey Novak,2022-04-03,WO,Apr 2022
Atq -368,Macie Callahan,2022-04-03,WO,Apr 2022
Atq -468,Xiomara Ruiz,2022-04-03,WO,Apr 2022
Atq -348,Weston Horton,2022-04-03,WO,Apr 2022
Atq -435,Dean Mclaughlin,2022-04-03,WO,Apr 2022
Atq -331,Jonah Hamilton,2022-04-03,WO,Apr 2022
Atq -426,Roman Colon,2022-04-03,WO,Apr 2022
Atq -405,Chris Frye,2022-04-03,WO,Apr 2022
Atq -475,London Kim,2022-04-03,WO,Apr 2022
Atq -375,Kenley Marsh,2022-04-03,WO,Apr 2022
Atq -456,Adriel Pace,2022-04-03,WO,Apr 2022
Atq -385,Jase Ingram,2022-04-03,WO,Apr 2022
Atq -484,Adyson Moyer,2022-04-03,WO,Apr 2022
Atq -398,Salvatore Hendrix,2022-04-03,WO,Apr 2022
Atq -412,Tucker Austin,2022-04-03,WO,Apr 2022
Atq -472,Cristofer Bernard,2022-04-03,WO,Apr 2022
Atq -396,Karma Reeves,2022-04-03,WO,Apr 2022
Atq -467,Esperanza Irwin,2022-04-03,WO,Apr 2022
Atq -428,Ciara Allison,2022-04-03,WO,Apr 2022
Atq -484,Demarcus Gordon,2022-04-03,WO,Apr 2022
Atq -432,Ryann Guerrero,2022-04-03,WO,Apr 2022
Atq -421,Rylee Mullins,2022-04-03,WO,Apr 2022
Atq -485,Gregory Carr,2022-04-03,WO,Apr 2022
Atq -452,Ayanna Atkins,2022-04-03,WO,Apr 2022
Atq -367,Briley Orr,2022-04-03,WO,Apr 2022
Atq -393,Emma Freeman,2022-04-03,WO,Apr 2022
Atq -403,Will Mahoney,2022-04-03,WO,Apr 2022
Atq -414,Titus Andersen,2022-04-03,WO,Apr 2022
Atq -418,Marquis Wyatt,2022-04-03,WO,Apr 2022
Atq -408,Nick Orozco,2022-04-03,WO,Apr 2022
Atq -382,Gustavo Ritter,2022-04-03,WO,Apr 2022
Atq -373,Isiah Small,2022-04-03,WO,Apr 2022
Atq -418,Hillary Kirk,2022-04-03,WO,Apr 2022
Atq -376,Dominique Benjamin,2022-04-03,WO,Apr 2022
Atq -453,Nehemiah Diaz,2022-04-03,WO,Apr 2022
Atq -461,Josh Sharp,2022-04-03,WO,Apr 2022
Atq -443,Andrew Cummings,2022-04-03,WO,Apr 2022
Atq -430,Maximus Mckenzie,2022-04-03,WO,Apr 2022
Atq -387,Konner Henson,2022-04-03,WO,Apr 2022
Atq -385,Finnegan Gilbert,2022-04-03,WO,Apr 2022
Atq -455,Caylee Meadows,2022-04-03,WO,Apr 2022
Atq -470,Jovani Pope,2022-04-03,WO,Apr 2022
Atq -374,Kaley Fitzpatrick,2022-04-03,WO,Apr 2022
Atq -369,Greta Horton,2022-04-03,WO,Apr 2022
Atq -372,Miley Combs,2022-04-03,WO,Apr 2022
Atq -437,Dallas Weeks,2022-04-03,WO,Apr 2022
Atq -400,Chad Macias,2022-04-03,WO,Apr 2022
Atq -458,Jessie Carrillo,2022-04-03,WO,Apr 2022
Atq -406,Thanos Thakur,2022-04-04,P,Apr 2022
Atq -462,Jarvis Singh,2022-04-04,P,Apr 2022
Atq -411,Nevaeh Waller,2022-04-04,WFH,Apr 2022
Atq -398,Bo Cordova,2022-04-04,P,Apr 2022
Atq -438,Mekhi Singleton,2022-04-04,P,Apr 2022
Atq -366,Peter Pandey,2022-04-04,P,Apr 2022
Atq -441,Loki Lal,2022-04-04,P,Apr 2022
Atq -436,Phoenix Brady,2022-04-04,P,Apr 2022
Atq -404,Ana Little,2022-04-04,P,Apr 2022
Atq -397,Grace Stone,2022-04-04,P,Apr 2022
Atq -335,Tori Shannon,2022-04-04,P,Apr 2022
Atq -443,Lyric Bartlett,2022-04-04,P,Apr 2022
Atq -419,Kaylah Schultz,2022-04-04,P,Apr 2022
Atq -467,Cason David,2022-04-04,HSL,Apr 2022
Atq -450,Miya Hampton,2022-04-04,P,Apr 2022
Atq -405,Sofia Solis,2022-04-04,P,Apr 2022
Atq -440,Mckayla Parker,2022-04-04,P,Apr 2022
Atq -335,Madelynn Gray,2022-04-04,P,Apr 2022
Atq -343,Myla Klein,2022-04-04,P,Apr 2022
Atq -334,Boston Morse,2022-04-04,P,Apr 2022
Atq -446,April Ayers,2022-04-04,P,Apr 2022
Atq -419,Faith Hamilton,2022-04-04,P,Apr 2022
Atq -393,Janelle Raymond,2022-04-04,P,Apr 2022
Atq -396,Joel Cruz,2022-04-04,WFH,Apr 2022
Atq -459,Iris Woodard,2022-04-04,P,Apr 2022
Atq -349,Trystan Ortega,2022-04-04,P,Apr 2022
Atq -438,Miles Fields,2022-04-04,P,Apr 2022
Atq -423,Rodrigo Price,2022-04-04,P,Apr 2022
Atq -370,Ella Roth,2022-04-04,P,Apr 2022
Atq -433,Jayce Fuentes,2022-04-04,P,Apr 2022
Atq -375,Hailee Fitzpatrick,2022-04-04,P,Apr 2022
Atq -475,Rey Novak,2022-04-04,P,Apr 2022
Atq -368,Macie Callahan,2022-04-04,P,Apr 2022
Atq -468,Xiomara Ruiz,2022-04-04,P,Apr 2022
Atq -348,Weston Horton,2022-04-04,P,Apr 2022
Atq -435,Dean Mclaughlin,2022-04-04,P,Apr 2022
Atq -331,Jonah Hamilton,2022-04-04,WFH,Apr 2022
Atq -426,Roman Colon,2022-04-04,P,Apr 2022
Atq -405,Chris Frye,2022-04-04,P,Apr 2022
Atq -475,London Kim,2022-04-04,P,Apr 2022
Atq -375,Kenley Marsh,2022-04-04,P,Apr 2022
Atq -456,Adriel Pace,2022-04-04,P,Apr 2022
Atq -385,Jase Ingram,2022-04-04,HPL,Apr 2022
Atq -484,Adyson Moyer,2022-04-04,P,Apr 2022
Atq -398,Salvatore Hendrix,2022-04-04,P,Apr 2022
Atq -412,Tucker Austin,2022-04-04,P,Apr 2022
Atq -472,Cristofer Bernard,2022-04-04,P,Apr 2022
Atq -396,Karma Reeves,2022-04-04,P,Apr 2022
Atq -467,Esperanza Irwin,2022-04-04,P,Apr 2022
Atq -428,Ciara Allison,2022-04-04,P,Apr 2022
Atq -484,Demarcus Gordon,2022-04-04,P,Apr 2022
Atq -432,Ryann Guerrero,2022-04-04,P,Apr 2022
Atq -421,Rylee Mullins,2022-04-04,P,Apr 2022
Atq -485,Gregory Carr,2022-04-04,WFH,Apr 2022
Atq -452,Ayanna Atkins,2022-04-04,P,Apr 2022
Atq -367,Briley Orr,2022-04-04,P,Apr 2022
Atq -393,Emma Freeman,2022-04-04,WFH,Apr 2022
Atq -403,Will Mahoney,2022-04-04,P,Apr 2022
Atq -414,Titus Andersen,2022-04-04,P,Apr 2022
Atq -418,Marquis Wyatt,2022-04-04,P,Apr 2022
Atq -408,Nick Orozco,2022-04-04,P,Apr 2022
Atq -382,Gustavo Ritter,2022-04-04,WFH,Apr 2022
Atq -373,Isiah Small,2022-04-04,P,Apr 2022
Atq -418,Hillary Kirk,2022-04-04,P,Apr 2022
Atq -376,Dominique Benjamin,2022-04-04,P,Apr 2022
Atq -453,Nehemiah Diaz,2022-04-04,P,Apr 2022
Atq -443,Andrew Cummings,2022-04-04,P,Apr 2022
Atq -430,Maximus Mckenzie,2022-04-04,WFH,Apr 2022
Atq -387,Konner Henson,2022-04-04,P,Apr 2022
Atq -385,Finnegan Gilbert,2022-04-04,P,Apr 2022
Atq -455,Caylee Meadows,2022-04-04,P,Apr 2022
Atq -470,Jovani Pope,2022-04-04,P,Apr 2022
Atq -374,Kaley Fitzpatrick,2022-04-04,P,Apr 2022
Atq -369,Greta Horton,2022-04-04,P,Apr 2022
Atq -372,Miley Combs,2022-04-04,P,Apr 2022
Atq -437,Dallas Weeks,2022-04-04,P,Apr 2022
Atq -400,Chad Macias,2022-04-04,P,Apr 2022
Atq -458,Jessie Carrillo,2022-04-04,P,Apr 2022
Atq -406,Thanos Thakur,2022-04-05,P,Apr 2022
Atq -462,Jarvis Singh,2022-04-05,P,Apr 2022
Atq -411,Nevaeh Waller,2022-04-05,P,Apr 2022
Atq -398,Bo Cordova,2022-04-05,P,Apr 2022
Atq -438,Mekhi Singleton,2022-04-05,P,Apr 2022
Atq -366,Peter Pandey,2022-04-05,P,Apr 2022
Atq -441,Loki Lal,2022-04-05,P,Apr 2022
Atq -436,Phoenix Brady,2022-04-05,P,Apr 2022
Atq -404,Ana Little,2022-04-05,HPL,Apr 2022
Atq -397,Grace Stone,2022-04-05,P,Apr 2022
Atq -335,Tori Shannon,2022-04-05,P,Apr 2022
Atq -443,Lyric Bartlett,2022-04-05,P,Apr 2022
Atq -419,Kaylah Schultz,2022-04-05,P,Apr 2022
Atq -467,Cason David,2022-04-05,P,Apr 2022
Atq -450,Miya Hampton,2022-04-05,P,Apr 2022
Atq -405,Sofia Solis,2022-04-05,P,Apr 2022
Atq -440,Mckayla Parker,2022-04-05,P,Apr 2022
Atq -335,Madelynn Gray,2022-04-05,P,Apr 2022
Atq -343,Myla Klein,2022-04-05,P,Apr 2022
Atq -334,Boston Morse,2022-04-05,P,Apr 2022
Atq -446,April Ayers,2022-04-05,P,Apr 2022
Atq -419,Faith Hamilton,2022-04-05,P,Apr 2022
Atq -393,Janelle Raymond,2022-04-05,P,Apr 2022
Atq -396,Joel Cruz,2022-04-05,WFH,Apr 2022
Atq -459,Iris Woodard,2022-04-05,P,Apr 2022
Atq -349,Trystan Ortega,2022-04-05,P,Apr 2022
Atq -438,Miles Fields,2022-04-05,P,Apr 2022
Atq -423,Rodrigo Price,2022-04-05,P,Apr 2022
Atq -370,Ella Roth,2022-04-05,P,Apr 2022
Atq -433,Jayce Fuentes,2022-04-05,P,Apr 2022
Atq -375,Hailee Fitzpatrick,2022-04-05,ML,Apr 2022
Atq -475,Rey Novak,2022-04-05,P,Apr 2022
Atq -368,Macie Callahan,2022-04-05,P,Apr 2022
Atq -468,Xiomara Ruiz,2022-04-05,P,Apr 2022
Atq -348,Weston Horton,2022-04-05,P,Apr 2022
Atq -435,Dean Mclaughlin,2022-04-05,P,Apr 2022
Atq -331,Jonah Hamilton,2022-04-05,WFH,Apr 2022
Atq -426,Roman Colon,2022-04-05,P,Apr 2022
Atq -405,Chris Frye,2022-04-05,WFH,Apr 2022
Atq -475,London Kim,2022-04-05,P,Apr 2022
Atq -375,Kenley Marsh,2022-04-05,P,Apr 2022
Atq -456,Adriel Pace,2022-04-05,P,Apr 2022
Atq -385,Jase Ingram,2022-04-05,P,Apr 2022
Atq -484,Adyson Moyer,2022-04-05,P,Apr 2022
Atq -398,Salvatore Hendrix,2022-04-05,P,Apr 2022
Atq -412,Tucker Austin,2022-04-05,P,Apr 2022
Atq -472,Cristofer Bernard,2022-04-05,P,Apr 2022
Atq -396,Karma Reeves,2022-04-05,P,Apr 2022
Atq -467,Esperanza Irwin,2022-04-05,P,Apr 2022
Atq -428,Ciara Allison,2022-04-05,P,Apr 2022
Atq -484,Demarcus Gordon,2022-04-05,P,Apr 2022
Atq -432,Ryann Guerrero,2022-04-05,P,Apr 2022
Atq -421,Rylee Mullins,2022-04-05,P,Apr 2022
Atq -485,Gregory Carr,2022-04-05,WFH,Apr 2022
Atq -452,Ayanna Atkins,2022-04-05,P,Apr 2022
Atq -367,Briley Orr,2022-04-05,P,Apr 2022
Atq -393,Emma Freeman,2022-04-05,WFH,Apr 2022
Atq -403,Will Mahoney,2022-04-05,P,Apr 2022
Atq -414,Titus Andersen,2022-04-05,P,Apr 2022
Atq -418,Marquis Wyatt,2022-04-05,P,Apr 2022
Atq -408,Nick Orozco,2022-04-05,P,Apr 2022
Atq -382,Gustavo Ritter,2022-04-05,WFH,Apr 2022
Atq -373,Isiah Small,2022-04-05,P,Apr 2022
Atq -418,Hillary Kirk,2022-04-05,P,Apr 2022
Atq -376,Dominique Benjamin,2022-04-05,P,Apr 2022
Atq -453,Nehemiah Diaz,2022-04-05,P,Apr 2022
Atq -443,Andrew Cummings,2022-04-05,P,Apr 2022
Atq -430,Maximus Mckenzie,2022-04-05,WFH,Apr 2022
Atq -387,Konner Henson,2022-04-05,P,Apr 2022
Atq -385,Finnegan Gilbert,2022-04-05,P,Apr 2022
Atq -455,Caylee Meadows,2022-04-05,P,Apr 2022
Atq -470,Jovani Pope,2022-04-05,P,Apr 2022
Atq -374,Kaley Fitzpatrick,2022-04-05,P,Apr 2022
Atq -369,Greta Horton,2022-04-05,P,Apr 2022
Atq -372,Miley Combs,2022-04-05,P,Apr 2022
Atq -437,Dallas Weeks,2022-04-05,P,Apr 2022
Atq -400,Chad Macias,2022-04-05,P,Apr 2022
Atq -458,Jessie Carrillo,2022-04-05,P,Apr 2022
Atq -406,Thanos Thakur,2022-04-06,P,Apr 2022
Atq -462,Jarvis Singh,2022-04-06,P,Apr 2022
Atq -411,Nevaeh Waller,2022-04-06,P,Apr 2022
Atq -398,Bo Cordova,2022-04-06,P,Apr 2022
Atq -438,Mekhi Singleton,2022-04-06,P,Apr 2022
Atq -366,Peter Pandey,2022-04-06,P,Apr 2022
Atq -441,Loki Lal,2022-04-06,P,Apr 2022
Atq -436,Phoenix Brady,2022-04-06,P,Apr 2022
Atq -404,Ana Little,2022-04-06,PL,Apr 2022
Atq -397,Grace Stone,2022-04-06,P,Apr 2022
Atq -335,Tori Shannon,2022-04-06,P,Apr 2022
Atq -443,Lyric Bartlett,2022-04-06,P,Apr 2022
Atq -419,Kaylah Schultz,2022-04-06,P,Apr 2022
Atq -467,Cason David,2022-04-06,P,Apr 2022
Atq -450,Miya Hampton,2022-04-06,P,Apr 2022
Atq -405,Sofia Solis,2022-04-06,P,Apr 2022
Atq -440,Mckayla Parker,2022-04-06,P,Apr 2022
Atq -335,Madelynn Gray,2022-04-06,P,Apr 2022
Atq -343,Myla Klein,2022-04-06,P,Apr 2022
Atq -334,Boston Morse,2022-04-06,P,Apr 2022
Atq -446,April Ayers,2022-04-06,P,Apr 2022
Atq -419,Faith Hamilton,2022-04-06,P,Apr 2022
Atq -393,Janelle Raymond,2022-04-06,P,Apr 2022
Atq -396,Joel Cruz,2022-04-06,WFH,Apr 2022
Atq -459,Iris Woodard,2022-04-06,P,Apr 2022
Atq -349,Trystan Ortega,2022-04-06,P,Apr 2022
Atq -438,Miles Fields,2022-04-06,P,Apr 2022
Atq -423,Rodrigo Price,2022-04-06,P,Apr 2022
Atq -370,Ella Roth,2022-04-06,HPL,Apr 2022
Atq -433,Jayce Fuentes,2022-04-06,P,Apr 2022
Atq -375,Hailee Fitzpatrick,2022-04-06,P,Apr 2022
Atq -475,Rey Novak,2022-04-06,P,Apr 2022
Atq -368,Macie Callahan,2022-04-06,P,Apr 2022
Atq -468,Xiomara Ruiz,2022-04-06,P,Apr 2022
Atq -348,Weston Horton,2022-04-06,P,Apr 2022
Atq -435,Dean Mclaughlin,2022-04-06,P,Apr 2022
Atq -331,Jonah Hamilton,2022-04-06,PL,Apr 2022
Atq -426,Roman Colon,2022-04-06,P,Apr 2022
Atq -405,Chris Frye,2022-04-06,P,Apr 2022
Atq -475,London Kim,2022-04-06,P,Apr 2022
Atq -375,Kenley Marsh,2022-04-06,P,Apr 2022
Atq -456,Adriel Pace,2022-04-06,P,Apr 2022
Atq -385,Jase Ingram,2022-04-06,P,Apr 2022
Atq -484,Adyson Moyer,2022-04-06,P,Apr 2022
Atq -398,Salvatore Hendrix,2022-04-06,P,Apr 2022
Atq -412,Tucker Austin,2022-04-06,P,Apr 2022
Atq -472,Cristofer Bernard,2022-04-06,P,Apr 2022
Atq -396,Karma Reeves,2022-04-06,P,Apr 2022
Atq -467,Esperanza Irwin,2022-04-06,P,Apr 2022
Atq -428,Ciara Allison,2022-04-06,P,Apr 2022
Atq -484,Demarcus Gordon,2022-04-06,P,Apr 2022
Atq -432,Ryann Guerrero,2022-04-06,P,Apr 2022
Atq -421,Rylee Mullins,2022-04-06,P,Apr 2022
Atq -485,Gregory Carr,2022-04-06,WFH,Apr 2022
Atq -452,Ayanna Atkins,2022-04-06,P,Apr 2022
Atq -367,Briley Orr,2022-04-06,P,Apr 2022
Atq -393,Emma Freeman,2022-04-06,P,Apr 2022
Atq -403,Will Mahoney,2022-04-06,P,Apr 2022
Atq -414,Titus Andersen,2022-04-06,P,Apr 2022
Atq -418,Marquis Wyatt,2022-04-06,P,Apr 2022
Atq -408,Nick Orozco,2022-04-06,P,Apr 2022
Atq -382,Gustavo Ritter,2022-04-06,WFH,Apr 2022
Atq -373,Isiah Small,2022-04-06,P,Apr 2022
Atq -418,Hillary Kirk,2022-04-06,P,Apr 2022
Atq -376,Dominique Benjamin,2022-04-06,P,Apr 2022
Atq -453,Nehemiah Diaz,2022-04-06,P,Apr 2022
Atq -443,Andrew Cummings,2022-04-06,P,Apr 2022
Atq -430,Maximus Mckenzie,2022-04-06,WFH,Apr 2022
Atq -387,Konner Henson,2022-04-06,P,Apr 2022
Atq -385,Finnegan Gilbert,2022-04-06,P,Apr 2022
Atq -455,Caylee Meadows,2022-04-06,P,Apr 2022
Atq -470,Jovani Pope,2022-04-06,P,Apr 2022
Atq -374,Kaley Fitzpatrick,2022-04-06,P,Apr 2022
Atq -369,Greta Horton,2022-04-06,P,Apr 2022
Atq -372,Miley Combs,2022-04-06,P,Apr 2022
Atq -437,Dallas Weeks,2022-04-06,P,Apr 2022
Atq -400,Chad Macias,2022-04-06,LWP,Apr 2022
Atq -458,Jessie Carrillo,2022-04-06,P,Apr 2022
Atq -406,Thanos Thakur,2022-04-07,P,Apr 2022
Atq -462,Jarvis Singh,2022-04-07,P,Apr 2022
Atq -411,Nevaeh Waller,2022-04-07,P,Apr 2022
Atq -398,Bo Cordova,2022-04-07,WFH,Apr 2022
Atq -438,Mekhi Singleton,2022-04-07,P,Apr 2022
Atq -366,Peter Pandey,2022-04-07,P,Apr 2022
Atq -441,Loki Lal,2022-04-07,P,Apr 2022
Atq -436,Phoenix Brady,2022-04-07,P,Apr 2022
Atq -404,Ana Little,2022-04-07,SL,Apr 2022
Atq -397,Grace Stone,2022-04-07,P,Apr 2022
Atq -335,Tori Shannon,2022-04-07,P,Apr 2022
Atq -443,Lyric Bartlett,2022-04-07,P,Apr 2022
Atq -419,Kaylah Schultz,2022-04-07,PL,Apr 2022
Atq -467,Cason David,2022-04-07,P,Apr 2022
Atq -450,Miya Hampton,2022-04-07,HWFH,Apr 2022
Atq -405,Sofia Solis,2022-04-07,P,Apr 2022
Atq -440,Mckayla Parker,2022-04-07,SL,Apr 2022
Atq -335,Madelynn Gray,2022-04-07,PL,Apr 2022
Atq -343,Myla Klein,2022-04-07,P,Apr 2022
Atq -334,Boston Morse,2022-04-07,P,Apr 2022
Atq -446,April Ayers,2022-04-07,P,Apr 2022
Atq -419,Faith Hamilton,2022-04-07,P,Apr 2022
Atq -393,Janelle Raymond,2022-04-07,P,Apr 2022
Atq -396,Joel Cruz,2022-04-07,WFH,Apr 2022
Atq -459,Iris Woodard,2022-04-07,P,Apr 2022
Atq -349,Trystan Ortega,2022-04-07,P,Apr 2022
Atq -438,Miles Fields,2022-04-07,P,Apr 2022
Atq -423,Rodrigo Price,2022-04-07,P,Apr 2022
Atq -370,Ella Roth,2022-04-07,P,Apr 2022
Atq -433,Jayce Fuentes,2022-04-07,P,Apr 2022
Atq -375,Hailee Fitzpatrick,2022-04-07,P,Apr 2022
Atq -475,Rey Novak,2022-04-07,P,Apr 2022
Atq -368,Macie Callahan,2022-04-07,P,Apr 2022
Atq -468,Xiomara Ruiz,2022-04-07,P,Apr 2022
Atq -348,Weston Horton,2022-04-07,P,Apr 2022
Atq -435,Dean Mclaughlin,2022-04-07,P,Apr 2022
Atq -331,Jonah Hamilton,2022-04-07,P,Apr 2022
Atq -426,Roman Colon,2022-04-07,HLWP,Apr 2022
Atq -405,Chris Frye,2022-04-07,WFH,Apr 2022
Atq -475,London Kim,2022-04-07,P,Apr 2022
Atq -375,Kenley Marsh,2022-04-07,P,Apr 2022
Atq -456,Adriel Pace,2022-04-07,P,Apr 2022
Atq -385,Jase Ingram,2022-04-07,P,Apr 2022
Atq -484,Adyson Moyer,2022-04-07,P,Apr 2022
Atq -398,Salvatore Hendrix,2022-04-07,P,Apr 2022
Atq -412,Tucker Austin,2022-04-07,P,Apr 2022
Atq -472,Cristofer Bernard,2022-04-07,P,Apr 2022
Atq -396,Karma Reeves,2022-04-07,P,Apr 2022
Atq -467,Esperanza Irwin,2022-04-07,P,Apr 2022
Atq -428,Ciara Allison,2022-04-07,P,Apr 2022
Atq -484,Demarcus Gordon,2022-04-07,P,Apr 2022
Atq -432,Ryann Guerrero,2022-04-07,PL,Apr 2022
Atq -421,Rylee Mullins,2022-04-07,P,Apr 2022
Atq -485,Gregory Carr,2022-04-07,WFH,Apr 2022
Atq -452,Ayanna Atkins,2022-04-07,ML,Apr 2022
Atq -367,Briley Orr,2022-04-07,P,Apr 2022
Atq -393,Emma Freeman,2022-04-07,P,Apr 2022
Atq -403,Will Mahoney,2022-04-07,P,Apr 2022
Atq -414,Titus Andersen,2022-04-07,P,Apr 2022
Atq -418,Marquis Wyatt,2022-04-07,P,Apr 2022
Atq -408,Nick Orozco,2022-04-07,P,Apr 2022
Atq -382,Gustavo Ritter,2022-04-07,WFH,Apr 2022
Atq -373,Isiah Small,2022-04-07,P,Apr 2022
Atq -418,Hillary Kirk,2022-04-07,LWP,Apr 2022
Atq -376,Dominique Benjamin,2022-04-07,P,Apr 2022
Atq -453,Nehemiah Diaz,2022-04-07,P,Apr 2022
Atq -443,Andrew Cummings,2022-04-07,P,Apr 2022
Atq -430,Maximus Mckenzie,2022-04-07,WFH,Apr 2022
Atq -387,Konner Henson,2022-04-07,P,Apr 2022
Atq -385,Finnegan Gilbert,2022-04-07,P,Apr 2022
Atq -455,Caylee Meadows,2022-04-07,P,Apr 2022
Atq -470,Jovani Pope,2022-04-07,P,Apr 2022
Atq -374,Kaley Fitzpatrick,2022-04-07,P,Apr 2022
Atq -369,Greta Horton,2022-04-07,P,Apr 2022
Atq -372,Miley Combs,2022-04-07,P,Apr 2022
Atq -437,Dallas Weeks,2022-04-07,P,Apr 2022
Atq -400,Chad Macias,2022-04-07,P,Apr 2022
Atq -458,Jessie Carrillo,2022-04-07,LWP,Apr 2022
Atq -406,Thanos Thakur,2022-04-08,P,Apr 2022
Atq -462,Jarvis Singh,2022-04-08,P,Apr 2022
Atq -411,Nevaeh Waller,2022-04-08,P,Apr 2022
Atq -398,Bo Cordova,2022-04-08,PL,Apr 2022
Atq -438,Mekhi Singleton,2022-04-08,P,Apr 2022
Atq -366,Peter Pandey,2022-04-08,P,Apr 2022
Atq -441,Loki Lal,2022-04-08,P,Apr 2022
Atq -436,Phoenix Brady,2022-04-08,P,Apr 2022
Atq -404,Ana Little,2022-04-08,P,Apr 2022
Atq -397,Grace Stone,2022-04-08,P,Apr 2022
Atq -335,Tori Shannon,2022-04-08,P,Apr 2022
Atq -443,Lyric Bartlett,2022-04-08,P,Apr 2022
Atq -419,Kaylah Schultz,2022-04-08,P,Apr 2022
Atq -467,Cason David,2022-04-08,P,Apr 2022
Atq -450,Miya Hampton,2022-04-08,P,Apr 2022
Atq -405,Sofia Solis,2022-04-08,P,Apr 2022
Atq -440,Mckayla Parker,2022-04-08,P,Apr 2022
Atq -335,Madelynn Gray,2022-04-08,P,Apr 2022
Atq -343,Myla Klein,2022-04-08,P,Apr 2022
Atq -334,Boston Morse,2022-04-08,P,Apr 2022
Atq -446,April Ayers,2022-04-08,P,Apr 2022
Atq -419,Faith Hamilton,2022-04-08,P,Apr 2022
Atq -393,Janelle Raymond,2022-04-08,P,Apr 2022
Atq -396,Joel Cruz,2022-04-08,WFH,Apr 2022
Atq -459,Iris Woodard,2022-04-08,P,Apr 2022
Atq -349,Trystan Ortega,2022-04-08,HPL,Apr 2022
Atq -438,Miles Fields,2022-04-08,P,Apr 2022
Atq -423,Rodrigo Price,2022-04-08,P,Apr 2022
Atq -370,Ella Roth,2022-04-08,P,Apr 2022
Atq -433,Jayce Fuentes,2022-04-08,P,Apr 2022
Atq -375,Hailee Fitzpatrick,2022-04-08,P,Apr 2022
Atq -475,Rey Novak,2022-04-08,P,Apr 2022
Atq -368,Macie Callahan,2022-04-08,P,Apr 2022
Atq -468,Xiomara Ruiz,2022-04-08,P,Apr 2022
Atq -348,Weston Horton,2022-04-08,P,Apr 2022
Atq -435,Dean Mclaughlin,2022-04-08,P,Apr 2022
Atq -331,Jonah Hamilton,2022-04-08,P,Apr 2022
Atq -426,Roman Colon,2022-04-08,WFH,Apr 2022
Atq -405,Chris Frye,2022-04-08,P,Apr 2022
Atq -475,London Kim,2022-04-08,P,Apr 2022
Atq -375,Kenley Marsh,2022-04-08,P,Apr 2022
Atq -456,Adriel Pace,2022-04-08,P,Apr 2022
Atq -385,Jase Ingram,2022-04-08,P,Apr 2022
Atq -484,Adyson Moyer,2022-04-08,P,Apr 2022
Atq -398,Salvatore Hendrix,2022-04-08,P,Apr 2022
Atq -412,Tucker Austin,2022-04-08,P,Apr 2022
Atq -472,Cristofer Bernard,2022-04-08,P,Apr 2022
Atq -396,Karma Reeves,2022-04-08,P,Apr 2022
Atq -467,Esperanza Irwin,2022-04-08,P,Apr 2022
Atq -428,Ciara Allison,2022-04-08,P,Apr 2022
Atq -484,Demarcus Gordon,2022-04-08,P,Apr 2022
Atq -432,Ryann Guerrero,2022-04-08,P,Apr 2022
Atq -421,Rylee Mullins,2022-04-08,P,Apr 2022
Atq -485,Gregory Carr,2022-04-08,WFH,Apr 2022
Atq -452,Ayanna Atkins,2022-04-08,P,Apr 2022
Atq -367,Briley Orr,2022-04-08,P,Apr 2022
Atq -393,Emma Freeman,2022-04-08,P,Apr 2022
Atq -403,Will Mahoney,2022-04-08,P,Apr 2022
Atq -414,Titus Andersen,2022-04-08,P,Apr 2022
Atq -418,Marquis Wyatt,2022-04-08,P,Apr 2022
Atq -408,Nick Orozco,2022-04-08,P,Apr 2022
Atq -382,Gustavo Ritter,2022-04-08,WFH,Apr 2022
Atq -373,Isiah Small,2022-04-08,P,Apr 2022
Atq -418,Hillary Kirk,2022-04-08,P,Apr 2022
Atq -376,Dominique Benjamin,2022-04-08,P,Apr 2022
Atq -453,Nehemiah Diaz,2022-04-08,P,Apr 2022
Atq -443,Andrew Cummings,2022-04-08,P,Apr 2022
Atq -430,Maximus Mckenzie,2022-04-08,WFH,Apr 2022
Atq -387,Konner Henson,2022-04-08,P,Apr 2022
Atq -385,Finnegan Gilbert,2022-04-08,P,Apr 2022
Atq -455,Caylee Meadows,2022-04-08,P,Apr 2022
Atq -470,Jovani Pope,2022-04-08,P,Apr 2022
Atq -374,Kaley Fitzpatrick,2022-04-08,P,Apr 2022
Atq -369,Greta Horton,2022-04-08,WFH,Apr 2022
Atq -372,Miley Combs,2022-04-08,P,Apr 2022
Atq -437,Dallas Weeks,2022-04-08,P,Apr 2022
Atq -400,Chad Macias,2022-04-08,P,Apr 2022
Atq -458,Jessie Carrillo,2022-04-08,P,Apr 2022
Atq -406,Thanos Thakur,2022-04-09,WO,Apr 2022
Atq -462,Jarvis Singh,2022-04-09,WO,Apr 2022
Atq -411,Nevaeh Waller,2022-04-09,WO,Apr 2022
Atq -398,Bo Cordova,2022-04-09,WO,Apr 2022
Atq -438,Mekhi Singleton,2022-04-09,WO,Apr 2022
Atq -366,Peter Pandey,2022-04-09,WO,Apr 2022
Atq -441,Loki Lal,2022-04-09,WO,Apr 2022
Atq -436,Phoenix Brady,2022-04-09,WO,Apr 2022
Atq -404,Ana Little,2022-04-09,WO,Apr 2022
Atq -397,Grace Stone,2022-04-09,WO,Apr 2022
Atq -335,Tori Shannon,2022-04-09,WO,Apr 2022
Atq -443,Lyric Bartlett,2022-04-09,WO,Apr 2022
Atq -419,Kaylah Schultz,2022-04-09,WO,Apr 2022
Atq -467,Cason David,2022-04-09,WO,Apr 2022
Atq -450,Miya Hampton,2022-04-09,WO,Apr 2022
Atq -405,Sofia Solis,2022-04-09,WO,Apr 2022
Atq -440,Mckayla Parker,2022-04-09,WO,Apr 2022
Atq -335,Madelynn Gray,2022-04-09,WO,Apr 2022
Atq -343,Myla Klein,2022-04-09,WO,Apr 2022
Atq -334,Boston Morse,2022-04-09,WO,Apr 2022
Atq -446,April Ayers,2022-04-09,WO,Apr 2022
Atq -419,Faith Hamilton,2022-04-09,WO,Apr 2022
Atq -393,Janelle Raymond,2022-04-09,WO,Apr 2022
Atq -396,Joel Cruz,2022-04-09,WO,Apr 2022
Atq -459,Iris Woodard,2022-04-09,WO,Apr 2022
Atq -349,Trystan Ortega,2022-04-09,WO,Apr 2022
Atq -438,Miles Fields,2022-04-09,WO,Apr 2022
Atq -423,Rodrigo Price,2022-04-09,WO,Apr 2022
Atq -370,Ella Roth,2022-04-09,WO,Apr 2022
Atq -433,Jayce Fuentes,2022-04-09,WO,Apr 2022
Atq -375,Hailee Fitzpatrick,2022-04-09,WO,Apr 2022
Atq -475,Rey Novak,2022-04-09,WO,Apr 2022
Atq -368,Macie Callahan,2022-04-09,WO,Apr 2022
Atq -468,Xiomara Ruiz,2022-04-09,WO,Apr 2022
Atq -348,Weston Horton,2022-04-09,WO,Apr 2022
Atq -435,Dean Mclaughlin,2022-04-09,WO,Apr 2022
Atq -331,Jonah Hamilton,2022-04-09,WO,Apr 2022
Atq -426,Roman Colon,2022-04-09,WO,Apr 2022
Atq -405,Chris Frye,2022-04-09,WO,Apr 2022
Atq -475,London Kim,2022-04-09,WO,Apr 2022
Atq -375,Kenley Marsh,2022-04-09,WO,Apr 2022
Atq -456,Adriel Pace,2022-04-09,WO,Apr 2022
Atq -385,Jase Ingram,2022-04-09,WO,Apr 2022
Atq -484,Adyson Moyer,2022-04-09,WO,Apr 2022
Atq -398,Salvatore Hendrix,2022-04-09,WO,Apr 2022
Atq -412,Tucker Austin,2022-04-09,WO,Apr 2022
Atq -472,Cristofer Bernard,2022-04-09,WO,Apr 2022
Atq -396,Karma Reeves,2022-04-09,WO,Apr 2022
Atq -467,Esperanza Irwin,2022-04-09,WO,Apr 2022
Atq -428,Ciara Allison,2022-04-09,WO,Apr 2022
Atq -484,Demarcus Gordon,2022-04-09,WO,Apr 2022
Atq -432,Ryann Guerrero,2022-04-09,WO,Apr 2022
Atq -421,Rylee Mullins,2022-04-09,WO,Apr 2022
Atq -485,Gregory Carr,2022-04-09,WO,Apr 2022
Atq -452,Ayanna Atkins,2022-04-09,WO,Apr 2022
Atq -367,Briley Orr,2022-04-09,WO,Apr 2022
Atq -393,Emma Freeman,2022-04-09,WO,Apr 2022
Atq -403,Will Mahoney,2022-04-09,WO,Apr 2022
Atq -414,Titus Andersen,2022-04-09,WO,Apr 2022
Atq -418,Marquis Wyatt,2022-04-09,WO,Apr 2022
Atq -408,Nick Orozco,2022-04-09,WO,Apr 2022
Atq -382,Gustavo Ritter,2022-04-09,WO,Apr 2022
Atq -373,Isiah Small,2022-04-09,WO,Apr 2022
Atq -418,Hillary Kirk,2022-04-09,WO,Apr 2022
Atq -376,Dominique Benjamin,2022-04-09,WO,Apr 2022
Atq -453,Nehemiah Diaz,2022-04-09,WO,Apr 2022
Atq -461,Josh Sharp,2022-04-09,WO,Apr 2022
Atq -443,Andrew Cummings,2022-04-09,WO,Apr 2022
Atq -430,Maximus Mckenzie,2022-04-09,WO,Apr 2022
Atq -387,Konner Henson,2022-04-09,WO,Apr 2022
Atq -385,Finnegan Gilbert,2022-04-09,WO,Apr 2022
Atq -455,Caylee Meadows,2022-04-09,WO,Apr 2022
Atq -470,Jovani Pope,2022-04-09,WO,Apr 2022
Atq -374,Kaley Fitzpatrick,2022-04-09,WO,Apr 2022
Atq -369,Greta Horton,2022-04-09,WO,Apr 2022
Atq -372,Miley Combs,2022-04-09,WO,Apr 2022
Atq -437,Dallas Weeks,2022-04-09,WO,Apr 2022
Atq -400,Chad Macias,2022-04-09,WO,Apr 2022
Atq -458,Jessie Carrillo,2022-04-09,WO,Apr 2022
Atq -406,Thanos Thakur,2022-04-10,WO,Apr 2022
Atq -462,Jarvis Singh,2022-04-10,WO,Apr 2022
Atq -411,Nevaeh Waller,2022-04-10,WO,Apr 2022
Atq -398,Bo Cordova,2022-04-10,WO,Apr 2022
Atq -438,Mekhi Singleton,2022-04-10,WO,Apr 2022
Atq -366,Peter Pandey,2022-04-10,WO,Apr 2022
Atq -441,Loki Lal,2022-04-10,WO,Apr 2022
Atq -436,Phoenix Brady,2022-04-10,WO,Apr 2022
Atq -404,Ana Little,2022-04-10,WO,Apr 2022
Atq -397,Grace Stone,2022-04-10,WO,Apr 2022
Atq -335,Tori Shannon,2022-04-10,WO,Apr 2022
Atq -443,Lyric Bartlett,2022-04-10,WO,Apr 2022
Atq -419,Kaylah Schultz,2022-04-10,WO,Apr 2022
Atq -467,Cason David,2022-04-10,WO,Apr 2022
Atq -450,Miya Hampton,2022-04-10,WO,Apr 2022
Atq -405,Sofia Solis,2022-04-10,WO,Apr 2022
Atq -440,Mckayla Parker,2022-04-10,WO,Apr 2022
Atq -335,Madelynn Gray,2022-04-10,WO,Apr 2022
Atq -343,Myla Klein,2022-04-10,WO,Apr 2022
Atq -334,Boston Morse,2022-04-10,WO,Apr 2022
Atq -446,April Ayers,2022-04-10,WO,Apr 2022
Atq -419,Faith Hamilton,2022-04-10,WO,Apr 2022
Atq -393,Janelle Raymond,2022-04-10,WO,Apr 2022
Atq -396,Joel Cruz,2022-04-10,WO,Apr 2022
Atq -459,Iris Woodard,2022-04-10,WO,Apr 2022
Atq -349,Trystan Ortega,2022-04-10,WO,Apr 2022
Atq -438,Miles Fields,2022-04-10,WO,Apr 2022
Atq -423,Rodrigo Price,2022-04-10,WO,Apr 2022
Atq -370,Ella Roth,2022-04-10,WO,Apr 2022
Atq -433,Jayce Fuentes,2022-04-10,WO,Apr 2022
Atq -375,Hailee Fitzpatrick,2022-04-10,WO,Apr 2022
Atq -475,Rey Novak,2022-04-10,WO,Apr 2022
Atq -368,Macie Callahan,2022-04-10,WO,Apr 2022
Atq -468,Xiomara Ruiz,2022-04-10,WO,Apr 2022
Atq -348,Weston Horton,2022-04-10,WO,Apr 2022
Atq -435,Dean Mclaughlin,2022-04-10,WO,Apr 2022
Atq -331,Jonah Hamilton,2022-04-10,WO,Apr 2022
Atq -426,Roman Colon,2022-04-10,WO,Apr 2022
Atq -405,Chris Frye,2022-04-10,WO,Apr 2022
Atq -475,London Kim,2022-04-10,WO,Apr 2022
Atq -375,Kenley Marsh,2022-04-10,WO,Apr 2022
Atq -456,Adriel Pace,2022-04-10,WO,Apr 2022
Atq -385,Jase Ingram,2022-04-10,WO,Apr 2022
Atq -484,Adyson Moyer,2022-04-10,WO,Apr 2022
Atq -398,Salvatore Hendrix,2022-04-10,WO,Apr 2022
Atq -412,Tucker Austin,2022-04-10,WO,Apr 2022
Atq -472,Cristofer Bernard,2022-04-10,WO,Apr 2022
Atq -396,Karma Reeves,2022-04-10,WO,Apr 2022
Atq -467,Esperanza Irwin,2022-04-10,WO,Apr 2022
Atq -428,Ciara Allison,2022-04-10,WO,Apr 2022
Atq -484,Demarcus Gordon,2022-04-10,WO,Apr 2022
Atq -432,Ryann Guerrero,2022-04-10,WO,Apr 2022
Atq -421,Rylee Mullins,2022-04-10,WO,Apr 2022
Atq -485,Gregory Carr,2022-04-10,WO,Apr 2022
Atq -452,Ayanna Atkins,2022-04-10,WO,Apr 2022
Atq -367,Briley Orr,2022-04-10,WO,Apr 2022
Atq -393,Emma Freeman,2022-04-10,WO,Apr 2022
Atq -403,Will Mahoney,2022-04-10,WO,Apr 2022
Atq -414,Titus Andersen,2022-04-10,WO,Apr 2022
Atq -418,Marquis Wyatt,2022-04-10,WO,Apr 2022
Atq -408,Nick Orozco,2022-04-10,WO,Apr 2022
Atq -382,Gustavo Ritter,2022-04-10,WO,Apr 2022
Atq -373,Isiah Small,2022-04-10,WO,Apr 2022
Atq -418,Hillary Kirk,2022-04-10,WO,Apr 2022
Atq -376,Dominique Benjamin,2022-04-10,WO,Apr 2022
Atq -453,Nehemiah Diaz,2022-04-10,WO,Apr 2022
Atq -461,Josh Sharp,2022-04-10,WO,Apr 2022
Atq -443,Andrew Cummings,2022-04-10,WO,Apr 2022
Atq -430,Maximus Mckenzie,2022-04-10,WO,Apr 2022
Atq -387,Konner Henson,2022-04-10,WO,Apr 2022
Atq -385,Finnegan Gilbert,2022-04-10,WO,Apr 2022
Atq -455,Caylee Meadows,2022-04-10,WO,Apr 2022
Atq -470,Jovani Pope,2022-04-10,WO,Apr 2022
Atq -374,Kaley Fitzpatrick,2022-04-10,WO,Apr 2022
Atq -369,Greta Horton,2022-04-10,WO,Apr 2022
Atq -372,Miley Combs,2022-04-10,WO,Apr 2022
Atq -437,Dallas Weeks,2022-04-10,WO,Apr 2022
Atq -400,Chad Macias,2022-04-10,WO,Apr 2022
Atq -458,Jessie Carrillo,2022-04-10,WO,Apr 2022
Atq -406,Thanos Thakur,2022-04-11,P,Apr 2022
Atq -462,Jarvis Singh,2022-04-11,P,Apr 2022
Atq -411,Nevaeh Waller,2022-04-11,P,Apr 2022
Atq -398,Bo Cordova,2022-04-11,PL,Apr 2022
Atq -438,Mekhi Singleton,2022-04-11,P,Apr 2022
Atq -366,Peter Pandey,2022-04-11,P,Apr 2022
Atq -441,Loki Lal,2022-04-11,P,Apr 2022
Atq -436,Phoenix Brady,2022-04-11,P,Apr 2022
Atq -404,Ana Little,2022-04-11,P,Apr 2022
Atq -397,Grace Stone,2022-04-11,P,Apr 2022
Atq -335,Tori Shannon,2022-04-11,P,Apr 2022
Atq -443,Lyric Bartlett,2022-04-11,P,Apr 2022
Atq -419,Kaylah Schultz,2022-04-11,P,Apr 2022
Atq -467,Cason David,2022-04-11,P,Apr 2022
Atq -450,Miya Hampton,2022-04-11,P,Apr 2022
Atq -405,Sofia Solis,2022-04-11,P,Apr 2022
Atq -440,Mckayla Parker,2022-04-11,P,Apr 2022
Atq -335,Madelynn Gray,2022-04-11,P,Apr 2022
Atq -343,Myla Klein,2022-04-11,P,Apr 2022
Atq -334,Boston Morse,2022-04-11,P,Apr 2022
Atq -446,April Ayers,2022-04-11,P,Apr 2022
Atq -419,Faith Hamilton,2022-04-11,P,Apr 2022
Atq -393,Janelle Raymond,2022-04-11,P,Apr 2022
Atq -396,Joel Cruz,2022-04-11,HML,Apr 2022
Atq -459,Iris Woodard,2022-04-11,P,Apr 2022
Atq -349,Trystan Ortega,2022-04-11,P,Apr 2022
Atq -438,Miles Fields,2022-04-11,P,Apr 2022
Atq -423,Rodrigo Price,2022-04-11,P,Apr 2022
Atq -370,Ella Roth,2022-04-11,P,Apr 2022
Atq -433,Jayce Fuentes,2022-04-11,P,Apr 2022
Atq -375,Hailee Fitzpatrick,2022-04-11,P,Apr 2022
Atq -475,Rey Novak,2022-04-11,P,Apr 2022
Atq -368,Macie Callahan,2022-04-11,P,Apr 2022
Atq -468,Xiomara Ruiz,2022-04-11,P,Apr 2022
Atq -348,Weston Horton,2022-04-11,P,Apr 2022
Atq -435,Dean Mclaughlin,2022-04-11,P,Apr 2022
Atq -331,Jonah Hamilton,2022-04-11,P,Apr 2022
Atq -426,Roman Colon,2022-04-11,P,Apr 2022
Atq -405,Chris Frye,2022-04-11,P,Apr 2022
Atq -475,London Kim,2022-04-11,P,Apr 2022
Atq -375,Kenley Marsh,2022-04-11,P,Apr 2022
Atq -456,Adriel Pace,2022-04-11,P,Apr 2022
Atq -385,Jase Ingram,2022-04-11,P,Apr 2022
Atq -484,Adyson Moyer,2022-04-11,P,Apr 2022
Atq -398,Salvatore Hendrix,2022-04-11,P,Apr 2022
Atq -412,Tucker Austin,2022-04-11,P,Apr 2022
Atq -472,Cristofer Bernard,2022-04-11,P,Apr 2022
Atq -396,Karma Reeves,2022-04-11,P,Apr 2022
Atq -467,Esperanza Irwin,2022-04-11,P,Apr 2022
Atq -428,Ciara Allison,2022-04-11,P,Apr 2022
Atq -484,Demarcus Gordon,2022-04-11,PL,Apr 2022
Atq -432,Ryann Guerrero,2022-04-11,P,Apr 2022
Atq -421,Rylee Mullins,2022-04-11,P,Apr 2022
Atq -485,Gregory Carr,2022-04-11,WFH,Apr 2022
Atq -452,Ayanna Atkins,2022-04-11,P,Apr 2022
Atq -367,Briley Orr,2022-04-11,P,Apr 2022
Atq -393,Emma Freeman,2022-04-11,P,Apr 2022
Atq -403,Will Mahoney,2022-04-11,P,Apr 2022
Atq -414,Titus Andersen,2022-04-11,P,Apr 2022
Atq -418,Marquis Wyatt,2022-04-11,P,Apr 2022
Atq -408,Nick Orozco,2022-04-11,P,Apr 2022
Atq -382,Gustavo Ritter,2022-04-11,WFH,Apr 2022
Atq -373,Isiah Small,2022-04-11,P,Apr 2022
Atq -418,Hillary Kirk,2022-04-11,P,Apr 2022
Atq -376,Dominique Benjamin,2022-04-11,P,Apr 2022
Atq -453,Nehemiah Diaz,2022-04-11,P,Apr 2022
Atq -461,Josh Sharp,2022-04-11,P,Apr 2022
Atq -443,Andrew Cummings,2022-04-11,P,Apr 2022
Atq -430,Maximus Mckenzie,2022-04-11,WFH,Apr 2022
Atq -387,Konner Henson,2022-04-11,P,Apr 2022
Atq -385,Finnegan Gilbert,2022-04-11,P,Apr 2022
Atq -455,Caylee Meadows,2022-04-11,P,Apr 2022
Atq -470,Jovani Pope,2022-04-11,P,Apr 2022
Atq -374,Kaley Fitzpatrick,2022-04-11,P,Apr 2022
Atq -369,Greta Horton,2022-04-11,P,Apr 2022
Atq -372,Miley Combs,2022-04-11,P,Apr 2022
Atq -437,Dallas Weeks,2022-04-11,P,Apr 2022
Atq -400,Chad Macias,2022-04-11,P,Apr 2022
Atq -458,Jessie Carrillo,2022-04-11,P,Apr 2022
Atq -406,Thanos Thakur,2022-04-12,P,Apr 2022
Atq -462,Jarvis Singh,2022-04-12,P,Apr 2022
Atq -411,Nevaeh Waller,2022-04-12,P,Apr 2022
Atq -398,Bo Cordova,2022-04-12,PL,Apr 2022
Atq -438,Mekhi Singleton,2022-04-12,P,Apr 2022
Atq -366,Peter Pandey,2022-04-12,P,Apr 2022
Atq -441,Loki Lal,2022-04-12,P,Apr 2022
Atq -436,Phoenix Brady,2022-04-12,P,Apr 2022
Atq -404,Ana Little,2022-04-12,P,Apr 2022
Atq -397,Grace Stone,2022-04-12,P,Apr 2022
Atq -335,Tori Shannon,2022-04-12,P,Apr 2022
Atq -443,Lyric Bartlett,2022-04-12,P,Apr 2022
Atq -419,Kaylah Schultz,2022-04-12,P,Apr 2022
Atq -467,Cason David,2022-04-12,P,Apr 2022
Atq -450,Miya Hampton,2022-04-12,P,Apr 2022
Atq -405,Sofia Solis,2022-04-12,P,Apr 2022
Atq -440,Mckayla Parker,2022-04-12,P,Apr 2022
Atq -335,Madelynn Gray,2022-04-12,P,Apr 2022
Atq -343,Myla Klein,2022-04-12,P,Apr 2022
Atq -334,Boston Morse,2022-04-12,P,Apr 2022
Atq -446,April Ayers,2022-04-12,P,Apr 2022
Atq -419,Faith Hamilton,2022-04-12,P,Apr 2022
Atq -393,Janelle Raymond,2022-04-12,P,Apr 2022
Atq -396,Joel Cruz,2022-04-12,WFH,Apr 2022
Atq -459,Iris Woodard,2022-04-12,P,Apr 2022
Atq -349,Trystan Ortega,2022-04-12,P,Apr 2022
Atq -438,Miles Fields,2022-04-12,P,Apr 2022
Atq -423,Rodrigo Price,2022-04-12,P,Apr 2022
Atq -370,Ella Roth,2022-04-12,P,Apr 2022
Atq -433,Jayce Fuentes,2022-04-12,P,Apr 2022
Atq -375,Hailee Fitzpatrick,2022-04-12,P,Apr 2022
Atq -475,Rey Novak,2022-04-12,P,Apr 2022
Atq -368,Macie Callahan,2022-04-12,HSL,Apr 2022
Atq -468,Xiomara Ruiz,2022-04-12,P,Apr 2022
Atq -348,Weston Horton,2022-04-12,P,Apr 2022
Atq -435,Dean Mclaughlin,2022-04-12,P,Apr 2022
Atq -331,Jonah Hamilton,2022-04-12,P,Apr 2022
Atq -405,Chris Frye,2022-04-12,P,Apr 2022
Atq -475,London Kim,2022-04-12,P,Apr 2022
Atq -375,Kenley Marsh,2022-04-12,P,Apr 2022
Atq -456,Adriel Pace,2022-04-12,P,Apr 2022
Atq -385,Jase Ingram,2022-04-12,P,Apr 2022
Atq -484,Adyson Moyer,2022-04-12,P,Apr 2022
Atq -398,Salvatore Hendrix,2022-04-12,P,Apr 2022
Atq -412,Tucker Austin,2022-04-12,P,Apr 2022
Atq -472,Cristofer Bernard,2022-04-12,P,Apr 2022
Atq -396,Karma Reeves,2022-04-12,P,Apr 2022
Atq -467,Esperanza Irwin,2022-04-12,P,Apr 2022
Atq -428,Ciara Allison,2022-04-12,P,Apr 2022
Atq -484,Demarcus Gordon,2022-04-12,PL,Apr 2022
Atq -432,Ryann Guerrero,2022-04-12,P,Apr 2022
Atq -421,Rylee Mullins,2022-04-12,P,Apr 2022
Atq -485,Gregory Carr,2022-04-12,WFH,Apr 2022
Atq -452,Ayanna Atkins,2022-04-12,P,Apr 2022
Atq -367,Briley Orr,2022-04-12,P,Apr 2022
Atq -393,Emma Freeman,2022-04-12,LWP,Apr 2022
Atq -403,Will Mahoney,2022-04-12,P,Apr 2022
Atq -414,Titus Andersen,2022-04-12,P,Apr 2022
Atq -418,Marquis Wyatt,2022-04-12,P,Apr 2022
Atq -408,Nick Orozco,2022-04-12,P,Apr 2022
Atq -382,Gustavo Ritter,2022-04-12,WFH,Apr 2022
Atq -373,Isiah Small,2022-04-12,P,Apr 2022
Atq -418,Hillary Kirk,2022-04-12,P,Apr 2022
Atq -376,Dominique Benjamin,2022-04-12,P,Apr 2022
Atq -453,Nehemiah Diaz,2022-04-12,P,Apr 2022
Atq -461,Josh Sharp,2022-04-12,P,Apr 2022
Atq -443,Andrew Cummings,2022-04-12,P,Apr 2022
Atq -430,Maximus Mckenzie,2022-04-12,WFH,Apr 2022
Atq -387,Konner Henson,2022-04-12,P,Apr 2022
Atq -385,Finnegan Gilbert,2022-04-12,P,Apr 2022
Atq -455,Caylee Meadows,2022-04-12,P,Apr 2022
Atq -470,Jovani Pope,2022-04-12,P,Apr 2022
Atq -374,Kaley Fitzpatrick,2022-04-12,P,Apr 2022
Atq -369,Greta Horton,2022-04-12,P,Apr 2022
Atq -372,Miley Combs,2022-04-12,P,Apr 2022
Atq -437,Dallas Weeks,2022-04-12,P,Apr 2022
Atq -400,Chad Macias,2022-04-12,P,Apr 2022
Atq -458,Jessie Carrillo,2022-04-12,P,Apr 2022
Atq -406,Thanos Thakur,2022-04-13,P,Apr 2022
Atq -462,Jarvis Singh,2022-04-13,P,Apr 2022
Atq -411,Nevaeh Waller,2022-04-13,P,Apr 2022
Atq -398,Bo Cordova,2022-04-13,PL,Apr 2022
Atq -438,Mekhi Singleton,2022-04-13,P,Apr 2022
Atq -366,Peter Pandey,2022-04-13,P,Apr 2022
Atq -441,Loki Lal,2022-04-13,P,Apr 2022
Atq -436,Phoenix Brady,2022-04-13,P,Apr 2022
Atq -404,Ana Little,2022-04-13,PL,Apr 2022
Atq -397,Grace Stone,2022-04-13,ML,Apr 2022
Atq -335,Tori Shannon,2022-04-13,P,Apr 2022
Atq -443,Lyric Bartlett,2022-04-13,P,Apr 2022
Atq -419,Kaylah Schultz,2022-04-13,WFH,Apr 2022
Atq -467,Cason David,2022-04-13,WFH,Apr 2022
Atq -450,Miya Hampton,2022-04-13,P,Apr 2022
Atq -405,Sofia Solis,2022-04-13,P,Apr 2022
Atq -440,Mckayla Parker,2022-04-13,P,Apr 2022
Atq -335,Madelynn Gray,2022-04-13,P,Apr 2022
Atq -343,Myla Klein,2022-04-13,PL,Apr 2022
Atq -334,Boston Morse,2022-04-13,P,Apr 2022
Atq -446,April Ayers,2022-04-13,P,Apr 2022
Atq -419,Faith Hamilton,2022-04-13,P,Apr 2022
Atq -396,Joel Cruz,2022-04-13,WFH,Apr 2022
Atq -459,Iris Woodard,2022-04-13,P,Apr 2022
Atq -349,Trystan Ortega,2022-04-13,P,Apr 2022
Atq -438,Miles Fields,2022-04-13,P,Apr 2022
Atq -423,Rodrigo Price,2022-04-13,P,Apr 2022
Atq -370,Ella Roth,2022-04-13,P,Apr 2022
Atq -433,Jayce Fuentes,2022-04-13,P,Apr 2022
Atq -375,Hailee Fitzpatrick,2022-04-13,P,Apr 2022
Atq -475,Rey Novak,2022-04-13,P,Apr 2022
Atq -368,Macie Callahan,2022-04-13,P,Apr 2022
Atq -468,Xiomara Ruiz,2022-04-13,P,Apr 2022
Atq -348,Weston Horton,2022-04-13,P,Apr 2022
Atq -435,Dean Mclaughlin,2022-04-13,ML,Apr 2022
Atq -331,Jonah Hamilton,2022-04-13,SL,Apr 2022
Atq -405,Chris Frye,2022-04-13,P,Apr 2022
Atq -475,London Kim,2022-04-13,P,Apr 2022
Atq -375,Kenley Marsh,2022-04-13,P,Apr 2022
Atq -456,Adriel Pace,2022-04-13,P,Apr 2022
Atq -385,Jase Ingram,2022-04-13,P,Apr 2022
Atq -484,Adyson Moyer,2022-04-13,P,Apr 2022
Atq -398,Salvatore Hendrix,2022-04-13,P,Apr 2022
Atq -412,Tucker Austin,2022-04-13,P,Apr 2022
Atq -472,Cristofer Bernard,2022-04-13,P,Apr 2022
Atq -396,Karma Reeves,2022-04-13,P,Apr 2022
Atq -467,Esperanza Irwin,2022-04-13,P,Apr 2022
Atq -428,Ciara Allison,2022-04-13,P,Apr 2022
Atq -484,Demarcus Gordon,2022-04-13,P,Apr 2022
Atq -432,Ryann Guerrero,2022-04-13,P,Apr 2022
Atq -421,Rylee Mullins,2022-04-13,P,Apr 2022
Atq -485,Gregory Carr,2022-04-13,WFH,Apr 2022
Atq -452,Ayanna Atkins,2022-04-13,P,Apr 2022
Atq -367,Briley Orr,2022-04-13,P,Apr 2022
Atq -393,Emma Freeman,2022-04-13,P,Apr 2022
Atq -403,Will Mahoney,2022-04-13,P,Apr 2022
Atq -414,Titus Andersen,2022-04-13,P,Apr 2022
Atq -418,Marquis Wyatt,2022-04-13,P,Apr 2022
Atq -408,Nick Orozco,2022-04-13,P,Apr 2022
Atq -382,Gustavo Ritter,2022-04-13,WFH,Apr 2022
Atq -373,Isiah Small,2022-04-13,P,Apr 2022
Atq -418,Hillary Kirk,2022-04-13,P,Apr 2022
Atq -376,Dominique Benjamin,2022-04-13,P,Apr 2022
Atq -453,Nehemiah Diaz,2022-04-13,P,Apr 2022
Atq -461,Josh Sharp,2022-04-13,P,Apr 2022
Atq -443,Andrew Cummings,2022-04-13,P,Apr 2022
Atq -430,Maximus Mckenzie,2022-04-13,WFH,Apr 2022
Atq -387,Konner Henson,2022-04-13,P,Apr 2022
Atq -385,Finnegan Gilbert,2022-04-13,P,Apr 2022
Atq -455,Caylee Meadows,2022-04-13,P,Apr 2022
Atq -470,Jovani Pope,2022-04-13,P,Apr 2022
Atq -374,Kaley Fitzpatrick,2022-04-13,P,Apr 2022
Atq -369,Greta Horton,2022-04-13,P,Apr 2022
Atq -372,Miley Combs,2022-04-13,P,Apr 2022
Atq -437,Dallas Weeks,2022-04-13,P,Apr 2022
Atq -400,Chad Macias,2022-04-13,P,Apr 2022
Atq -458,Jessie Carrillo,2022-04-13,P,Apr 2022
Atq -406,Thanos Thakur,2022-04-14,P,Apr 2022
Atq -462,Jarvis Singh,2022-04-14,P,Apr 2022
Atq -411,Nevaeh Waller,2022-04-14,P,Apr 2022
Atq -398,Bo Cordova,2022-04-14,PL,Apr 2022
Atq -438,Mekhi Singleton,2022-04-14,P,Apr 2022
Atq -366,Peter Pandey,2022-04-14,P,Apr 2022
Atq -441,Loki Lal,2022-04-14,P,Apr 2022
Atq -436,Phoenix Brady,2022-04-14,P,Apr 2022
Atq -404,Ana Little,2022-04-14,PL,Apr 2022
Atq -397,Grace Stone,2022-04-14,PL,Apr 2022
Atq -335,Tori Shannon,2022-04-14,P,Apr 2022
Atq -443,Lyric Bartlett,2022-04-14,P,Apr 2022
Atq -419,Kaylah Schultz,2022-04-14,P,Apr 2022
Atq -467,Cason David,2022-04-14,P,Apr 2022
Atq -450,Miya Hampton,2022-04-14,HML,Apr 2022
Atq -405,Sofia Solis,2022-04-14,HPL,Apr 2022
Atq -440,Mckayla Parker,2022-04-14,P,Apr 2022
Atq -335,Madelynn Gray,2022-04-14,P,Apr 2022
Atq -343,Myla Klein,2022-04-14,P,Apr 2022
Atq -334,Boston Morse,2022-04-14,P,Apr 2022
Atq -446,April Ayers,2022-04-14,P,Apr 2022
Atq -419,Faith Hamilton,2022-04-14,P,Apr 2022
Atq -396,Joel Cruz,2022-04-14,WFH,Apr 2022
Atq -459,Iris Woodard,2022-04-14,P,Apr 2022
Atq -349,Trystan Ortega,2022-04-14,P,Apr 2022
Atq -438,Miles Fields,2022-04-14,P,Apr 2022
Atq -423,Rodrigo Price,2022-04-14,P,Apr 2022
Atq -370,Ella Roth,2022-04-14,P,Apr 2022
Atq -433,Jayce Fuentes,2022-04-14,P,Apr 2022
Atq -375,Hailee Fitzpatrick,2022-04-14,P,Apr 2022
Atq -475,Rey Novak,2022-04-14,P,Apr 2022
Atq -368,Macie Callahan,2022-04-14,WFH,Apr 2022
Atq -468,Xiomara Ruiz,2022-04-14,FFL,Apr 2022
Atq -348,Weston Horton,2022-04-14,P,Apr 2022
Atq -435,Dean Mclaughlin,2022-04-14,P,Apr 2022
Atq -331,Jonah Hamilton,2022-04-14,P,Apr 2022
Atq -405,Chris Frye,2022-04-14,WFH,Apr 2022
Atq -475,London Kim,2022-04-14,P,Apr 2022
Atq -375,Kenley Marsh,2022-04-14,PL,Apr 2022
Atq -456,Adriel Pace,2022-04-14,P,Apr 2022
Atq -385,Jase Ingram,2022-04-14,P,Apr 2022
Atq -484,Adyson Moyer,2022-04-14,P,Apr 2022
Atq -398,Salvatore Hendrix,2022-04-14,P,Apr 2022
Atq -412,Tucker Austin,2022-04-14,FFL,Apr 2022
Atq -472,Cristofer Bernard,2022-04-14,P,Apr 2022
Atq -396,Karma Reeves,2022-04-14,FFL,Apr 2022
Atq -467,Esperanza Irwin,2022-04-14,P,Apr 2022
Atq -428,Ciara Allison,2022-04-14,P,Apr 2022
Atq -484,Demarcus Gordon,2022-04-14,P,Apr 2022
Atq -432,Ryann Guerrero,2022-04-14,P,Apr 2022
Atq -421,Rylee Mullins,2022-04-14,P,Apr 2022
Atq -485,Gregory Carr,2022-04-14,WFH,Apr 2022
Atq -452,Ayanna Atkins,2022-04-14,P,Apr 2022
Atq -367,Briley Orr,2022-04-14,P,Apr 2022
Atq -393,Emma Freeman,2022-04-14,P,Apr 2022
Atq -403,Will Mahoney,2022-04-14,P,Apr 2022
Atq -414,Titus Andersen,2022-04-14,P,Apr 2022
Atq -418,Marquis Wyatt,2022-04-14,P,Apr 2022
Atq -408,Nick Orozco,2022-04-14,WFH,Apr 2022
Atq -382,Gustavo Ritter,2022-04-14,WFH,Apr 2022
Atq -373,Isiah Small,2022-04-14,P,Apr 2022
Atq -418,Hillary Kirk,2022-04-14,P,Apr 2022
Atq -376,Dominique Benjamin,2022-04-14,P,Apr 2022
Atq -453,Nehemiah Diaz,2022-04-14,P,Apr 2022
Atq -461,Josh Sharp,2022-04-14,P,Apr 2022
Atq -443,Andrew Cummings,2022-04-14,P,Apr 2022
Atq -430,Maximus Mckenzie,2022-04-14,WFH,Apr 2022
Atq -387,Konner Henson,2022-04-14,P,Apr 2022
Atq -385,Finnegan Gilbert,2022-04-14,P,Apr 2022
Atq -455,Caylee Meadows,2022-04-14,P,Apr 2022
Atq -470,Jovani Pope,2022-04-14,P,Apr 2022
Atq -374,Kaley Fitzpatrick,2022-04-14,P,Apr 2022
Atq -369,Greta Horton,2022-04-14,P,Apr 2022
Atq -372,Miley Combs,2022-04-14,P,Apr 2022
Atq -437,Dallas Weeks,2022-04-14,P,Apr 2022
Atq -400,Chad Macias,2022-04-14,P,Apr 2022
Atq -458,Jessie Carrillo,2022-04-14,P,Apr 2022
Atq -406,Thanos Thakur,2022-04-15,P,Apr 2022
Atq -462,Jarvis Singh,2022-04-15,P,Apr 2022
Atq -411,Nevaeh Waller,2022-04-15,P,Apr 2022
Atq -398,Bo Cordova,2022-04-15,PL,Apr 2022
Atq -438,Mekhi Singleton,2022-04-15,P,Apr 2022
Atq -366,Peter Pandey,2022-04-15,P,Apr 2022
Atq -441,Loki Lal,2022-04-15,P,Apr 2022
Atq -436,Phoenix Brady,2022-04-15,PL,Apr 2022
Atq -404,Ana Little,2022-04-15,PL,Apr 2022
Atq -397,Grace Stone,2022-04-15,P,Apr 2022
Atq -335,Tori Shannon,2022-04-15,P,Apr 2022
Atq -443,Lyric Bartlett,2022-04-15,P,Apr 2022
Atq -419,Kaylah Schultz,2022-04-15,P,Apr 2022
Atq -467,Cason David,2022-04-15,P,Apr 2022
Atq -450,Miya Hampton,2022-04-15,P,Apr 2022
Atq -405,Sofia Solis,2022-04-15,P,Apr 2022
Atq -440,Mckayla Parker,2022-04-15,P,Apr 2022
Atq -335,Madelynn Gray,2022-04-15,WFH,Apr 2022
Atq -343,Myla Klein,2022-04-15,P,Apr 2022
Atq -334,Boston Morse,2022-04-15,P,Apr 2022
Atq -446,April Ayers,2022-04-15,FFL,Apr 2022
Atq -419,Faith Hamilton,2022-04-15,P,Apr 2022
Atq -396,Joel Cruz,2022-04-15,WFH,Apr 2022
Atq -459,Iris Woodard,2022-04-15,P,Apr 2022
Atq -349,Trystan Ortega,2022-04-15,P,Apr 2022
Atq -438,Miles Fields,2022-04-15,P,Apr 2022
Atq -423,Rodrigo Price,2022-04-15,P,Apr 2022
Atq -370,Ella Roth,2022-04-15,P,Apr 2022
Atq -433,Jayce Fuentes,2022-04-15,P,Apr 2022
Atq -375,Hailee Fitzpatrick,2022-04-15,P,Apr 2022
Atq -475,Rey Novak,2022-04-15,P,Apr 2022
Atq -368,Macie Callahan,2022-04-15,WFH,Apr 2022
Atq -468,Xiomara Ruiz,2022-04-15,P,Apr 2022
Atq -348,Weston Horton,2022-04-15,P,Apr 2022
Atq -435,Dean Mclaughlin,2022-04-15,P,Apr 2022
Atq -331,Jonah Hamilton,2022-04-15,P,Apr 2022
Atq -405,Chris Frye,2022-04-15,FFL,Apr 2022
Atq -475,London Kim,2022-04-15,FFL,Apr 2022
Atq -375,Kenley Marsh,2022-04-15,HPL,Apr 2022
Atq -456,Adriel Pace,2022-04-15,P,Apr 2022
Atq -385,Jase Ingram,2022-04-15,P,Apr 2022
Atq -484,Adyson Moyer,2022-04-15,WFH,Apr 2022
Atq -398,Salvatore Hendrix,2022-04-15,P,Apr 2022
Atq -412,Tucker Austin,2022-04-15,P,Apr 2022
Atq -472,Cristofer Bernard,2022-04-15,P,Apr 2022
Atq -396,Karma Reeves,2022-04-15,P,Apr 2022
Atq -467,Esperanza Irwin,2022-04-15,P,Apr 2022
Atq -428,Ciara Allison,2022-04-15,P,Apr 2022
Atq -484,Demarcus Gordon,2022-04-15,P,Apr 2022
Atq -432,Ryann Guerrero,2022-04-15,P,Apr 2022
Atq -421,Rylee Mullins,2022-04-15,PL,Apr 2022
Atq -485,Gregory Carr,2022-04-15,WFH,Apr 2022
Atq -452,Ayanna Atkins,2022-04-15,P,Apr 2022
Atq -367,Briley Orr,2022-04-15,P,Apr 2022
Atq -393,Emma Freeman,2022-04-15,P,Apr 2022
Atq -403,Will Mahoney,2022-04-15,P,Apr 2022
Atq -414,Titus Andersen,2022-04-15,P,Apr 2022
Atq -418,Marquis Wyatt,2022-04-15,P,Apr 2022
Atq -408,Nick Orozco,2022-04-15,P,Apr 2022
Atq -382,Gustavo Ritter,2022-04-15,WFH,Apr 2022
Atq -373,Isiah Small,2022-04-15,P,Apr 2022
Atq -418,Hillary Kirk,2022-04-15,P,Apr 2022
Atq -376,Dominique Benjamin,2022-04-15,P,Apr 2022
Atq -453,Nehemiah Diaz,2022-04-15,P,Apr 2022
Atq -461,Josh Sharp,2022-04-15,P,Apr 2022
Atq -443,Andrew Cummings,2022-04-15,P,Apr 2022
Atq -430,Maximus Mckenzie,2022-04-15,WFH,Apr 2022
Atq -387,Konner Henson,2022-04-15,LWP,Apr 2022
Atq -385,Finnegan Gilbert,2022-04-15,P,Apr 2022
Atq -455,Caylee Meadows,2022-04-15,WFH,Apr 2022
Atq -470,Jovani Pope,2022-04-15,P,Apr 2022
Atq -374,Kaley Fitzpatrick,2022-04-15,P,Apr 2022
Atq -369,Greta Horton,2022-04-15,P,Apr 2022
Atq -372,Miley Combs,2022-04-15,P,Apr 2022
Atq -437,Dallas Weeks,2022-04-15,P,Apr 2022
Atq -400,Chad Macias,2022-04-15,P,Apr 2022
Atq -458,Jessie Carrillo,2022-04-15,WFH,Apr 2022
Atq -406,Thanos Thakur,2022-04-16,WO,Apr 2022
Atq -462,Jarvis Singh,2022-04-16,WO,Apr 2022
Atq -411,Nevaeh Waller,2022-04-16,WO,Apr 2022
Atq -398,Bo Cordova,2022-04-16,WO,Apr 2022
Atq -438,Mekhi Singleton,2022-04-16,WO,Apr 2022
Atq -366,Peter Pandey,2022-04-16,WO,Apr 2022
Atq -441,Loki Lal,2022-04-16,WO,Apr 2022
Atq -436,Phoenix Brady,2022-04-16,WO,Apr 2022
Atq -404,Ana Little,2022-04-16,WO,Apr 2022
Atq -397,Grace Stone,2022-04-16,WO,Apr 2022
Atq -335,Tori Shannon,2022-04-16,WO,Apr 2022
Atq -443,Lyric Bartlett,2022-04-16,WO,Apr 2022
Atq -419,Kaylah Schultz,2022-04-16,WO,Apr 2022
Atq -467,Cason David,2022-04-16,WO,Apr 2022
Atq -450,Miya Hampton,2022-04-16,WO,Apr 2022
Atq -405,Sofia Solis,2022-04-16,WO,Apr 2022
Atq -440,Mckayla Parker,2022-04-16,WO,Apr 2022
Atq -335,Madelynn Gray,2022-04-16,WO,Apr 2022
Atq -343,Myla Klein,2022-04-16,WO,Apr 2022
Atq -334,Boston Morse,2022-04-16,WO,Apr 2022
Atq -446,April Ayers,2022-04-16,WO,Apr 2022
Atq -419,Faith Hamilton,2022-04-16,WO,Apr 2022
Atq -393,Janelle Raymond,2022-04-16,WO,Apr 2022
Atq -396,Joel Cruz,2022-04-16,WO,Apr 2022
Atq -459,Iris Woodard,2022-04-16,WO,Apr 2022
Atq -349,Trystan Ortega,2022-04-16,WO,Apr 2022
Atq -438,Miles Fields,2022-04-16,WO,Apr 2022
Atq -423,Rodrigo Price,2022-04-16,WO,Apr 2022
Atq -370,Ella Roth,2022-04-16,WO,Apr 2022
Atq -433,Jayce Fuentes,2022-04-16,WO,Apr 2022
Atq -375,Hailee Fitzpatrick,2022-04-16,WO,Apr 2022
Atq -475,Rey Novak,2022-04-16,WO,Apr 2022
Atq -368,Macie Callahan,2022-04-16,WO,Apr 2022
Atq -468,Xiomara Ruiz,2022-04-16,WO,Apr 2022
Atq -348,Weston Horton,2022-04-16,WO,Apr 2022
Atq -435,Dean Mclaughlin,2022-04-16,WO,Apr 2022
Atq -331,Jonah Hamilton,2022-04-16,WO,Apr 2022
Atq -426,Roman Colon,2022-04-16,WO,Apr 2022
Atq -405,Chris Frye,2022-04-16,WO,Apr 2022
Atq -475,London Kim,2022-04-16,WO,Apr 2022
Atq -375,Kenley Marsh,2022-04-16,WO,Apr 2022
Atq -456,Adriel Pace,2022-04-16,WO,Apr 2022
Atq -385,Jase Ingram,2022-04-16,WO,Apr 2022
Atq -484,Adyson Moyer,2022-04-16,WO,Apr 2022
Atq -398,Salvatore Hendrix,2022-04-16,WO,Apr 2022
Atq -412,Tucker Austin,2022-04-16,WO,Apr 2022
Atq -472,Cristofer Bernard,2022-04-16,WO,Apr 2022
Atq -396,Karma Reeves,2022-04-16,WO,Apr 2022
Atq -467,Esperanza Irwin,2022-04-16,WO,Apr 2022
Atq -428,Ciara Allison,2022-04-16,WO,Apr 2022
Atq -484,Demarcus Gordon,2022-04-16,WO,Apr 2022
Atq -432,Ryann Guerrero,2022-04-16,WO,Apr 2022
Atq -421,Rylee Mullins,2022-04-16,WO,Apr 2022
Atq -485,Gregory Carr,2022-04-16,WO,Apr 2022
Atq -452,Ayanna Atkins,2022-04-16,WO,Apr 2022
Atq -367,Briley Orr,2022-04-16,WO,Apr 2022
Atq -393,Emma Freeman,2022-04-16,WO,Apr 2022
Atq -403,Will Mahoney,2022-04-16,WO,Apr 2022
Atq -414,Titus Andersen,2022-04-16,WO,Apr 2022
Atq -418,Marquis Wyatt,2022-04-16,WO,Apr 2022
Atq -408,Nick Orozco,2022-04-16,WO,Apr 2022
Atq -382,Gustavo Ritter,2022-04-16,WO,Apr 2022
Atq -373,Isiah Small,2022-04-16,WO,Apr 2022
Atq -418,Hillary Kirk,2022-04-16,WO,Apr 2022
Atq -376,Dominique Benjamin,2022-04-16,WO,Apr 2022
Atq -453,Nehemiah Diaz,2022-04-16,WO,Apr 2022
Atq -461,Josh Sharp,2022-04-16,WO,Apr 2022
Atq -443,Andrew Cummings,2022-04-16,WO,Apr 2022
Atq -430,Maximus Mckenzie,2022-04-16,WO,Apr 2022
Atq -387,Konner Henson,2022-04-16,WO,Apr 2022
Atq -385,Finnegan Gilbert,2022-04-16,WO,Apr 2022
Atq -455,Caylee Meadows,2022-04-16,WO,Apr 2022
Atq -470,Jovani Pope,2022-04-16,WO,Apr 2022
Atq -374,Kaley Fitzpatrick,2022-04-16,WO,Apr 2022
Atq -369,Greta Horton,2022-04-16,WO,Apr 2022
Atq -372,Miley Combs,2022-04-16,WO,Apr 2022
Atq -437,Dallas Weeks,2022-04-16,WO,Apr 2022
Atq -400,Chad Macias,2022-04-16,WO,Apr 2022
Atq -458,Jessie Carrillo,2022-04-16,WO,Apr 2022
Atq -406,Thanos Thakur,2022-04-17,WO,Apr 2022
Atq -462,Jarvis Singh,2022-04-17,WO,Apr 2022
Atq -411,Nevaeh Waller,2022-04-17,WO,Apr 2022
Atq -398,Bo Cordova,2022-04-17,WO,Apr 2022
Atq -438,Mekhi Singleton,2022-04-17,WO,Apr 2022
Atq -366,Peter Pandey,2022-04-17,WO,Apr 2022
Atq -441,Loki Lal,2022-04-17,WO,Apr 2022
Atq -436,Phoenix Brady,2022-04-17,WO,Apr 2022
Atq -404,Ana Little,2022-04-17,WO,Apr 2022
Atq -397,Grace Stone,2022-04-17,WO,Apr 2022
Atq -335,Tori Shannon,2022-04-17,WO,Apr 2022
Atq -443,Lyric Bartlett,2022-04-17,WO,Apr 2022
Atq -419,Kaylah Schultz,2022-04-17,WO,Apr 2022
Atq -467,Cason David,2022-04-17,WO,Apr 2022
Atq -450,Miya Hampton,2022-04-17,WO,Apr 2022
Atq -405,Sofia Solis,2022-04-17,WO,Apr 2022
Atq -440,Mckayla Parker,2022-04-17,WO,Apr 2022
Atq -335,Madelynn Gray,2022-04-17,WO,Apr 2022
Atq -343,Myla Klein,2022-04-17,WO,Apr 2022
Atq -334,Boston Morse,2022-04-17,WO,Apr 2022
Atq -446,April Ayers,2022-04-17,WO,Apr 2022
Atq -419,Faith Hamilton,2022-04-17,WO,Apr 2022
Atq -393,Janelle Raymond,2022-04-17,WO,Apr 2022
Atq -396,Joel Cruz,2022-04-17,WO,Apr 2022
Atq -459,Iris Woodard,2022-04-17,WO,Apr 2022
Atq -349,Trystan Ortega,2022-04-17,WO,Apr 2022
Atq -438,Miles Fields,2022-04-17,WO,Apr 2022
Atq -423,Rodrigo Price,2022-04-17,WO,Apr 2022
Atq -370,Ella Roth,2022-04-17,WO,Apr 2022
Atq -433,Jayce Fuentes,2022-04-17,WO,Apr 2022
Atq -375,Hailee Fitzpatrick,2022-04-17,WO,Apr 2022
Atq -475,Rey Novak,2022-04-17,WO,Apr 2022
Atq -368,Macie Callahan,2022-04-17,WO,Apr 2022
Atq -468,Xiomara Ruiz,2022-04-17,WO,Apr 2022
Atq -348,Weston Horton,2022-04-17,WO,Apr 2022
Atq -435,Dean Mclaughlin,2022-04-17,WO,Apr 2022
Atq -331,Jonah Hamilton,2022-04-17,WO,Apr 2022
Atq -426,Roman Colon,2022-04-17,WO,Apr 2022
Atq -405,Chris Frye,2022-04-17,WO,Apr 2022
Atq -475,London Kim,2022-04-17,WO,Apr 2022
Atq -375,Kenley Marsh,2022-04-17,WO,Apr 2022
Atq -456,Adriel Pace,2022-04-17,WO,Apr 2022
Atq -385,Jase Ingram,2022-04-17,WO,Apr 2022
Atq -484,Adyson Moyer,2022-04-17,WO,Apr 2022
Atq -398,Salvatore Hendrix,2022-04-17,WO,Apr 2022
Atq -412,Tucker Austin,2022-04-17,WO,Apr 2022
Atq -472,Cristofer Bernard,2022-04-17,WO,Apr 2022
Atq -396,Karma Reeves,2022-04-17,WO,Apr 2022
Atq -467,Esperanza Irwin,2022-04-17,WO,Apr 2022
Atq -428,Ciara Allison,2022-04-17,WO,Apr 2022
Atq -484,Demarcus Gordon,2022-04-17,WO,Apr 2022
Atq -432,Ryann Guerrero,2022-04-17,WO,Apr 2022
Atq -421,Rylee Mullins,2022-04-17,WO,Apr 2022
Atq -485,Gregory Carr,2022-04-17,WO,Apr 2022
Atq -452,Ayanna Atkins,2022-04-17,WO,Apr 2022
Atq -367,Briley Orr,2022-04-17,WO,Apr 2022
Atq -393,Emma Freeman,2022-04-17,WO,Apr 2022
Atq -403,Will Mahoney,2022-04-17,WO,Apr 2022
Atq -414,Titus Andersen,2022-04-17,WO,Apr 2022
Atq -418,Marquis Wyatt,2022-04-17,WO,Apr 2022
Atq -408,Nick Orozco,2022-04-17,WO,Apr 2022
Atq -382,Gustavo Ritter,2022-04-17,WO,Apr 2022
Atq -373,Isiah Small,2022-04-17,WO,Apr 2022
Atq -418,Hillary Kirk,2022-04-17,WO,Apr 2022
Atq -376,Dominique Benjamin,2022-04-17,WO,Apr 2022
Atq -453,Nehemiah Diaz,2022-04-17,WO,Apr 2022
Atq -461,Josh Sharp,2022-04-17,WO,Apr 2022
Atq -443,Andrew Cummings,2022-04-17,WO,Apr 2022
Atq -430,Maximus Mckenzie,2022-04-17,WO,Apr 2022
Atq -387,Konner Henson,2022-04-17,WO,Apr 2022
Atq -385,Finnegan Gilbert,2022-04-17,WO,Apr 2022
Atq -455,Caylee Meadows,2022-04-17,WO,Apr 2022
Atq -470,Jovani Pope,2022-04-17,WO,Apr 2022
Atq -374,Kaley Fitzpatrick,2022-04-17,WO,Apr 2022
Atq -369,Greta Horton,2022-04-17,WO,Apr 2022
Atq -372,Miley Combs,2022-04-17,WO,Apr 2022
Atq -437,Dallas Weeks,2022-04-17,WO,Apr 2022
Atq -400,Chad Macias,2022-04-17,WO,Apr 2022
Atq -458,Jessie Carrillo,2022-04-17,WO,Apr 2022
Atq -406,Thanos Thakur,2022-04-18,P,Apr 2022
Atq -462,Jarvis Singh,2022-04-18,P,Apr 2022
Atq -411,Nevaeh Waller,2022-04-18,P,Apr 2022
Atq -398,Bo Cordova,2022-04-18,P,Apr 2022
Atq -438,Mekhi Singleton,2022-04-18,P,Apr 2022
Atq -366,Peter Pandey,2022-04-18,P,Apr 2022
Atq -441,Loki Lal,2022-04-18,P,Apr 2022
Atq -436,Phoenix Brady,2022-04-18,PL,Apr 2022
Atq -404,Ana Little,2022-04-18,P,Apr 2022
Atq -397,Grace Stone,2022-04-18,P,Apr 2022
Atq -335,Tori Shannon,2022-04-18,P,Apr 2022
Atq -443,Lyric Bartlett,2022-04-18,P,Apr 2022
Atq -419,Kaylah Schultz,2022-04-18,P,Apr 2022
Atq -467,Cason David,2022-04-18,P,Apr 2022
Atq -450,Miya Hampton,2022-04-18,P,Apr 2022
Atq -405,Sofia Solis,2022-04-18,P,Apr 2022
Atq -440,Mckayla Parker,2022-04-18,P,Apr 2022
Atq -335,Madelynn Gray,2022-04-18,PL,Apr 2022
Atq -343,Myla Klein,2022-04-18,P,Apr 2022
Atq -334,Boston Morse,2022-04-18,P,Apr 2022
Atq -446,April Ayers,2022-04-18,P,Apr 2022
Atq -419,Faith Hamilton,2022-04-18,P,Apr 2022
Atq -396,Joel Cruz,2022-04-18,WFH,Apr 2022
Atq -459,Iris Woodard,2022-04-18,P,Apr 2022
Atq -349,Trystan Ortega,2022-04-18,P,Apr 2022
Atq -438,Miles Fields,2022-04-18,P,Apr 2022
Atq -423,Rodrigo Price,2022-04-18,P,Apr 2022
Atq -370,Ella Roth,2022-04-18,P,Apr 2022
Atq -433,Jayce Fuentes,2022-04-18,P,Apr 2022
Atq -375,Hailee Fitzpatrick,2022-04-18,P,Apr 2022
Atq -475,Rey Novak,2022-04-18,P,Apr 2022
Atq -368,Macie Callahan,2022-04-18,P,Apr 2022
Atq -468,Xiomara Ruiz,2022-04-18,P,Apr 2022
Atq -348,Weston Horton,2022-04-18,P,Apr 2022
Atq -435,Dean Mclaughlin,2022-04-18,P,Apr 2022
Atq -331,Jonah Hamilton,2022-04-18,P,Apr 2022
Atq -405,Chris Frye,2022-04-18,P,Apr 2022
Atq -475,London Kim,2022-04-18,P,Apr 2022
Atq -375,Kenley Marsh,2022-04-18,P,Apr 2022
Atq -456,Adriel Pace,2022-04-18,P,Apr 2022
Atq -385,Jase Ingram,2022-04-18,P,Apr 2022
Atq -484,Adyson Moyer,2022-04-18,P,Apr 2022
Atq -398,Salvatore Hendrix,2022-04-18,P,Apr 2022
Atq -412,Tucker Austin,2022-04-18,P,Apr 2022
Atq -472,Cristofer Bernard,2022-04-18,P,Apr 2022
Atq -396,Karma Reeves,2022-04-18,P,Apr 2022
Atq -467,Esperanza Irwin,2022-04-18,P,Apr 2022
Atq -428,Ciara Allison,2022-04-18,P,Apr 2022
Atq -484,Demarcus Gordon,2022-04-18,P,Apr 2022
Atq -432,Ryann Guerrero,2022-04-18,P,Apr 2022
Atq -421,Rylee Mullins,2022-04-18,P,Apr 2022
Atq -485,Gregory Carr,2022-04-18,LWP,Apr 2022
Atq -452,Ayanna Atkins,2022-04-18,P,Apr 2022
Atq -367,Briley Orr,2022-04-18,P,Apr 2022
Atq -393,Emma Freeman,2022-04-18,P,Apr 2022
Atq -403,Will Mahoney,2022-04-18,P,Apr 2022
Atq -414,Titus Andersen,2022-04-18,P,Apr 2022
Atq -418,Marquis Wyatt,2022-04-18,P,Apr 2022
Atq -408,Nick Orozco,2022-04-18,P,Apr 2022
Atq -382,Gustavo Ritter,2022-04-18,WFH,Apr 2022
Atq -373,Isiah Small,2022-04-18,P,Apr 2022
Atq -418,Hillary Kirk,2022-04-18,P,Apr 2022
Atq -376,Dominique Benjamin,2022-04-18,P,Apr 2022
Atq -453,Nehemiah Diaz,2022-04-18,P,Apr 2022
Atq -461,Josh Sharp,2022-04-18,P,Apr 2022
Atq -443,Andrew Cummings,2022-04-18,WFH,Apr 2022
Atq -430,Maximus Mckenzie,2022-04-18,WFH,Apr 2022
Atq -387,Konner Henson,2022-04-18,P,Apr 2022
Atq -385,Finnegan Gilbert,2022-04-18,P,Apr 2022
Atq -455,Caylee Meadows,2022-04-18,P,Apr 2022
Atq -470,Jovani Pope,2022-04-18,P,Apr 2022
Atq -374,Kaley Fitzpatrick,2022-04-18,P,Apr 2022
Atq -369,Greta Horton,2022-04-18,P,Apr 2022
Atq -372,Miley Combs,2022-04-18,P,Apr 2022
Atq -437,Dallas Weeks,2022-04-18,P,Apr 2022
Atq -400,Chad Macias,2022-04-18,P,Apr 2022
Atq -458,Jessie Carrillo,2022-04-18,P,Apr 2022
Atq -406,Thanos Thakur,2022-04-19,P,Apr 2022
Atq -462,Jarvis Singh,2022-04-19,P,Apr 2022
Atq -411,Nevaeh Waller,2022-04-19,P,Apr 2022
Atq -398,Bo Cordova,2022-04-19,P,Apr 2022
Atq -438,Mekhi Singleton,2022-04-19,P,Apr 2022
Atq -366,Peter Pandey,2022-04-19,P,Apr 2022
Atq -441,Loki Lal,2022-04-19,P,Apr 2022
Atq -436,Phoenix Brady,2022-04-19,PL,Apr 2022
Atq -404,Ana Little,2022-04-19,P,Apr 2022
Atq -397,Grace Stone,2022-04-19,P,Apr 2022
Atq -335,Tori Shannon,2022-04-19,P,Apr 2022
Atq -443,Lyric Bartlett,2022-04-19,P,Apr 2022
Atq -419,Kaylah Schultz,2022-04-19,P,Apr 2022
Atq -467,Cason David,2022-04-19,P,Apr 2022
Atq -450,Miya Hampton,2022-04-19,PL,Apr 2022
Atq -405,Sofia Solis,2022-04-19,P,Apr 2022
Atq -440,Mckayla Parker,2022-04-19,P,Apr 2022
Atq -335,Madelynn Gray,2022-04-19,PL,Apr 2022
Atq -343,Myla Klein,2022-04-19,P,Apr 2022
Atq -334,Boston Morse,2022-04-19,P,Apr 2022
Atq -446,April Ayers,2022-04-19,P,Apr 2022
Atq -419,Faith Hamilton,2022-04-19,P,Apr 2022
Atq -396,Joel Cruz,2022-04-19,WFH,Apr 2022
Atq -459,Iris Woodard,2022-04-19,P,Apr 2022
Atq -349,Trystan Ortega,2022-04-19,P,Apr 2022
Atq -438,Miles Fields,2022-04-19,P,Apr 2022
Atq -423,Rodrigo Price,2022-04-19,P,Apr 2022
Atq -370,Ella Roth,2022-04-19,SL,Apr 2022
Atq -433,Jayce Fuentes,2022-04-19,P,Apr 2022
Atq -375,Hailee Fitzpatrick,2022-04-19,P,Apr 2022
Atq -475,Rey Novak,2022-04-19,P,Apr 2022
Atq -368,Macie Callahan,2022-04-19,P,Apr 2022
Atq -468,Xiomara Ruiz,2022-04-19,P,Apr 2022
Atq -348,Weston Horton,2022-04-19,P,Apr 2022
Atq -435,Dean Mclaughlin,2022-04-19,P,Apr 2022
Atq -331,Jonah Hamilton,2022-04-19,P,Apr 2022
Atq -405,Chris Frye,2022-04-19,P,Apr 2022
Atq -475,London Kim,2022-04-19,P,Apr 2022
Atq -375,Kenley Marsh,2022-04-19,P,Apr 2022
Atq -456,Adriel Pace,2022-04-19,P,Apr 2022
Atq -385,Jase Ingram,2022-04-19,P,Apr 2022
Atq -484,Adyson Moyer,2022-04-19,P,Apr 2022
Atq -398,Salvatore Hendrix,2022-04-19,P,Apr 2022
Atq -412,Tucker Austin,2022-04-19,P,Apr 2022
Atq -472,Cristofer Bernard,2022-04-19,P,Apr 2022
Atq -396,Karma Reeves,2022-04-19,P,Apr 2022
Atq -467,Esperanza Irwin,2022-04-19,P,Apr 2022
Atq -428,Ciara Allison,2022-04-19,P,Apr 2022
Atq -484,Demarcus Gordon,2022-04-19,P,Apr 2022
Atq -432,Ryann Guerrero,2022-04-19,P,Apr 2022
Atq -421,Rylee Mullins,2022-04-19,P,Apr 2022
Atq -485,Gregory Carr,2022-04-19,LWP,Apr 2022
Atq -452,Ayanna Atkins,2022-04-19,P,Apr 2022
Atq -367,Briley Orr,2022-04-19,P,Apr 2022
Atq -393,Emma Freeman,2022-04-19,P,Apr 2022
Atq -403,Will Mahoney,2022-04-19,P,Apr 2022
Atq -414,Titus Andersen,2022-04-19,P,Apr 2022
Atq -418,Marquis Wyatt,2022-04-19,P,Apr 2022
Atq -408,Nick Orozco,2022-04-19,P,Apr 2022
Atq -382,Gustavo Ritter,2022-04-19,WFH,Apr 2022
Atq -373,Isiah Small,2022-04-19,P,Apr 2022
Atq -418,Hillary Kirk,2022-04-19,P,Apr 2022
Atq -376,Dominique Benjamin,2022-04-19,P,Apr 2022
Atq -453,Nehemiah Diaz,2022-04-19,P,Apr 2022
Atq -461,Josh Sharp,2022-04-19,P,Apr 2022
Atq -443,Andrew Cummings,2022-04-19,WFH,Apr 2022
Atq -430,Maximus Mckenzie,2022-04-19,WFH,Apr 2022
Atq -387,Konner Henson,2022-04-19,P,Apr 2022
Atq -385,Finnegan Gilbert,2022-04-19,P,Apr 2022
Atq -455,Caylee Meadows,2022-04-19,P,Apr 2022
Atq -470,Jovani Pope,2022-04-19,P,Apr 2022
Atq -374,Kaley Fitzpatrick,2022-04-19,P,Apr 2022
Atq -369,Greta Horton,2022-04-19,P,Apr 2022
Atq -372,Miley Combs,2022-04-19,P,Apr 2022
Atq -437,Dallas Weeks,2022-04-19,P,Apr 2022
Atq -400,Chad Macias,2022-04-19,WFH,Apr 2022
Atq -458,Jessie Carrillo,2022-04-19,P,Apr 2022
Atq -406,Thanos Thakur,2022-04-20,P,Apr 2022
Atq -462,Jarvis Singh,2022-04-20,P,Apr 2022
Atq -411,Nevaeh Waller,2022-04-20,P,Apr 2022
Atq -398,Bo Cordova,2022-04-20,P,Apr 2022
Atq -438,Mekhi Singleton,2022-04-20,P,Apr 2022
Atq -366,Peter Pandey,2022-04-20,P,Apr 2022
Atq -441,Loki Lal,2022-04-20,P,Apr 2022
Atq -436,Phoenix Brady,2022-04-20,P,Apr 2022
Atq -404,Ana Little,2022-04-20,P,Apr 2022
Atq -397,Grace Stone,2022-04-20,P,Apr 2022
Atq -335,Tori Shannon,2022-04-20,P,Apr 2022
Atq -443,Lyric Bartlett,2022-04-20,P,Apr 2022
Atq -419,Kaylah Schultz,2022-04-20,P,Apr 2022
Atq -467,Cason David,2022-04-20,P,Apr 2022
Atq -450,Miya Hampton,2022-04-20,P,Apr 2022
Atq -405,Sofia Solis,2022-04-20,P,Apr 2022
Atq -440,Mckayla Parker,2022-04-20,P,Apr 2022
Atq -335,Madelynn Gray,2022-04-20,PL,Apr 2022
Atq -343,Myla Klein,2022-04-20,P,Apr 2022
Atq -334,Boston Morse,2022-04-20,P,Apr 2022
Atq -446,April Ayers,2022-04-20,P,Apr 2022
Atq -419,Faith Hamilton,2022-04-20,P,Apr 2022
Atq -396,Joel Cruz,2022-04-20,WFH,Apr 2022
Atq -459,Iris Woodard,2022-04-20,P,Apr 2022
Atq -349,Trystan Ortega,2022-04-20,ML,Apr 2022
Atq -438,Miles Fields,2022-04-20,P,Apr 2022
Atq -423,Rodrigo Price,2022-04-20,P,Apr 2022
Atq -370,Ella Roth,2022-04-20,P,Apr 2022
Atq -433,Jayce Fuentes,2022-04-20,P,Apr 2022
Atq -375,Hailee Fitzpatrick,2022-04-20,P,Apr 2022
Atq -475,Rey Novak,2022-04-20,P,Apr 2022
Atq -368,Macie Callahan,2022-04-20,P,Apr 2022
Atq -468,Xiomara Ruiz,2022-04-20,P,Apr 2022
Atq -348,Weston Horton,2022-04-20,P,Apr 2022
Atq -435,Dean Mclaughlin,2022-04-20,PL,Apr 2022
Atq -331,Jonah Hamilton,2022-04-20,P,Apr 2022
Atq -405,Chris Frye,2022-04-20,P,Apr 2022
Atq -475,London Kim,2022-04-20,P,Apr 2022
Atq -375,Kenley Marsh,2022-04-20,P,Apr 2022
Atq -456,Adriel Pace,2022-04-20,P,Apr 2022
Atq -385,Jase Ingram,2022-04-20,P,Apr 2022
Atq -484,Adyson Moyer,2022-04-20,P,Apr 2022
Atq -398,Salvatore Hendrix,2022-04-20,P,Apr 2022
Atq -412,Tucker Austin,2022-04-20,P,Apr 2022
Atq -472,Cristofer Bernard,2022-04-20,P,Apr 2022
Atq -396,Karma Reeves,2022-04-20,P,Apr 2022
Atq -467,Esperanza Irwin,2022-04-20,P,Apr 2022
Atq -428,Ciara Allison,2022-04-20,P,Apr 2022
Atq -484,Demarcus Gordon,2022-04-20,P,Apr 2022
Atq -432,Ryann Guerrero,2022-04-20,P,Apr 2022
Atq -421,Rylee Mullins,2022-04-20,P,Apr 2022
Atq -485,Gregory Carr,2022-04-20,LWP,Apr 2022
Atq -452,Ayanna Atkins,2022-04-20,P,Apr 2022
Atq -367,Briley Orr,2022-04-20,P,Apr 2022
Atq -393,Emma Freeman,2022-04-20,P,Apr 2022
Atq -403,Will Mahoney,2022-04-20,PL,Apr 2022
Atq -414,Titus Andersen,2022-04-20,P,Apr 2022
Atq -418,Marquis Wyatt,2022-04-20,P,Apr 2022
Atq -408,Nick Orozco,2022-04-20,P,Apr 2022
Atq -382,Gustavo Ritter,2022-04-20,WFH,Apr 2022
Atq -373,Isiah Small,2022-04-20,P,Apr 2022
Atq -418,Hillary Kirk,2022-04-20,P,Apr 2022
Atq -376,Dominique Benjamin,2022-04-20,P,Apr 2022
Atq -453,Nehemiah Diaz,2022-04-20,P,Apr 2022
Atq -461,Josh Sharp,2022-04-20,P,Apr 2022
Atq -443,Andrew Cummings,2022-04-20,WFH,Apr 2022
Atq -430,Maximus Mckenzie,2022-04-20,WFH,Apr 2022
Atq -387,Konner Henson,2022-04-20,P,Apr 2022
Atq -385,Finnegan Gilbert,2022-04-20,P,Apr 2022
Atq -455,Caylee Meadows,2022-04-20,P,Apr 2022
Atq -470,Jovani Pope,2022-04-20,P,Apr 2022
Atq -374,Kaley Fitzpatrick,2022-04-20,P,Apr 2022
Atq -369,Greta Horton,2022-04-20,P,Apr 2022
Atq -372,Miley Combs,2022-04-20,P,Apr 2022
Atq -437,Dallas Weeks,2022-04-20,P,Apr 2022
Atq -400,Chad Macias,2022-04-20,P,Apr 2022
Atq -458,Jessie Carrillo,2022-04-20,P,Apr 2022
Atq -406,Thanos Thakur,2022-04-21,P,Apr 2022
Atq -462,Jarvis Singh,2022-04-21,P,Apr 2022
Atq -411,Nevaeh Waller,2022-04-21,P,Apr 2022
Atq -398,Bo Cordova,2022-04-21,P,Apr 2022
Atq -438,Mekhi Singleton,2022-04-21,P,Apr 2022
Atq -366,Peter Pandey,2022-04-21,P,Apr 2022
Atq -441,Loki Lal,2022-04-21,P,Apr 2022
Atq -436,Phoenix Brady,2022-04-21,P,Apr 2022
Atq -404,Ana Little,2022-04-21,P,Apr 2022
Atq -397,Grace Stone,2022-04-21,P,Apr 2022
Atq -335,Tori Shannon,2022-04-21,P,Apr 2022
Atq -443,Lyric Bartlett,2022-04-21,P,Apr 2022
Atq -419,Kaylah Schultz,2022-04-21,WFH,Apr 2022
Atq -467,Cason David,2022-04-21,P,Apr 2022
Atq -450,Miya Hampton,2022-04-21,P,Apr 2022
Atq -405,Sofia Solis,2022-04-21,P,Apr 2022
Atq -440,Mckayla Parker,2022-04-21,P,Apr 2022
Atq -335,Madelynn Gray,2022-04-21,PL,Apr 2022
Atq -343,Myla Klein,2022-04-21,P,Apr 2022
Atq -334,Boston Morse,2022-04-21,P,Apr 2022
Atq -446,April Ayers,2022-04-21,P,Apr 2022
Atq -419,Faith Hamilton,2022-04-21,P,Apr 2022
Atq -396,Joel Cruz,2022-04-21,WFH,Apr 2022
Atq -459,Iris Woodard,2022-04-21,P,Apr 2022
Atq -349,Trystan Ortega,2022-04-21,P,Apr 2022
Atq -438,Miles Fields,2022-04-21,P,Apr 2022
Atq -423,Rodrigo Price,2022-04-21,P,Apr 2022
Atq -370,Ella Roth,2022-04-21,P,Apr 2022
Atq -433,Jayce Fuentes,2022-04-21,P,Apr 2022
Atq -375,Hailee Fitzpatrick,2022-04-21,P,Apr 2022
Atq -475,Rey Novak,2022-04-21,P,Apr 2022
Atq -368,Macie Callahan,2022-04-21,P,Apr 2022
Atq -468,Xiomara Ruiz,2022-04-21,P,Apr 2022
Atq -348,Weston Horton,2022-04-21,PL,Apr 2022
Atq -435,Dean Mclaughlin,2022-04-21,P,Apr 2022
Atq -331,Jonah Hamilton,2022-04-21,P,Apr 2022
Atq -405,Chris Frye,2022-04-21,WFH,Apr 2022
Atq -475,London Kim,2022-04-21,P,Apr 2022
Atq -375,Kenley Marsh,2022-04-21,P,Apr 2022
Atq -456,Adriel Pace,2022-04-21,P,Apr 2022
Atq -385,Jase Ingram,2022-04-21,P,Apr 2022
Atq -484,Adyson Moyer,2022-04-21,P,Apr 2022
Atq -398,Salvatore Hendrix,2022-04-21,SL,Apr 2022
Atq -412,Tucker Austin,2022-04-21,P,Apr 2022
Atq -472,Cristofer Bernard,2022-04-21,P,Apr 2022
Atq -396,Karma Reeves,2022-04-21,P,Apr 2022
Atq -467,Esperanza Irwin,2022-04-21,P,Apr 2022
Atq -428,Ciara Allison,2022-04-21,P,Apr 2022
Atq -484,Demarcus Gordon,2022-04-21,P,Apr 2022
Atq -432,Ryann Guerrero,2022-04-21,P,Apr 2022
Atq -421,Rylee Mullins,2022-04-21,P,Apr 2022
Atq -485,Gregory Carr,2022-04-21,LWP,Apr 2022
Atq -452,Ayanna Atkins,2022-04-21,P,Apr 2022
Atq -367,Briley Orr,2022-04-21,WFH,Apr 2022
Atq -393,Emma Freeman,2022-04-21,P,Apr 2022
Atq -403,Will Mahoney,2022-04-21,PL,Apr 2022
Atq -414,Titus Andersen,2022-04-21,P,Apr 2022
Atq -418,Marquis Wyatt,2022-04-21,P,Apr 2022
Atq -408,Nick Orozco,2022-04-21,WFH,Apr 2022
Atq -382,Gustavo Ritter,2022-04-21,WFH,Apr 2022
Atq -373,Isiah Small,2022-04-21,P,Apr 2022
Atq -418,Hillary Kirk,2022-04-21,P,Apr 2022
Atq -376,Dominique Benjamin,2022-04-21,P,Apr 2022
Atq -453,Nehemiah Diaz,2022-04-21,P,Apr 2022
Atq -461,Josh Sharp,2022-04-21,P,Apr 2022
Atq -443,Andrew Cummings,2022-04-21,WFH,Apr 2022
Atq -430,Maximus Mckenzie,2022-04-21,WFH,Apr 2022
Atq -387,Konner Henson,2022-04-21,P,Apr 2022
Atq -385,Finnegan Gilbert,2022-04-21,P,Apr 2022
Atq -455,Caylee Meadows,2022-04-21,P,Apr 2022
Atq -470,Jovani Pope,2022-04-21,P,Apr 2022
Atq -374,Kaley Fitzpatrick,2022-04-21,P,Apr 2022
Atq -369,Greta Horton,2022-04-21,P,Apr 2022
Atq -372,Miley Combs,2022-04-21,P,Apr 2022
Atq -437,Dallas Weeks,2022-04-21,P,Apr 2022
Atq -400,Chad Macias,2022-04-21,P,Apr 2022
Atq -458,Jessie Carrillo,2022-04-21,P,Apr 2022
Atq -406,Thanos Thakur,2022-04-22,P,Apr 2022
Atq -462,Jarvis Singh,2022-04-22,P,Apr 2022
Atq -411,Nevaeh Waller,2022-04-22,P,Apr 2022
Atq -398,Bo Cordova,2022-04-22,P,Apr 2022
Atq -438,Mekhi Singleton,2022-04-22,P,Apr 2022
Atq -366,Peter Pandey,2022-04-22,P,Apr 2022
Atq -441,Loki Lal,2022-04-22,P,Apr 2022
Atq -436,Phoenix Brady,2022-04-22,P,Apr 2022
Atq -404,Ana Little,2022-04-22,P,Apr 2022
Atq -397,Grace Stone,2022-04-22,P,Apr 2022
Atq -335,Tori Shannon,2022-04-22,P,Apr 2022
Atq -443,Lyric Bartlett,2022-04-22,P,Apr 2022
Atq -419,Kaylah Schultz,2022-04-22,P,Apr 2022
Atq -467,Cason David,2022-04-22,P,Apr 2022
Atq -450,Miya Hampton,2022-04-22,P,Apr 2022
Atq -405,Sofia Solis,2022-04-22,P,Apr 2022
Atq -440,Mckayla Parker,2022-04-22,P,Apr 2022
Atq -335,Madelynn Gray,2022-04-22,PL,Apr 2022
Atq -343,Myla Klein,2022-04-22,P,Apr 2022
Atq -334,Boston Morse,2022-04-22,P,Apr 2022
Atq -446,April Ayers,2022-04-22,P,Apr 2022
Atq -419,Faith Hamilton,2022-04-22,P,Apr 2022
Atq -396,Joel Cruz,2022-04-22,WFH,Apr 2022
Atq -459,Iris Woodard,2022-04-22,P,Apr 2022
Atq -349,Trystan Ortega,2022-04-22,P,Apr 2022
Atq -438,Miles Fields,2022-04-22,P,Apr 2022
Atq -423,Rodrigo Price,2022-04-22,P,Apr 2022
Atq -370,Ella Roth,2022-04-22,P,Apr 2022
Atq -433,Jayce Fuentes,2022-04-22,P,Apr 2022
Atq -375,Hailee Fitzpatrick,2022-04-22,P,Apr 2022
Atq -475,Rey Novak,2022-04-22,P,Apr 2022
Atq -368,Macie Callahan,2022-04-22,P,Apr 2022
Atq -468,Xiomara Ruiz,2022-04-22,P,Apr 2022
Atq -348,Weston Horton,2022-04-22,PL,Apr 2022
Atq -435,Dean Mclaughlin,2022-04-22,P,Apr 2022
Atq -331,Jonah Hamilton,2022-04-22,PL,Apr 2022
Atq -405,Chris Frye,2022-04-22,WFH,Apr 2022
Atq -475,London Kim,2022-04-22,P,Apr 2022
Atq -375,Kenley Marsh,2022-04-22,P,Apr 2022
Atq -456,Adriel Pace,2022-04-22,P,Apr 2022
Atq -385,Jase Ingram,2022-04-22,P,Apr 2022
Atq -484,Adyson Moyer,2022-04-22,P,Apr 2022
Atq -398,Salvatore Hendrix,2022-04-22,P,Apr 2022
Atq -412,Tucker Austin,2022-04-22,P,Apr 2022
Atq -472,Cristofer Bernard,2022-04-22,P,Apr 2022
Atq -396,Karma Reeves,2022-04-22,P,Apr 2022
Atq -467,Esperanza Irwin,2022-04-22,P,Apr 2022
Atq -428,Ciara Allison,2022-04-22,P,Apr 2022
Atq -484,Demarcus Gordon,2022-04-22,P,Apr 2022
Atq -432,Ryann Guerrero,2022-04-22,P,Apr 2022
Atq -421,Rylee Mullins,2022-04-22,P,Apr 2022
Atq -485,Gregory Carr,2022-04-22,LWP,Apr 2022
Atq -452,Ayanna Atkins,2022-04-22,P,Apr 2022
Atq -367,Briley Orr,2022-04-22,P,Apr 2022
Atq -393,Emma Freeman,2022-04-22,P,Apr 2022
Atq -403,Will Mahoney,2022-04-22,PL,Apr 2022
Atq -414,Titus Andersen,2022-04-22,P,Apr 2022
Atq -418,Marquis Wyatt,2022-04-22,P,Apr 2022
Atq -408,Nick Orozco,2022-04-22,WFH,Apr 2022
Atq -382,Gustavo Ritter,2022-04-22,WFH,Apr 2022
Atq -373,Isiah Small,2022-04-22,P,Apr 2022
Atq -418,Hillary Kirk,2022-04-22,P,Apr 2022
Atq -376,Dominique Benjamin,2022-04-22,P,Apr 2022
Atq -453,Nehemiah Diaz,2022-04-22,P,Apr 2022
Atq -461,Josh Sharp,2022-04-22,P,Apr 2022
Atq -443,Andrew Cummings,2022-04-22,WFH,Apr 2022
Atq -430,Maximus Mckenzie,2022-04-22,WFH,Apr 2022
Atq -387,Konner Henson,2022-04-22,P,Apr 2022
Atq -385,Finnegan Gilbert,2022-04-22,WFH,Apr 2022
Atq -455,Caylee Meadows,2022-04-22,P,Apr 2022
Atq -470,Jovani Pope,2022-04-22,WFH,Apr 2022
Atq -374,Kaley Fitzpatrick,2022-04-22,WFH,Apr 2022
Atq -369,Greta Horton,2022-04-22,P,Apr 2022
Atq -372,Miley Combs,2022-04-22,P,Apr 2022
Atq -437,Dallas Weeks,2022-04-22,P,Apr 2022
Atq -400,Chad Macias,2022-04-22,WFH,Apr 2022
Atq -458,Jessie Carrillo,2022-04-22,P,Apr 2022
Atq -406,Thanos Thakur,2022-04-23,WO,Apr 2022
Atq -462,Jarvis Singh,2022-04-23,WO,Apr 2022
Atq -411,Nevaeh Waller,2022-04-23,WO,Apr 2022
Atq -398,Bo Cordova,2022-04-23,WO,Apr 2022
Atq -438,Mekhi Singleton,2022-04-23,WO,Apr 2022
Atq -366,Peter Pandey,2022-04-23,WO,Apr 2022
Atq -441,Loki Lal,2022-04-23,WO,Apr 2022
Atq -436,Phoenix Brady,2022-04-23,WO,Apr 2022
Atq -404,Ana Little,2022-04-23,WO,Apr 2022
Atq -397,Grace Stone,2022-04-23,WO,Apr 2022
Atq -335,Tori Shannon,2022-04-23,WO,Apr 2022
Atq -443,Lyric Bartlett,2022-04-23,WO,Apr 2022
Atq -419,Kaylah Schultz,2022-04-23,WO,Apr 2022
Atq -467,Cason David,2022-04-23,WO,Apr 2022
Atq -450,Miya Hampton,2022-04-23,WO,Apr 2022
Atq -405,Sofia Solis,2022-04-23,WO,Apr 2022
Atq -440,Mckayla Parker,2022-04-23,WO,Apr 2022
Atq -335,Madelynn Gray,2022-04-23,WO,Apr 2022
Atq -343,Myla Klein,2022-04-23,WO,Apr 2022
Atq -334,Boston Morse,2022-04-23,WO,Apr 2022
Atq -446,April Ayers,2022-04-23,WO,Apr 2022
Atq -419,Faith Hamilton,2022-04-23,WO,Apr 2022
Atq -393,Janelle Raymond,2022-04-23,WO,Apr 2022
Atq -396,Joel Cruz,2022-04-23,WO,Apr 2022
Atq -459,Iris Woodard,2022-04-23,WO,Apr 2022
Atq -349,Trystan Ortega,2022-04-23,WO,Apr 2022
Atq -438,Miles Fields,2022-04-23,WO,Apr 2022
Atq -423,Rodrigo Price,2022-04-23,WO,Apr 2022
Atq -370,Ella Roth,2022-04-23,WO,Apr 2022
Atq -433,Jayce Fuentes,2022-04-23,WO,Apr 2022
Atq -375,Hailee Fitzpatrick,2022-04-23,WO,Apr 2022
Atq -475,Rey Novak,2022-04-23,WO,Apr 2022
Atq -368,Macie Callahan,2022-04-23,WO,Apr 2022
Atq -468,Xiomara Ruiz,2022-04-23,WO,Apr 2022
Atq -348,Weston Horton,2022-04-23,WO,Apr 2022
Atq -435,Dean Mclaughlin,2022-04-23,WO,Apr 2022
Atq -331,Jonah Hamilton,2022-04-23,WO,Apr 2022
Atq -426,Roman Colon,2022-04-23,WO,Apr 2022
Atq -405,Chris Frye,2022-04-23,WO,Apr 2022
Atq -475,London Kim,2022-04-23,WO,Apr 2022
Atq -375,Kenley Marsh,2022-04-23,WO,Apr 2022
Atq -456,Adriel Pace,2022-04-23,WO,Apr 2022
Atq -385,Jase Ingram,2022-04-23,WO,Apr 2022
Atq -484,Adyson Moyer,2022-04-23,WO,Apr 2022
Atq -398,Salvatore Hendrix,2022-04-23,WO,Apr 2022
Atq -412,Tucker Austin,2022-04-23,WO,Apr 2022
Atq -472,Cristofer Bernard,2022-04-23,WO,Apr 2022
Atq -396,Karma Reeves,2022-04-23,WO,Apr 2022
Atq -467,Esperanza Irwin,2022-04-23,WO,Apr 2022
Atq -428,Ciara Allison,2022-04-23,WO,Apr 2022
Atq -484,Demarcus Gordon,2022-04-23,WO,Apr 2022
Atq -432,Ryann Guerrero,2022-04-23,WO,Apr 2022
Atq -421,Rylee Mullins,2022-04-23,WO,Apr 2022
Atq -485,Gregory Carr,2022-04-23,WO,Apr 2022
Atq -452,Ayanna Atkins,2022-04-23,WO,Apr 2022
Atq -367,Briley Orr,2022-04-23,WO,Apr 2022
Atq -393,Emma Freeman,2022-04-23,WO,Apr 2022
Atq -403,Will Mahoney,2022-04-23,WO,Apr 2022
Atq -414,Titus Andersen,2022-04-23,WO,Apr 2022
Atq -418,Marquis Wyatt,2022-04-23,WO,Apr 2022
Atq -408,Nick Orozco,2022-04-23,WO,Apr 2022
Atq -382,Gustavo Ritter,2022-04-23,WO,Apr 2022
Atq -373,Isiah Small,2022-04-23,WO,Apr 2022
Atq -418,Hillary Kirk,2022-04-23,WO,Apr 2022
Atq -376,Dominique Benjamin,2022-04-23,WO,Apr 2022
Atq -453,Nehemiah Diaz,2022-04-23,WO,Apr 2022
Atq -461,Josh Sharp,2022-04-23,WO,Apr 2022
Atq -443,Andrew Cummings,2022-04-23,WO,Apr 2022
Atq -430,Maximus Mckenzie,2022-04-23,WO,Apr 2022
Atq -387,Konner Henson,2022-04-23,WO,Apr 2022
Atq -385,Finnegan Gilbert,2022-04-23,WO,Apr 2022
Atq -455,Caylee Meadows,2022-04-23,WO,Apr 2022
Atq -470,Jovani Pope,2022-04-23,WO,Apr 2022
Atq -374,Kaley Fitzpatrick,2022-04-23,WO,Apr 2022
Atq -369,Greta Horton,2022-04-23,WO,Apr 2022
Atq -372,Miley Combs,2022-04-23,WO,Apr 2022
Atq -437,Dallas Weeks,2022-04-23,WO,Apr 2022
Atq -400,Chad Macias,2022-04-23,WO,Apr 2022
Atq -458,Jessie Carrillo,2022-04-23,WO,Apr 2022
Atq -406,Thanos Thakur,2022-04-24,WO,Apr 2022
Atq -462,Jarvis Singh,2022-04-24,WO,Apr 2022
Atq -411,Nevaeh Waller,2022-04-24,WO,Apr 2022
Atq -398,Bo Cordova,2022-04-24,WO,Apr 2022
Atq -438,Mekhi Singleton,2022-04-24,WO,Apr 2022
Atq -366,Peter Pandey,2022-04-24,WO,Apr 2022
Atq -441,Loki Lal,2022-04-24,WO,Apr 2022
Atq -436,Phoenix Brady,2022-04-24,WO,Apr 2022
Atq -404,Ana Little,2022-04-24,WO,Apr 2022
Atq -397,Grace Stone,2022-04-24,WO,Apr 2022
Atq -335,Tori Shannon,2022-04-24,WO,Apr 2022
Atq -443,Lyric Bartlett,2022-04-24,WO,Apr 2022
Atq -419,Kaylah Schultz,2022-04-24,WO,Apr 2022
Atq -467,Cason David,2022-04-24,WO,Apr 2022
Atq -450,Miya Hampton,2022-04-24,WO,Apr 2022
Atq -405,Sofia Solis,2022-04-24,WO,Apr 2022
Atq -440,Mckayla Parker,2022-04-24,WO,Apr 2022
Atq -335,Madelynn Gray,2022-04-24,WO,Apr 2022
Atq -343,Myla Klein,2022-04-24,WO,Apr 2022
Atq -334,Boston Morse,2022-04-24,WO,Apr 2022
Atq -446,April Ayers,2022-04-24,WO,Apr 2022
Atq -419,Faith Hamilton,2022-04-24,WO,Apr 2022
Atq -393,Janelle Raymond,2022-04-24,WO,Apr 2022
Atq -396,Joel Cruz,2022-04-24,WO,Apr 2022
Atq -459,Iris Woodard,2022-04-24,WO,Apr 2022
Atq -349,Trystan Ortega,2022-04-24,WO,Apr 2022
Atq -438,Miles Fields,2022-04-24,WO,Apr 2022
Atq -423,Rodrigo Price,2022-04-24,WO,Apr 2022
Atq -370,Ella Roth,2022-04-24,WO,Apr 2022
Atq -433,Jayce Fuentes,2022-04-24,WO,Apr 2022
Atq -375,Hailee Fitzpatrick,2022-04-24,WO,Apr 2022
Atq -475,Rey Novak,2022-04-24,WO,Apr 2022
Atq -368,Macie Callahan,2022-04-24,WO,Apr 2022
Atq -468,Xiomara Ruiz,2022-04-24,WO,Apr 2022
Atq -348,Weston Horton,2022-04-24,WO,Apr 2022
Atq -435,Dean Mclaughlin,2022-04-24,WO,Apr 2022
Atq -331,Jonah Hamilton,2022-04-24,WO,Apr 2022
Atq -426,Roman Colon,2022-04-24,WO,Apr 2022
Atq -405,Chris Frye,2022-04-24,WO,Apr 2022
Atq -475,London Kim,2022-04-24,WO,Apr 2022
Atq -375,Kenley Marsh,2022-04-24,WO,Apr 2022
Atq -456,Adriel Pace,2022-04-24,WO,Apr 2022
Atq -385,Jase Ingram,2022-04-24,WO,Apr 2022
Atq -484,Adyson Moyer,2022-04-24,WO,Apr 2022
Atq -398,Salvatore Hendrix,2022-04-24,WO,Apr 2022
Atq -412,Tucker Austin,2022-04-24,WO,Apr 2022
Atq -472,Cristofer Bernard,2022-04-24,WO,Apr 2022
Atq -396,Karma Reeves,2022-04-24,WO,Apr 2022
Atq -467,Esperanza Irwin,2022-04-24,WO,Apr 2022
Atq -428,Ciara Allison,2022-04-24,WO,Apr 2022
Atq -484,Demarcus Gordon,2022-04-24,WO,Apr 2022
Atq -432,Ryann Guerrero,2022-04-24,WO,Apr 2022
Atq -421,Rylee Mullins,2022-04-24,WO,Apr 2022
Atq -485,Gregory Carr,2022-04-24,WO,Apr 2022
Atq -452,Ayanna Atkins,2022-04-24,WO,Apr 2022
Atq -367,Briley Orr,2022-04-24,WO,Apr 2022
Atq -393,Emma Freeman,2022-04-24,WO,Apr 2022
Atq -403,Will Mahoney,2022-04-24,WO,Apr 2022
Atq -414,Titus Andersen,2022-04-24,WO,Apr 2022
Atq -418,Marquis Wyatt,2022-04-24,WO,Apr 2022
Atq -408,Nick Orozco,2022-04-24,WO,Apr 2022
Atq -382,Gustavo Ritter,2022-04-24,WO,Apr 2022
Atq -373,Isiah Small,2022-04-24,WO,Apr 2022
Atq -418,Hillary Kirk,2022-04-24,WO,Apr 2022
Atq -376,Dominique Benjamin,2022-04-24,WO,Apr 2022
Atq -453,Nehemiah Diaz,2022-04-24,WO,Apr 2022
Atq -461,Josh Sharp,2022-04-24,WO,Apr 2022
Atq -443,Andrew Cummings,2022-04-24,WO,Apr 2022
Atq -430,Maximus Mckenzie,2022-04-24,WO,Apr 2022
Atq -387,Konner Henson,2022-04-24,WO,Apr 2022
Atq -385,Finnegan Gilbert,2022-04-24,WO,Apr 2022
Atq -455,Caylee Meadows,2022-04-24,WO,Apr 2022
Atq -470,Jovani Pope,2022-04-24,WO,Apr 2022
Atq -374,Kaley Fitzpatrick,2022-04-24,WO,Apr 2022
Atq -369,Greta Horton,2022-04-24,WO,Apr 2022
Atq -372,Miley Combs,2022-04-24,WO,Apr 2022
Atq -437,Dallas Weeks,2022-04-24,WO,Apr 2022
Atq -400,Chad Macias,2022-04-24,WO,Apr 2022
Atq -458,Jessie Carrillo,2022-04-24,WO,Apr 2022
Atq -406,Thanos Thakur,2022-04-25,P,Apr 2022
Atq -462,Jarvis Singh,2022-04-25,P,Apr 2022
Atq -411,Nevaeh Waller,2022-04-25,P,Apr 2022
Atq -398,Bo Cordova,2022-04-25,P,Apr 2022
Atq -438,Mekhi Singleton,2022-04-25,P,Apr 2022
Atq -366,Peter Pandey,2022-04-25,PL,Apr 2022
Atq -441,Loki Lal,2022-04-25,P,Apr 2022
Atq -436,Phoenix Brady,2022-04-25,P,Apr 2022
Atq -404,Ana Little,2022-04-25,P,Apr 2022
Atq -397,Grace Stone,2022-04-25,P,Apr 2022
Atq -335,Tori Shannon,2022-04-25,P,Apr 2022
Atq -443,Lyric Bartlett,2022-04-25,P,Apr 2022
Atq -419,Kaylah Schultz,2022-04-25,P,Apr 2022
Atq -467,Cason David,2022-04-25,P,Apr 2022
Atq -450,Miya Hampton,2022-04-25,P,Apr 2022
Atq -405,Sofia Solis,2022-04-25,P,Apr 2022
Atq -440,Mckayla Parker,2022-04-25,P,Apr 2022
Atq -335,Madelynn Gray,2022-04-25,P,Apr 2022
Atq -343,Myla Klein,2022-04-25,P,Apr 2022
Atq -334,Boston Morse,2022-04-25,P,Apr 2022
Atq -446,April Ayers,2022-04-25,P,Apr 2022
Atq -419,Faith Hamilton,2022-04-25,PL,Apr 2022
Atq -396,Joel Cruz,2022-04-25,WFH,Apr 2022
Atq -459,Iris Woodard,2022-04-25,P,Apr 2022
Atq -349,Trystan Ortega,2022-04-25,P,Apr 2022
Atq -438,Miles Fields,2022-04-25,P,Apr 2022
Atq -423,Rodrigo Price,2022-04-25,P,Apr 2022
Atq -370,Ella Roth,2022-04-25,P,Apr 2022
Atq -433,Jayce Fuentes,2022-04-25,P,Apr 2022
Atq -375,Hailee Fitzpatrick,2022-04-25,P,Apr 2022
Atq -475,Rey Novak,2022-04-25,P,Apr 2022
Atq -368,Macie Callahan,2022-04-25,P,Apr 2022
Atq -468,Xiomara Ruiz,2022-04-25,P,Apr 2022
Atq -348,Weston Horton,2022-04-25,P,Apr 2022
Atq -435,Dean Mclaughlin,2022-04-25,P,Apr 2022
Atq -331,Jonah Hamilton,2022-04-25,P,Apr 2022
Atq -405,Chris Frye,2022-04-25,P,Apr 2022
Atq -475,London Kim,2022-04-25,P,Apr 2022
Atq -375,Kenley Marsh,2022-04-25,P,Apr 2022
Atq -456,Adriel Pace,2022-04-25,P,Apr 2022
Atq -385,Jase Ingram,2022-04-25,P,Apr 2022
Atq -484,Adyson Moyer,2022-04-25,P,Apr 2022
Atq -398,Salvatore Hendrix,2022-04-25,P,Apr 2022
Atq -412,Tucker Austin,2022-04-25,P,Apr 2022
Atq -472,Cristofer Bernard,2022-04-25,P,Apr 2022
Atq -396,Karma Reeves,2022-04-25,P,Apr 2022
Atq -467,Esperanza Irwin,2022-04-25,P,Apr 2022
Atq -428,Ciara Allison,2022-04-25,P,Apr 2022
Atq -484,Demarcus Gordon,2022-04-25,P,Apr 2022
Atq -432,Ryann Guerrero,2022-04-25,P,Apr 2022
Atq -421,Rylee Mullins,2022-04-25,P,Apr 2022
Atq -485,Gregory Carr,2022-04-25,LWP,Apr 2022
Atq -452,Ayanna Atkins,2022-04-25,P,Apr 2022
Atq -367,Briley Orr,2022-04-25,P,Apr 2022
Atq -393,Emma Freeman,2022-04-25,WFH,Apr 2022
Atq -403,Will Mahoney,2022-04-25,P,Apr 2022
Atq -414,Titus Andersen,2022-04-25,P,Apr 2022
Atq -418,Marquis Wyatt,2022-04-25,P,Apr 2022
Atq -408,Nick Orozco,2022-04-25,P,Apr 2022
Atq -382,Gustavo Ritter,2022-04-25,WFH,Apr 2022
Atq -373,Isiah Small,2022-04-25,P,Apr 2022
Atq -418,Hillary Kirk,2022-04-25,P,Apr 2022
Atq -376,Dominique Benjamin,2022-04-25,P,Apr 2022
Atq -453,Nehemiah Diaz,2022-04-25,P,Apr 2022
Atq -461,Josh Sharp,2022-04-25,P,Apr 2022
Atq -443,Andrew Cummings,2022-04-25,P,Apr 2022
Atq -430,Maximus Mckenzie,2022-04-25,WFH,Apr 2022
Atq -387,Konner Henson,2022-04-25,P,Apr 2022
Atq -385,Finnegan Gilbert,2022-04-25,P,Apr 2022
Atq -455,Caylee Meadows,2022-04-25,P,Apr 2022
Atq -470,Jovani Pope,2022-04-25,WFH,Apr 2022
Atq -374,Kaley Fitzpatrick,2022-04-25,WFH,Apr 2022
Atq -369,Greta Horton,2022-04-25,P,Apr 2022
Atq -372,Miley Combs,2022-04-25,P,Apr 2022
Atq -437,Dallas Weeks,2022-04-25,P,Apr 2022
Atq -400,Chad Macias,2022-04-25,WFH,Apr 2022
Atq -458,Jessie Carrillo,2022-04-25,P,Apr 2022
Atq -406,Thanos Thakur,2022-04-26,P,Apr 2022
Atq -462,Jarvis Singh,2022-04-26,P,Apr 2022
Atq -411,Nevaeh Waller,2022-04-26,P,Apr 2022
Atq -398,Bo Cordova,2022-04-26,P,Apr 2022
Atq -438,Mekhi Singleton,2022-04-26,P,Apr 2022
Atq -366,Peter Pandey,2022-04-26,P,Apr 2022
Atq -441,Loki Lal,2022-04-26,P,Apr 2022
Atq -436,Phoenix Brady,2022-04-26,P,Apr 2022
Atq -404,Ana Little,2022-04-26,P,Apr 2022
Atq -397,Grace Stone,2022-04-26,P,Apr 2022
Atq -335,Tori Shannon,2022-04-26,P,Apr 2022
Atq -443,Lyric Bartlett,2022-04-26,P,Apr 2022
Atq -419,Kaylah Schultz,2022-04-26,P,Apr 2022
Atq -467,Cason David,2022-04-26,P,Apr 2022
Atq -450,Miya Hampton,2022-04-26,P,Apr 2022
Atq -405,Sofia Solis,2022-04-26,P,Apr 2022
Atq -440,Mckayla Parker,2022-04-26,P,Apr 2022
Atq -335,Madelynn Gray,2022-04-26,P,Apr 2022
Atq -343,Myla Klein,2022-04-26,P,Apr 2022
Atq -334,Boston Morse,2022-04-26,P,Apr 2022
Atq -446,April Ayers,2022-04-26,P,Apr 2022
Atq -419,Faith Hamilton,2022-04-26,P,Apr 2022
Atq -396,Joel Cruz,2022-04-26,WFH,Apr 2022
Atq -459,Iris Woodard,2022-04-26,P,Apr 2022
Atq -349,Trystan Ortega,2022-04-26,HPL,Apr 2022
Atq -438,Miles Fields,2022-04-26,P,Apr 2022
Atq -423,Rodrigo Price,2022-04-26,P,Apr 2022
Atq -370,Ella Roth,2022-04-26,P,Apr 2022
Atq -433,Jayce Fuentes,2022-04-26,P,Apr 2022
Atq -375,Hailee Fitzpatrick,2022-04-26,P,Apr 2022
Atq -475,Rey Novak,2022-04-26,P,Apr 2022
Atq -368,Macie Callahan,2022-04-26,P,Apr 2022
Atq -468,Xiomara Ruiz,2022-04-26,P,Apr 2022
Atq -348,Weston Horton,2022-04-26,P,Apr 2022
Atq -435,Dean Mclaughlin,2022-04-26,P,Apr 2022
Atq -331,Jonah Hamilton,2022-04-26,P,Apr 2022
Atq -405,Chris Frye,2022-04-26,P,Apr 2022
Atq -475,London Kim,2022-04-26,P,Apr 2022
Atq -375,Kenley Marsh,2022-04-26,P,Apr 2022
Atq -456,Adriel Pace,2022-04-26,P,Apr 2022
Atq -385,Jase Ingram,2022-04-26,P,Apr 2022
Atq -484,Adyson Moyer,2022-04-26,P,Apr 2022
Atq -398,Salvatore Hendrix,2022-04-26,P,Apr 2022
Atq -412,Tucker Austin,2022-04-26,P,Apr 2022
Atq -472,Cristofer Bernard,2022-04-26,P,Apr 2022
Atq -396,Karma Reeves,2022-04-26,P,Apr 2022
Atq -467,Esperanza Irwin,2022-04-26,P,Apr 2022
Atq -484,Demarcus Gordon,2022-04-26,P,Apr 2022
Atq -432,Ryann Guerrero,2022-04-26,P,Apr 2022
Atq -421,Rylee Mullins,2022-04-26,P,Apr 2022
Atq -485,Gregory Carr,2022-04-26,LWP,Apr 2022
Atq -452,Ayanna Atkins,2022-04-26,P,Apr 2022
Atq -367,Briley Orr,2022-04-26,P,Apr 2022
Atq -393,Emma Freeman,2022-04-26,P,Apr 2022
Atq -403,Will Mahoney,2022-04-26,P,Apr 2022
Atq -414,Titus Andersen,2022-04-26,P,Apr 2022
Atq -418,Marquis Wyatt,2022-04-26,P,Apr 2022
Atq -408,Nick Orozco,2022-04-26,LWP,Apr 2022
Atq -382,Gustavo Ritter,2022-04-26,WFH,Apr 2022
Atq -373,Isiah Small,2022-04-26,P,Apr 2022
Atq -418,Hillary Kirk,2022-04-26,P,Apr 2022
Atq -376,Dominique Benjamin,2022-04-26,P,Apr 2022
Atq -453,Nehemiah Diaz,2022-04-26,P,Apr 2022
Atq -461,Josh Sharp,2022-04-26,P,Apr 2022
Atq -443,Andrew Cummings,2022-04-26,WFH,Apr 2022
Atq -430,Maximus Mckenzie,2022-04-26,WFH,Apr 2022
Atq -387,Konner Henson,2022-04-26,P,Apr 2022
Atq -385,Finnegan Gilbert,2022-04-26,P,Apr 2022
Atq -455,Caylee Meadows,2022-04-26,WFH,Apr 2022
Atq -470,Jovani Pope,2022-04-26,WFH,Apr 2022
Atq -374,Kaley Fitzpatrick,2022-04-26,WFH,Apr 2022
Atq -369,Greta Horton,2022-04-26,P,Apr 2022
Atq -372,Miley Combs,2022-04-26,P,Apr 2022
Atq -437,Dallas Weeks,2022-04-26,P,Apr 2022
Atq -400,Chad Macias,2022-04-26,P,Apr 2022
Atq -458,Jessie Carrillo,2022-04-26,P,Apr 2022
Atq -406,Thanos Thakur,2022-04-27,P,Apr 2022
Atq -462,Jarvis Singh,2022-04-27,P,Apr 2022
Atq -411,Nevaeh Waller,2022-04-27,P,Apr 2022
Atq -398,Bo Cordova,2022-04-27,WFH,Apr 2022
Atq -438,Mekhi Singleton,2022-04-27,P,Apr 2022
Atq -366,Peter Pandey,2022-04-27,P,Apr 2022
Atq -441,Loki Lal,2022-04-27,P,Apr 2022
Atq -436,Phoenix Brady,2022-04-27,P,Apr 2022
Atq -404,Ana Little,2022-04-27,P,Apr 2022
Atq -397,Grace Stone,2022-04-27,P,Apr 2022
Atq -335,Tori Shannon,2022-04-27,P,Apr 2022
Atq -443,Lyric Bartlett,2022-04-27,P,Apr 2022
Atq -419,Kaylah Schultz,2022-04-27,P,Apr 2022
Atq -467,Cason David,2022-04-27,P,Apr 2022
Atq -450,Miya Hampton,2022-04-27,P,Apr 2022
Atq -405,Sofia Solis,2022-04-27,P,Apr 2022
Atq -440,Mckayla Parker,2022-04-27,P,Apr 2022
Atq -335,Madelynn Gray,2022-04-27,P,Apr 2022
Atq -343,Myla Klein,2022-04-27,P,Apr 2022
Atq -334,Boston Morse,2022-04-27,P,Apr 2022
Atq -446,April Ayers,2022-04-27,P,Apr 2022
Atq -419,Faith Hamilton,2022-04-27,P,Apr 2022
Atq -396,Joel Cruz,2022-04-27,WFH,Apr 2022
Atq -459,Iris Woodard,2022-04-27,P,Apr 2022
Atq -349,Trystan Ortega,2022-04-27,HPL,Apr 2022
Atq -438,Miles Fields,2022-04-27,P,Apr 2022
Atq -423,Rodrigo Price,2022-04-27,P,Apr 2022
Atq -370,Ella Roth,2022-04-27,WFH,Apr 2022
Atq -433,Jayce Fuentes,2022-04-27,P,Apr 2022
Atq -375,Hailee Fitzpatrick,2022-04-27,P,Apr 2022
Atq -475,Rey Novak,2022-04-27,P,Apr 2022
Atq -368,Macie Callahan,2022-04-27,P,Apr 2022
Atq -468,Xiomara Ruiz,2022-04-27,P,Apr 2022
Atq -348,Weston Horton,2022-04-27,P,Apr 2022
Atq -435,Dean Mclaughlin,2022-04-27,P,Apr 2022
Atq -331,Jonah Hamilton,2022-04-27,P,Apr 2022
Atq -405,Chris Frye,2022-04-27,P,Apr 2022
Atq -475,London Kim,2022-04-27,P,Apr 2022
Atq -375,Kenley Marsh,2022-04-27,P,Apr 2022
Atq -456,Adriel Pace,2022-04-27,P,Apr 2022
Atq -385,Jase Ingram,2022-04-27,P,Apr 2022
Atq -484,Adyson Moyer,2022-04-27,P,Apr 2022
Atq -398,Salvatore Hendrix,2022-04-27,P,Apr 2022
Atq -412,Tucker Austin,2022-04-27,P,Apr 2022
Atq -472,Cristofer Bernard,2022-04-27,P,Apr 2022
Atq -396,Karma Reeves,2022-04-27,P,Apr 2022
Atq -467,Esperanza Irwin,2022-04-27,P,Apr 2022
Atq -484,Demarcus Gordon,2022-04-27,P,Apr 2022
Atq -432,Ryann Guerrero,2022-04-27,P,Apr 2022
Atq -421,Rylee Mullins,2022-04-27,P,Apr 2022
Atq -485,Gregory Carr,2022-04-27,LWP,Apr 2022
Atq -452,Ayanna Atkins,2022-04-27,P,Apr 2022
Atq -367,Briley Orr,2022-04-27,P,Apr 2022
Atq -393,Emma Freeman,2022-04-27,P,Apr 2022
Atq -403,Will Mahoney,2022-04-27,P,Apr 2022
Atq -414,Titus Andersen,2022-04-27,P,Apr 2022
Atq -418,Marquis Wyatt,2022-04-27,P,Apr 2022
Atq -408,Nick Orozco,2022-04-27,P,Apr 2022
Atq -382,Gustavo Ritter,2022-04-27,WFH,Apr 2022
Atq -373,Isiah Small,2022-04-27,P,Apr 2022
Atq -418,Hillary Kirk,2022-04-27,P,Apr 2022
Atq -376,Dominique Benjamin,2022-04-27,P,Apr 2022
Atq -453,Nehemiah Diaz,2022-04-27,P,Apr 2022
Atq -461,Josh Sharp,2022-04-27,P,Apr 2022
Atq -443,Andrew Cummings,2022-04-27,WFH,Apr 2022
Atq -430,Maximus Mckenzie,2022-04-27,WFH,Apr 2022
Atq -387,Konner Henson,2022-04-27,P,Apr 2022
Atq -385,Finnegan Gilbert,2022-04-27,P,Apr 2022
Atq -455,Caylee Meadows,2022-04-27,LWP,Apr 2022
Atq -470,Jovani Pope,2022-04-27,WFH,Apr 2022
Atq -374,Kaley Fitzpatrick,2022-04-27,WFH,Apr 2022
Atq -369,Greta Horton,2022-04-27,P,Apr 2022
Atq -372,Miley Combs,2022-04-27,P,Apr 2022
Atq -437,Dallas Weeks,2022-04-27,P,Apr 2022
Atq -400,Chad Macias,2022-04-27,P,Apr 2022
Atq -458,Jessie Carrillo,2022-04-27,P,Apr 2022
Atq -406,Thanos Thakur,2022-04-28,P,Apr 2022
Atq -462,Jarvis Singh,2022-04-28,P,Apr 2022
Atq -411,Nevaeh Waller,2022-04-28,P,Apr 2022
Atq -398,Bo Cordova,2022-04-28,ML,Apr 2022
Atq -438,Mekhi Singleton,2022-04-28,P,Apr 2022
Atq -366,Peter Pandey,2022-04-28,P,Apr 2022
Atq -441,Loki Lal,2022-04-28,P,Apr 2022
Atq -436,Phoenix Brady,2022-04-28,P,Apr 2022
Atq -404,Ana Little,2022-04-28,P,Apr 2022
Atq -397,Grace Stone,2022-04-28,P,Apr 2022
Atq -335,Tori Shannon,2022-04-28,P,Apr 2022
Atq -443,Lyric Bartlett,2022-04-28,P,Apr 2022
Atq -419,Kaylah Schultz,2022-04-28,P,Apr 2022
Atq -467,Cason David,2022-04-28,P,Apr 2022
Atq -450,Miya Hampton,2022-04-28,P,Apr 2022
Atq -405,Sofia Solis,2022-04-28,P,Apr 2022
Atq -440,Mckayla Parker,2022-04-28,SL,Apr 2022
Atq -335,Madelynn Gray,2022-04-28,P,Apr 2022
Atq -343,Myla Klein,2022-04-28,P,Apr 2022
Atq -334,Boston Morse,2022-04-28,P,Apr 2022
Atq -446,April Ayers,2022-04-28,P,Apr 2022
Atq -419,Faith Hamilton,2022-04-28,P,Apr 2022
Atq -396,Joel Cruz,2022-04-28,WFH,Apr 2022
Atq -459,Iris Woodard,2022-04-28,P,Apr 2022
Atq -349,Trystan Ortega,2022-04-28,P,Apr 2022
Atq -438,Miles Fields,2022-04-28,P,Apr 2022
Atq -423,Rodrigo Price,2022-04-28,P,Apr 2022
Atq -370,Ella Roth,2022-04-28,WFH,Apr 2022
Atq -433,Jayce Fuentes,2022-04-28,P,Apr 2022
Atq -375,Hailee Fitzpatrick,2022-04-28,P,Apr 2022
Atq -475,Rey Novak,2022-04-28,P,Apr 2022
Atq -368,Macie Callahan,2022-04-28,P,Apr 2022
Atq -468,Xiomara Ruiz,2022-04-28,P,Apr 2022
Atq -348,Weston Horton,2022-04-28,P,Apr 2022
Atq -435,Dean Mclaughlin,2022-04-28,P,Apr 2022
Atq -331,Jonah Hamilton,2022-04-28,P,Apr 2022
Atq -405,Chris Frye,2022-04-28,WFH,Apr 2022
Atq -475,London Kim,2022-04-28,P,Apr 2022
Atq -375,Kenley Marsh,2022-04-28,P,Apr 2022
Atq -456,Adriel Pace,2022-04-28,P,Apr 2022
Atq -385,Jase Ingram,2022-04-28,PL,Apr 2022
Atq -484,Adyson Moyer,2022-04-28,P,Apr 2022
Atq -398,Salvatore Hendrix,2022-04-28,P,Apr 2022
Atq -412,Tucker Austin,2022-04-28,P,Apr 2022
Atq -472,Cristofer Bernard,2022-04-28,P,Apr 2022
Atq -396,Karma Reeves,2022-04-28,P,Apr 2022
Atq -467,Esperanza Irwin,2022-04-28,P,Apr 2022
Atq -484,Demarcus Gordon,2022-04-28,P,Apr 2022
Atq -432,Ryann Guerrero,2022-04-28,P,Apr 2022
Atq -421,Rylee Mullins,2022-04-28,P,Apr 2022
Atq -485,Gregory Carr,2022-04-28,LWP,Apr 2022
Atq -452,Ayanna Atkins,2022-04-28,P,Apr 2022
Atq -367,Briley Orr,2022-04-28,P,Apr 2022
Atq -393,Emma Freeman,2022-04-28,P,Apr 2022
Atq -403,Will Mahoney,2022-04-28,P,Apr 2022
Atq -414,Titus Andersen,2022-04-28,P,Apr 2022
Atq -418,Marquis Wyatt,2022-04-28,P,Apr 2022
Atq -408,Nick Orozco,2022-04-28,P,Apr 2022
Atq -382,Gustavo Ritter,2022-04-28,WFH,Apr 2022
Atq -373,Isiah Small,2022-04-28,P,Apr 2022
Atq -418,Hillary Kirk,2022-04-28,P,Apr 2022
Atq -376,Dominique Benjamin,2022-04-28,P,Apr 2022
Atq -453,Nehemiah Diaz,2022-04-28,P,Apr 2022
Atq -461,Josh Sharp,2022-04-28,P,Apr 2022
Atq -443,Andrew Cummings,2022-04-28,LWP,Apr 2022
Atq -430,Maximus Mckenzie,2022-04-28,WFH,Apr 2022
Atq -387,Konner Henson,2022-04-28,P,Apr 2022
Atq -385,Finnegan Gilbert,2022-04-28,P,Apr 2022
Atq -455,Caylee Meadows,2022-04-28,LWP,Apr 2022
Atq -470,Jovani Pope,2022-04-28,WFH,Apr 2022
Atq -374,Kaley Fitzpatrick,2022-04-28,WFH,Apr 2022
Atq -369,Greta Horton,2022-04-28,P,Apr 2022
Atq -372,Miley Combs,2022-04-28,P,Apr 2022
Atq -437,Dallas Weeks,2022-04-28,P,Apr 2022
Atq -400,Chad Macias,2022-04-28,P,Apr 2022
Atq -458,Jessie Carrillo,2022-04-28,P,Apr 2022
Atq -406,Thanos Thakur,2022-04-29,P,Apr 2022
Atq -462,Jarvis Singh,2022-04-29,P,Apr 2022
Atq -411,Nevaeh Waller,2022-04-29,P,Apr 2022
Atq -398,Bo Cordova,2022-04-29,WFH,Apr 2022
Atq -438,Mekhi Singleton,2022-04-29,P,Apr 2022
Atq -366,Peter Pandey,2022-04-29,P,Apr 2022
Atq -441,Loki Lal,2022-04-29,P,Apr 2022
Atq -436,Phoenix Brady,2022-04-29,P,Apr 2022
Atq -404,Ana Little,2022-04-29,P,Apr 2022
Atq -397,Grace Stone,2022-04-29,WFH,Apr 2022
Atq -335,Tori Shannon,2022-04-29,P,Apr 2022
Atq -443,Lyric Bartlett,2022-04-29,P,Apr 2022
Atq -419,Kaylah Schultz,2022-04-29,P,Apr 2022
Atq -467,Cason David,2022-04-29,P,Apr 2022
Atq -450,Miya Hampton,2022-04-29,P,Apr 2022
Atq -405,Sofia Solis,2022-04-29,P,Apr 2022
Atq -440,Mckayla Parker,2022-04-29,P,Apr 2022
Atq -335,Madelynn Gray,2022-04-29,P,Apr 2022
Atq -343,Myla Klein,2022-04-29,P,Apr 2022
Atq -334,Boston Morse,2022-04-29,P,Apr 2022
Atq -446,April Ayers,2022-04-29,P,Apr 2022
Atq -419,Faith Hamilton,2022-04-29,P,Apr 2022
Atq -396,Joel Cruz,2022-04-29,WFH,Apr 2022
Atq -459,Iris Woodard,2022-04-29,BL ,Apr 2022
Atq -349,Trystan Ortega,2022-04-29,P,Apr 2022
Atq -438,Miles Fields,2022-04-29,P,Apr 2022
Atq -423,Rodrigo Price,2022-04-29,P,Apr 2022
Atq -370,Ella Roth,2022-04-29,P,Apr 2022
Atq -433,Jayce Fuentes,2022-04-29,P,Apr 2022
Atq -375,Hailee Fitzpatrick,2022-04-29,P,Apr 2022
Atq -475,Rey Novak,2022-04-29,P,Apr 2022
Atq -368,Macie Callahan,2022-04-29,P,Apr 2022
Atq -468,Xiomara Ruiz,2022-04-29,P,Apr 2022
Atq -348,Weston Horton,2022-04-29,P,Apr 2022
Atq -435,Dean Mclaughlin,2022-04-29,P,Apr 2022
Atq -331,Jonah Hamilton,2022-04-29,P,Apr 2022
Atq -405,Chris Frye,2022-04-29,WFH,Apr 2022
Atq -475,London Kim,2022-04-29,P,Apr 2022
Atq -375,Kenley Marsh,2022-04-29,P,Apr 2022
Atq -456,Adriel Pace,2022-04-29,P,Apr 2022
Atq -385,Jase Ingram,2022-04-29,P,Apr 2022
Atq -484,Adyson Moyer,2022-04-29,P,Apr 2022
Atq -398,Salvatore Hendrix,2022-04-29,PL,Apr 2022
Atq -412,Tucker Austin,2022-04-29,P,Apr 2022
Atq -472,Cristofer Bernard,2022-04-29,P,Apr 2022
Atq -396,Karma Reeves,2022-04-29,P,Apr 2022
Atq -467,Esperanza Irwin,2022-04-29,P,Apr 2022
Atq -484,Demarcus Gordon,2022-04-29,P,Apr 2022
Atq -432,Ryann Guerrero,2022-04-29,P,Apr 2022
Atq -421,Rylee Mullins,2022-04-29,P,Apr 2022
Atq -485,Gregory Carr,2022-04-29,LWP,Apr 2022
Atq -452,Ayanna Atkins,2022-04-29,P,Apr 2022
Atq -367,Briley Orr,2022-04-29,P,Apr 2022
Atq -393,Emma Freeman,2022-04-29,P,Apr 2022
Atq -403,Will Mahoney,2022-04-29,P,Apr 2022
Atq -414,Titus Andersen,2022-04-29,P,Apr 2022
Atq -418,Marquis Wyatt,2022-04-29,P,Apr 2022
Atq -408,Nick Orozco,2022-04-29,P,Apr 2022
Atq -382,Gustavo Ritter,2022-04-29,WFH,Apr 2022
Atq -373,Isiah Small,2022-04-29,P,Apr 2022
Atq -418,Hillary Kirk,2022-04-29,P,Apr 2022
Atq -376,Dominique Benjamin,2022-04-29,P,Apr 2022
Atq -453,Nehemiah Diaz,2022-04-29,P,Apr 2022
Atq -461,Josh Sharp,2022-04-29,P,Apr 2022
Atq -443,Andrew Cummings,2022-04-29,WFH,Apr 2022
Atq -430,Maximus Mckenzie,2022-04-29,WFH,Apr 2022
Atq -387,Konner Henson,2022-04-29,P,Apr 2022
Atq -385,Finnegan Gilbert,2022-04-29,WFH,Apr 2022
Atq -455,Caylee Meadows,2022-04-29,WFH,Apr 2022
Atq -470,Jovani Pope,2022-04-29,WFH,Apr 2022
Atq -374,Kaley Fitzpatrick,2022-04-29,WFH,Apr 2022
Atq -369,Greta Horton,2022-04-29,P,Apr 2022
Atq -372,Miley Combs,2022-04-29,P,Apr 2022
Atq -437,Dallas Weeks,2022-04-29,P,Apr 2022
Atq -400,Chad Macias,2022-04-29,WFH,Apr 2022
Atq -458,Jessie Carrillo,2022-04-29,P,Apr 2022
Atq -406,Thanos Thakur,2022-04-30,WO,Apr 2022
Atq -462,Jarvis Singh,2022-04-30,WO,Apr 2022
Atq -411,Nevaeh Waller,2022-04-30,WO,Apr 2022
Atq -398,Bo Cordova,2022-04-30,WO,Apr 2022
Atq -438,Mekhi Singleton,2022-04-30,WO,Apr 2022
Atq -366,Peter Pandey,2022-04-30,WO,Apr 2022
Atq -441,Loki Lal,2022-04-30,WO,Apr 2022
Atq -436,Phoenix Brady,2022-04-30,WO,Apr 2022
Atq -404,Ana Little,2022-04-30,WO,Apr 2022
Atq -397,Grace Stone,2022-04-30,WO,Apr 2022
Atq -335,Tori Shannon,2022-04-30,WO,Apr 2022
Atq -443,Lyric Bartlett,2022-04-30,WO,Apr 2022
Atq -419,Kaylah Schultz,2022-04-30,WO,Apr 2022
Atq -467,Cason David,2022-04-30,WO,Apr 2022
Atq -450,Miya Hampton,2022-04-30,WO,Apr 2022
Atq -405,Sofia Solis,2022-04-30,WO,Apr 2022
Atq -440,Mckayla Parker,2022-04-30,WO,Apr 2022
Atq -335,Madelynn Gray,2022-04-30,WO,Apr 2022
Atq -343,Myla Klein,2022-04-30,WO,Apr 2022
Atq -334,Boston Morse,2022-04-30,WO,Apr 2022
Atq -446,April Ayers,2022-04-30,WO,Apr 2022
Atq -419,Faith Hamilton,2022-04-30,WO,Apr 2022
Atq -393,Janelle Raymond,2022-04-30,WO,Apr 2022
Atq -396,Joel Cruz,2022-04-30,WO,Apr 2022
Atq -459,Iris Woodard,2022-04-30,WO,Apr 2022
Atq -349,Trystan Ortega,2022-04-30,WO,Apr 2022
Atq -438,Miles Fields,2022-04-30,WO,Apr 2022
Atq -423,Rodrigo Price,2022-04-30,WO,Apr 2022
Atq -370,Ella Roth,2022-04-30,WO,Apr 2022
Atq -433,Jayce Fuentes,2022-04-30,WO,Apr 2022
Atq -375,Hailee Fitzpatrick,2022-04-30,WO,Apr 2022
Atq -475,Rey Novak,2022-04-30,WO,Apr 2022
Atq -368,Macie Callahan,2022-04-30,WO,Apr 2022
Atq -468,Xiomara Ruiz,2022-04-30,WO,Apr 2022
Atq -348,Weston Horton,2022-04-30,WO,Apr 2022
Atq -435,Dean Mclaughlin,2022-04-30,WO,Apr 2022
Atq -331,Jonah Hamilton,2022-04-30,WO,Apr 2022
Atq -426,Roman Colon,2022-04-30,WO,Apr 2022
Atq -405,Chris Frye,2022-04-30,WO,Apr 2022
Atq -475,London Kim,2022-04-30,WO,Apr 2022
Atq -375,Kenley Marsh,2022-04-30,WO,Apr 2022
Atq -456,Adriel Pace,2022-04-30,WO,Apr 2022
Atq -385,Jase Ingram,2022-04-30,WO,Apr 2022
Atq -484,Adyson Moyer,2022-04-30,WO,Apr 2022
Atq -398,Salvatore Hendrix,2022-04-30,WO,Apr 2022
Atq -412,Tucker Austin,2022-04-30,WO,Apr 2022
Atq -472,Cristofer Bernard,2022-04-30,WO,Apr 2022
Atq -396,Karma Reeves,2022-04-30,WO,Apr 2022
Atq -467,Esperanza Irwin,2022-04-30,WO,Apr 2022
Atq -428,Ciara Allison,2022-04-30,WO,Apr 2022
Atq -484,Demarcus Gordon,2022-04-30,WO,Apr 2022
Atq -432,Ryann Guerrero,2022-04-30,WO,Apr 2022
Atq -421,Rylee Mullins,2022-04-30,WO,Apr 2022
Atq -485,Gregory Carr,2022-04-30,WO,Apr 2022
Atq -452,Ayanna Atkins,2022-04-30,WO,Apr 2022
Atq -367,Briley Orr,2022-04-30,WO,Apr 2022
Atq -393,Emma Freeman,2022-04-30,WO,Apr 2022
Atq -403,Will Mahoney,2022-04-30,WO,Apr 2022
Atq -414,Titus Andersen,2022-04-30,WO,Apr 2022
Atq -418,Marquis Wyatt,2022-04-30,WO,Apr 2022
Atq -408,Nick Orozco,2022-04-30,WO,Apr 2022
Atq -382,Gustavo Ritter,2022-04-30,WO,Apr 2022
Atq -373,Isiah Small,2022-04-30,WO,Apr 2022
Atq -418,Hillary Kirk,2022-04-30,WO,Apr 2022
Atq -376,Dominique Benjamin,2022-04-30,WO,Apr 2022
Atq -453,Nehemiah Diaz,2022-04-30,WO,Apr 2022
Atq -461,Josh Sharp,2022-04-30,WO,Apr 2022
Atq -443,Andrew Cummings,2022-04-30,WO,Apr 2022
Atq -430,Maximus Mckenzie,2022-04-30,WO,Apr 2022
Atq -387,Konner Henson,2022-04-30,WO,Apr 2022
Atq -385,Finnegan Gilbert,2022-04-30,WO,Apr 2022
Atq -455,Caylee Meadows,2022-04-30,WO,Apr 2022
Atq -470,Jovani Pope,2022-04-30,WO,Apr 2022
Atq -374,Kaley Fitzpatrick,2022-04-30,WO,Apr 2022
Atq -369,Greta Horton,2022-04-30,WO,Apr 2022
Atq -372,Miley Combs,2022-04-30,WO,Apr 2022
Atq -437,Dallas Weeks,2022-04-30,WO,Apr 2022
Atq -400,Chad Macias,2022-04-30,WO,Apr 2022
Atq -458,Jessie Carrillo,2022-04-30,WO,Apr 2022
Atq -406,Thanos Thakur,2022-05-02,P,May 2022
Atq -462,Jarvis Singh,2022-05-02,P,May 2022
Atq -411,Nevaeh Waller,2022-05-02,P,May 2022
Atq -398,Bo Cordova,2022-05-02,P,May 2022
Atq -438,Mekhi Singleton,2022-05-02,P,May 2022
Atq -366,Peter Pandey,2022-05-02,P,May 2022
Atq -441,Loki Lal,2022-05-02,P,May 2022
Atq -436,Phoenix Brady,2022-05-02,P,May 2022
Atq -404,Ana Little,2022-05-02,P,May 2022
Atq -397,Grace Stone,2022-05-02,P,May 2022
Atq -335,Tori Shannon,2022-05-02,P,May 2022
Atq -443,Lyric Bartlett,2022-05-02,P,May 2022
Atq -419,Kaylah Schultz,2022-05-02,P,May 2022
Atq -467,Cason David,2022-05-02,P,May 2022
Atq -450,Miya Hampton,2022-05-02,P,May 2022
Atq -405,Sofia Solis,2022-05-02,P,May 2022
Atq -440,Mckayla Parker,2022-05-02,P,May 2022
Atq -335,Madelynn Gray,2022-05-02,WFH,May 2022
Atq -343,Myla Klein,2022-05-02,P,May 2022
Atq -334,Boston Morse,2022-05-02,P,May 2022
Atq -446,April Ayers,2022-05-02,P,May 2022
Atq -419,Faith Hamilton,2022-05-02,P,May 2022
Atq -396,Joel Cruz,2022-05-02,PL,May 2022
Atq -459,Iris Woodard,2022-05-02,P,May 2022
Atq -349,Trystan Ortega,2022-05-02,P,May 2022
Atq -438,Miles Fields,2022-05-02,P,May 2022
Atq -423,Rodrigo Price,2022-05-02,P,May 2022
Atq -370,Ella Roth,2022-05-02,P,May 2022
Atq -433,Jayce Fuentes,2022-05-02,P,May 2022
Atq -375,Hailee Fitzpatrick,2022-05-02,P,May 2022
Atq -475,Rey Novak,2022-05-02,P,May 2022
Atq -368,Macie Callahan,2022-05-02,P,May 2022
Atq -468,Xiomara Ruiz,2022-05-02,P,May 2022
Atq -348,Weston Horton,2022-05-02,P,May 2022
Atq -435,Dean Mclaughlin,2022-05-02,P,May 2022
Atq -331,Jonah Hamilton,2022-05-02,P,May 2022
Atq -405,Chris Frye,2022-05-02,P,May 2022
Atq -475,London Kim,2022-05-02,WFH,May 2022
Atq -375,Kenley Marsh,2022-05-02,WFH,May 2022
Atq -456,Adriel Pace,2022-05-02,P,May 2022
Atq -385,Jase Ingram,2022-05-02,P,May 2022
Atq -484,Adyson Moyer,2022-05-02,P,May 2022
Atq -398,Salvatore Hendrix,2022-05-02,WFH,May 2022
Atq -412,Tucker Austin,2022-05-02,P,May 2022
Atq -472,Cristofer Bernard,2022-05-02,P,May 2022
Atq -396,Karma Reeves,2022-05-02,P,May 2022
Atq -467,Esperanza Irwin,2022-05-02,PL,May 2022
Atq -484,Demarcus Gordon,2022-05-02,P,May 2022
Atq -432,Ryann Guerrero,2022-05-02,PL,May 2022
Atq -421,Rylee Mullins,2022-05-02,P,May 2022
Atq -452,Ayanna Atkins,2022-05-02,P,May 2022
Atq -367,Briley Orr,2022-05-02,P,May 2022
Atq -393,Emma Freeman,2022-05-02,HPL,May 2022
Atq -403,Will Mahoney,2022-05-02,P,May 2022
Atq -414,Titus Andersen,2022-05-02,P,May 2022
Atq -418,Marquis Wyatt,2022-05-02,P,May 2022
Atq -408,Nick Orozco,2022-05-02,P,May 2022
Atq -382,Gustavo Ritter,2022-05-02,WFH,May 2022
Atq -373,Isiah Small,2022-05-02,P,May 2022
Atq -418,Hillary Kirk,2022-05-02,P,May 2022
Atq -376,Dominique Benjamin,2022-05-02,P,May 2022
Atq -453,Nehemiah Diaz,2022-05-02,WFH,May 2022
Atq -461,Josh Sharp,2022-05-02,P,May 2022
Atq -411,Samuel Murray,2022-05-02,P,May 2022
Atq -387,Konner Henson,2022-05-02,P,May 2022
Atq -385,Finnegan Gilbert,2022-05-02,P,May 2022
Atq -455,Caylee Meadows,2022-05-02,P,May 2022
Atq -470,Jovani Pope,2022-05-02,WFH,May 2022
Atq -374,Kaley Fitzpatrick,2022-05-02,WFH,May 2022
Atq -372,Miley Combs,2022-05-02,P,May 2022
Atq -437,Dallas Weeks,2022-05-02,P,May 2022
Atq -400,Chad Macias,2022-05-02,P,May 2022
Atq -458,Jessie Carrillo,2022-05-02,P,May 2022
Atq -406,Thanos Thakur,2022-05-03,P,May 2022
Atq -462,Jarvis Singh,2022-05-03,P,May 2022
Atq -411,Nevaeh Waller,2022-05-03,P,May 2022
Atq -398,Bo Cordova,2022-05-03,P,May 2022
Atq -438,Mekhi Singleton,2022-05-03,P,May 2022
Atq -366,Peter Pandey,2022-05-03,P,May 2022
Atq -441,Loki Lal,2022-05-03,P,May 2022
Atq -436,Phoenix Brady,2022-05-03,HPL,May 2022
Atq -404,Ana Little,2022-05-03,P,May 2022
Atq -397,Grace Stone,2022-05-03,FFL,May 2022
Atq -335,Tori Shannon,2022-05-03,P,May 2022
Atq -443,Lyric Bartlett,2022-05-03,P,May 2022
Atq -419,Kaylah Schultz,2022-05-03,P,May 2022
Atq -467,Cason David,2022-05-03,P,May 2022
Atq -450,Miya Hampton,2022-05-03,P,May 2022
Atq -405,Sofia Solis,2022-05-03,P,May 2022
Atq -440,Mckayla Parker,2022-05-03,P,May 2022
Atq -335,Madelynn Gray,2022-05-03,P,May 2022
Atq -343,Myla Klein,2022-05-03,P,May 2022
Atq -334,Boston Morse,2022-05-03,P,May 2022
Atq -446,April Ayers,2022-05-03,P,May 2022
Atq -419,Faith Hamilton,2022-05-03,ML,May 2022
Atq -396,Joel Cruz,2022-05-03,PL,May 2022
Atq -459,Iris Woodard,2022-05-03,PL,May 2022
Atq -349,Trystan Ortega,2022-05-03,P,May 2022
Atq -438,Miles Fields,2022-05-03,P,May 2022
Atq -423,Rodrigo Price,2022-05-03,WFH,May 2022
Atq -370,Ella Roth,2022-05-03,PL,May 2022
Atq -433,Jayce Fuentes,2022-05-03,P,May 2022
Atq -375,Hailee Fitzpatrick,2022-05-03,P,May 2022
Atq -475,Rey Novak,2022-05-03,SL,May 2022
Atq -368,Macie Callahan,2022-05-03,P,May 2022
Atq -468,Xiomara Ruiz,2022-05-03,P,May 2022
Atq -348,Weston Horton,2022-05-03,P,May 2022
Atq -435,Dean Mclaughlin,2022-05-03,P,May 2022
Atq -331,Jonah Hamilton,2022-05-03,P,May 2022
Atq -405,Chris Frye,2022-05-03,P,May 2022
Atq -475,London Kim,2022-05-03,WFH,May 2022
Atq -375,Kenley Marsh,2022-05-03,P,May 2022
Atq -456,Adriel Pace,2022-05-03,P,May 2022
Atq -385,Jase Ingram,2022-05-03,SL,May 2022
Atq -484,Adyson Moyer,2022-05-03,P,May 2022
Atq -398,Salvatore Hendrix,2022-05-03,WFH,May 2022
Atq -412,Tucker Austin,2022-05-03,P,May 2022
Atq -472,Cristofer Bernard,2022-05-03,P,May 2022
Atq -396,Karma Reeves,2022-05-03,P,May 2022
Atq -467,Esperanza Irwin,2022-05-03,PL,May 2022
Atq -484,Demarcus Gordon,2022-05-03,P,May 2022
Atq -432,Ryann Guerrero,2022-05-03,P,May 2022
Atq -421,Rylee Mullins,2022-05-03,P,May 2022
Atq -452,Ayanna Atkins,2022-05-03,P,May 2022
Atq -367,Briley Orr,2022-05-03,FFL,May 2022
Atq -393,Emma Freeman,2022-05-03,PL,May 2022
Atq -403,Will Mahoney,2022-05-03,P,May 2022
Atq -414,Titus Andersen,2022-05-03,P,May 2022
Atq -418,Marquis Wyatt,2022-05-03,P,May 2022
Atq -408,Nick Orozco,2022-05-03,LWP,May 2022
Atq -382,Gustavo Ritter,2022-05-03,WFH,May 2022
Atq -373,Isiah Small,2022-05-03,P,May 2022
Atq -418,Hillary Kirk,2022-05-03,P,May 2022
Atq -376,Dominique Benjamin,2022-05-03,P,May 2022
Atq -453,Nehemiah Diaz,2022-05-03,PL,May 2022
Atq -461,Josh Sharp,2022-05-03,P,May 2022
Atq -411,Samuel Murray,2022-05-03,P,May 2022
Atq -472,Quincy Mendez,2022-05-03,P,May 2022
Atq -387,Konner Henson,2022-05-03,P,May 2022
Atq -385,Finnegan Gilbert,2022-05-03,LWP,May 2022
Atq -455,Caylee Meadows,2022-05-03,P,May 2022
Atq -470,Jovani Pope,2022-05-03,WFH,May 2022
Atq -374,Kaley Fitzpatrick,2022-05-03,WFH,May 2022
Atq -372,Miley Combs,2022-05-03,P,May 2022
Atq -437,Dallas Weeks,2022-05-03,P,May 2022
Atq -400,Chad Macias,2022-05-03,LWP,May 2022
Atq -458,Jessie Carrillo,2022-05-03,LWP,May 2022
Atq -406,Thanos Thakur,2022-05-04,P,May 2022
Atq -462,Jarvis Singh,2022-05-04,P,May 2022
Atq -411,Nevaeh Waller,2022-05-04,P,May 2022
Atq -398,Bo Cordova,2022-05-04,P,May 2022
Atq -438,Mekhi Singleton,2022-05-04,P,May 2022
Atq -366,Peter Pandey,2022-05-04,P,May 2022
Atq -441,Loki Lal,2022-05-04,P,May 2022
Atq -436,Phoenix Brady,2022-05-04,P,May 2022
Atq -404,Ana Little,2022-05-04,PL,May 2022
Atq -397,Grace Stone,2022-05-04,PL,May 2022
Atq -335,Tori Shannon,2022-05-04,P,May 2022
Atq -443,Lyric Bartlett,2022-05-04,P,May 2022
Atq -419,Kaylah Schultz,2022-05-04,WFH,May 2022
Atq -467,Cason David,2022-05-04,P,May 2022
Atq -450,Miya Hampton,2022-05-04,P,May 2022
Atq -405,Sofia Solis,2022-05-04,P,May 2022
Atq -440,Mckayla Parker,2022-05-04,HPL,May 2022
Atq -335,Madelynn Gray,2022-05-04,P,May 2022
Atq -343,Myla Klein,2022-05-04,P,May 2022
Atq -334,Boston Morse,2022-05-04,P,May 2022
Atq -446,April Ayers,2022-05-04,P,May 2022
Atq -419,Faith Hamilton,2022-05-04,P,May 2022
Atq -396,Joel Cruz,2022-05-04,PL,May 2022
Atq -459,Iris Woodard,2022-05-04,P,May 2022
Atq -349,Trystan Ortega,2022-05-04,P,May 2022
Atq -438,Miles Fields,2022-05-04,P,May 2022
Atq -423,Rodrigo Price,2022-05-04,P,May 2022
Atq -370,Ella Roth,2022-05-04,WFH,May 2022
Atq -433,Jayce Fuentes,2022-05-04,P,May 2022
Atq -375,Hailee Fitzpatrick,2022-05-04,P,May 2022
Atq -475,Rey Novak,2022-05-04,P,May 2022
Atq -368,Macie Callahan,2022-05-04,P,May 2022
Atq -468,Xiomara Ruiz,2022-05-04,P,May 2022
Atq -348,Weston Horton,2022-05-04,PL,May 2022
Atq -435,Dean Mclaughlin,2022-05-04,P,May 2022
Atq -331,Jonah Hamilton,2022-05-04,WFH,May 2022
Atq -405,Chris Frye,2022-05-04,P,May 2022
Atq -475,London Kim,2022-05-04,WFH,May 2022
Atq -375,Kenley Marsh,2022-05-04,HPL,May 2022
Atq -456,Adriel Pace,2022-05-04,P,May 2022
Atq -385,Jase Ingram,2022-05-04,WFH,May 2022
Atq -484,Adyson Moyer,2022-05-04,P,May 2022
Atq -398,Salvatore Hendrix,2022-05-04,WFH,May 2022
Atq -412,Tucker Austin,2022-05-04,P,May 2022
Atq -472,Cristofer Bernard,2022-05-04,P,May 2022
Atq -396,Karma Reeves,2022-05-04,P,May 2022
Atq -467,Esperanza Irwin,2022-05-04,PL,May 2022
Atq -484,Demarcus Gordon,2022-05-04,P,May 2022
Atq -432,Ryann Guerrero,2022-05-04,P,May 2022
Atq -421,Rylee Mullins,2022-05-04,P,May 2022
Atq -452,Ayanna Atkins,2022-05-04,P,May 2022
Atq -367,Briley Orr,2022-05-04,PL,May 2022
Atq -393,Emma Freeman,2022-05-04,P,May 2022
Atq -403,Will Mahoney,2022-05-04,P,May 2022
Atq -414,Titus Andersen,2022-05-04,P,May 2022
Atq -418,Marquis Wyatt,2022-05-04,P,May 2022
Atq -408,Nick Orozco,2022-05-04,LWP,May 2022
Atq -382,Gustavo Ritter,2022-05-04,WFH,May 2022
Atq -373,Isiah Small,2022-05-04,P,May 2022
Atq -418,Hillary Kirk,2022-05-04,P,May 2022
Atq -376,Dominique Benjamin,2022-05-04,P,May 2022
Atq -453,Nehemiah Diaz,2022-05-04,PL,May 2022
Atq -461,Josh Sharp,2022-05-04,P,May 2022
Atq -411,Samuel Murray,2022-05-04,P,May 2022
Atq -472,Quincy Mendez,2022-05-04,P,May 2022
Atq -387,Konner Henson,2022-05-04,P,May 2022
Atq -385,Finnegan Gilbert,2022-05-04,P,May 2022
Atq -455,Caylee Meadows,2022-05-04,P,May 2022
Atq -470,Jovani Pope,2022-05-04,WFH,May 2022
Atq -374,Kaley Fitzpatrick,2022-05-04,WFH,May 2022
Atq -372,Miley Combs,2022-05-04,LWP,May 2022
Atq -437,Dallas Weeks,2022-05-04,P,May 2022
Atq -400,Chad Macias,2022-05-04,LWP,May 2022
Atq -458,Jessie Carrillo,2022-05-04,LWP,May 2022
Atq -406,Thanos Thakur,2022-05-05,P,May 2022
Atq -462,Jarvis Singh,2022-05-05,P,May 2022
Atq -411,Nevaeh Waller,2022-05-05,P,May 2022
Atq -398,Bo Cordova,2022-05-05,P,May 2022
Atq -438,Mekhi Singleton,2022-05-05,P,May 2022
Atq -366,Peter Pandey,2022-05-05,P,May 2022
Atq -441,Loki Lal,2022-05-05,P,May 2022
Atq -436,Phoenix Brady,2022-05-05,P,May 2022
Atq -404,Ana Little,2022-05-05,P,May 2022
Atq -397,Grace Stone,2022-05-05,P,May 2022
Atq -335,Tori Shannon,2022-05-05,P,May 2022
Atq -443,Lyric Bartlett,2022-05-05,P,May 2022
Atq -419,Kaylah Schultz,2022-05-05,WFH,May 2022
Atq -467,Cason David,2022-05-05,P,May 2022
Atq -450,Miya Hampton,2022-05-05,P,May 2022
Atq -405,Sofia Solis,2022-05-05,P,May 2022
Atq -440,Mckayla Parker,2022-05-05,P,May 2022
Atq -335,Madelynn Gray,2022-05-05,P,May 2022
Atq -343,Myla Klein,2022-05-05,P,May 2022
Atq -334,Boston Morse,2022-05-05,P,May 2022
Atq -446,April Ayers,2022-05-05,P,May 2022
Atq -419,Faith Hamilton,2022-05-05,P,May 2022
Atq -396,Joel Cruz,2022-05-05,PL,May 2022
Atq -459,Iris Woodard,2022-05-05,P,May 2022
Atq -349,Trystan Ortega,2022-05-05,P,May 2022
Atq -438,Miles Fields,2022-05-05,P,May 2022
Atq -423,Rodrigo Price,2022-05-05,P,May 2022
Atq -370,Ella Roth,2022-05-05,WFH,May 2022
Atq -433,Jayce Fuentes,2022-05-05,P,May 2022
Atq -375,Hailee Fitzpatrick,2022-05-05,P,May 2022
Atq -475,Rey Novak,2022-05-05,P,May 2022
Atq -368,Macie Callahan,2022-05-05,P,May 2022
Atq -468,Xiomara Ruiz,2022-05-05,P,May 2022
Atq -348,Weston Horton,2022-05-05,PL,May 2022
Atq -435,Dean Mclaughlin,2022-05-05,P,May 2022
Atq -331,Jonah Hamilton,2022-05-05,P,May 2022
Atq -405,Chris Frye,2022-05-05,WFH,May 2022
Atq -475,London Kim,2022-05-05,WFH,May 2022
Atq -375,Kenley Marsh,2022-05-05,PL,May 2022
Atq -456,Adriel Pace,2022-05-05,P,May 2022
Atq -385,Jase Ingram,2022-05-05,WFH,May 2022
Atq -484,Adyson Moyer,2022-05-05,P,May 2022
Atq -398,Salvatore Hendrix,2022-05-05,WFH,May 2022
Atq -412,Tucker Austin,2022-05-05,P,May 2022
Atq -472,Cristofer Bernard,2022-05-05,P,May 2022
Atq -396,Karma Reeves,2022-05-05,P,May 2022
Atq -467,Esperanza Irwin,2022-05-05,PL,May 2022
Atq -484,Demarcus Gordon,2022-05-05,P,May 2022
Atq -432,Ryann Guerrero,2022-05-05,P,May 2022
Atq -421,Rylee Mullins,2022-05-05,P,May 2022
Atq -452,Ayanna Atkins,2022-05-05,SL,May 2022
Atq -367,Briley Orr,2022-05-05,WFH,May 2022
Atq -393,Emma Freeman,2022-05-05,P,May 2022
Atq -403,Will Mahoney,2022-05-05,P,May 2022
Atq -414,Titus Andersen,2022-05-05,P,May 2022
Atq -418,Marquis Wyatt,2022-05-05,P,May 2022
Atq -408,Nick Orozco,2022-05-05,P,May 2022
Atq -382,Gustavo Ritter,2022-05-05,WFH,May 2022
Atq -373,Isiah Small,2022-05-05,P,May 2022
Atq -418,Hillary Kirk,2022-05-05,P,May 2022
Atq -376,Dominique Benjamin,2022-05-05,P,May 2022
Atq -453,Nehemiah Diaz,2022-05-05,WFH,May 2022
Atq -461,Josh Sharp,2022-05-05,P,May 2022
Atq -411,Samuel Murray,2022-05-05,P,May 2022
Atq -472,Quincy Mendez,2022-05-05,P,May 2022
Atq -387,Konner Henson,2022-05-05,P,May 2022
Atq -385,Finnegan Gilbert,2022-05-05,P,May 2022
Atq -455,Caylee Meadows,2022-05-05,P,May 2022
Atq -470,Jovani Pope,2022-05-05,WFH,May 2022
Atq -374,Kaley Fitzpatrick,2022-05-05,WFH,May 2022
Atq -372,Miley Combs,2022-05-05,LWP,May 2022
Atq -437,Dallas Weeks,2022-05-05,P,May 2022
Atq -400,Chad Macias,2022-05-05,P,May 2022
Atq -458,Jessie Carrillo,2022-05-05,P,May 2022
Atq -406,Thanos Thakur,2022-05-06,P,May 2022
Atq -462,Jarvis Singh,2022-05-06,P,May 2022
Atq -411,Nevaeh Waller,2022-05-06,P,May 2022
Atq -398,Bo Cordova,2022-05-06,P,May 2022
Atq -438,Mekhi Singleton,2022-05-06,P,May 2022
Atq -366,Peter Pandey,2022-05-06,P,May 2022
Atq -441,Loki Lal,2022-05-06,P,May 2022
Atq -436,Phoenix Brady,2022-05-06,HPL,May 2022
Atq -404,Ana Little,2022-05-06,P,May 2022
Atq -397,Grace Stone,2022-05-06,WFH,May 2022
Atq -335,Tori Shannon,2022-05-06,P,May 2022
Atq -443,Lyric Bartlett,2022-05-06,P,May 2022
Atq -419,Kaylah Schultz,2022-05-06,WFH,May 2022
Atq -467,Cason David,2022-05-06,P,May 2022
Atq -450,Miya Hampton,2022-05-06,P,May 2022
Atq -405,Sofia Solis,2022-05-06,P,May 2022
Atq -440,Mckayla Parker,2022-05-06,P,May 2022
Atq -335,Madelynn Gray,2022-05-06,P,May 2022
Atq -343,Myla Klein,2022-05-06,P,May 2022
Atq -334,Boston Morse,2022-05-06,P,May 2022
Atq -446,April Ayers,2022-05-06,P,May 2022
Atq -419,Faith Hamilton,2022-05-06,P,May 2022
Atq -396,Joel Cruz,2022-05-06,PL,May 2022
Atq -459,Iris Woodard,2022-05-06,P,May 2022
Atq -349,Trystan Ortega,2022-05-06,P,May 2022
Atq -438,Miles Fields,2022-05-06,P,May 2022
Atq -423,Rodrigo Price,2022-05-06,P,May 2022
Atq -370,Ella Roth,2022-05-06,WFH,May 2022
Atq -433,Jayce Fuentes,2022-05-06,P,May 2022
Atq -375,Hailee Fitzpatrick,2022-05-06,P,May 2022
Atq -475,Rey Novak,2022-05-06,P,May 2022
Atq -368,Macie Callahan,2022-05-06,P,May 2022
Atq -468,Xiomara Ruiz,2022-05-06,SL,May 2022
Atq -348,Weston Horton,2022-05-06,WFH,May 2022
Atq -435,Dean Mclaughlin,2022-05-06,P,May 2022
Atq -331,Jonah Hamilton,2022-05-06,LWP,May 2022
Atq -405,Chris Frye,2022-05-06,WFH,May 2022
Atq -475,London Kim,2022-05-06,WFH,May 2022
Atq -375,Kenley Marsh,2022-05-06,WFH,May 2022
Atq -456,Adriel Pace,2022-05-06,P,May 2022
Atq -385,Jase Ingram,2022-05-06,P,May 2022
Atq -484,Adyson Moyer,2022-05-06,HPL,May 2022
Atq -398,Salvatore Hendrix,2022-05-06,WFH,May 2022
Atq -412,Tucker Austin,2022-05-06,SL,May 2022
Atq -472,Cristofer Bernard,2022-05-06,P,May 2022
Atq -396,Karma Reeves,2022-05-06,P,May 2022
Atq -467,Esperanza Irwin,2022-05-06,PL,May 2022
Atq -484,Demarcus Gordon,2022-05-06,P,May 2022
Atq -432,Ryann Guerrero,2022-05-06,P,May 2022
Atq -421,Rylee Mullins,2022-05-06,P,May 2022
Atq -452,Ayanna Atkins,2022-05-06,WFH,May 2022
Atq -367,Briley Orr,2022-05-06,WFH,May 2022
Atq -393,Emma Freeman,2022-05-06,P,May 2022
Atq -403,Will Mahoney,2022-05-06,WFH,May 2022
Atq -414,Titus Andersen,2022-05-06,P,May 2022
Atq -418,Marquis Wyatt,2022-05-06,P,May 2022
Atq -408,Nick Orozco,2022-05-06,P,May 2022
Atq -382,Gustavo Ritter,2022-05-06,WFH,May 2022
Atq -373,Isiah Small,2022-05-06,P,May 2022
Atq -418,Hillary Kirk,2022-05-06,P,May 2022
Atq -376,Dominique Benjamin,2022-05-06,P,May 2022
Atq -453,Nehemiah Diaz,2022-05-06,WFH,May 2022
Atq -461,Josh Sharp,2022-05-06,P,May 2022
Atq -411,Samuel Murray,2022-05-06,PL,May 2022
Atq -472,Quincy Mendez,2022-05-06,P,May 2022
Atq -387,Konner Henson,2022-05-06,P,May 2022
Atq -385,Finnegan Gilbert,2022-05-06,P,May 2022
Atq -470,Jovani Pope,2022-05-06,WFH,May 2022
Atq -374,Kaley Fitzpatrick,2022-05-06,WFH,May 2022
Atq -372,Miley Combs,2022-05-06,LWP,May 2022
Atq -437,Dallas Weeks,2022-05-06,P,May 2022
Atq -400,Chad Macias,2022-05-06,P,May 2022
Atq -458,Jessie Carrillo,2022-05-06,P,May 2022
Atq -406,Thanos Thakur,2022-05-07,WO,May 2022
Atq -462,Jarvis Singh,2022-05-07,WO,May 2022
Atq -411,Nevaeh Waller,2022-05-07,WO,May 2022
Atq -398,Bo Cordova,2022-05-07,WO,May 2022
Atq -438,Mekhi Singleton,2022-05-07,WO,May 2022
Atq -366,Peter Pandey,2022-05-07,WO,May 2022
Atq -441,Loki Lal,2022-05-07,WO,May 2022
Atq -436,Phoenix Brady,2022-05-07,WO,May 2022
Atq -404,Ana Little,2022-05-07,WO,May 2022
Atq -397,Grace Stone,2022-05-07,WO,May 2022
Atq -335,Tori Shannon,2022-05-07,WO,May 2022
Atq -443,Lyric Bartlett,2022-05-07,WO,May 2022
Atq -419,Kaylah Schultz,2022-05-07,WO,May 2022
Atq -467,Cason David,2022-05-07,WO,May 2022
Atq -450,Miya Hampton,2022-05-07,WO,May 2022
Atq -405,Sofia Solis,2022-05-07,WO,May 2022
Atq -440,Mckayla Parker,2022-05-07,WO,May 2022
Atq -335,Madelynn Gray,2022-05-07,WO,May 2022
Atq -343,Myla Klein,2022-05-07,WO,May 2022
Atq -334,Boston Morse,2022-05-07,WO,May 2022
Atq -446,April Ayers,2022-05-07,WO,May 2022
Atq -419,Faith Hamilton,2022-05-07,WO,May 2022
Atq -396,Joel Cruz,2022-05-07,WO,May 2022
Atq -459,Iris Woodard,2022-05-07,WO,May 2022
Atq -349,Trystan Ortega,2022-05-07,WO,May 2022
Atq -438,Miles Fields,2022-05-07,WO,May 2022
Atq -423,Rodrigo Price,2022-05-07,WO,May 2022
Atq -370,Ella Roth,2022-05-07,WO,May 2022
Atq -433,Jayce Fuentes,2022-05-07,WO,May 2022
Atq -375,Hailee Fitzpatrick,2022-05-07,WO,May 2022
Atq -475,Rey Novak,2022-05-07,WO,May 2022
Atq -368,Macie Callahan,2022-05-07,WO,May 2022
Atq -468,Xiomara Ruiz,2022-05-07,WO,May 2022
Atq -348,Weston Horton,2022-05-07,WO,May 2022
Atq -435,Dean Mclaughlin,2022-05-07,WO,May 2022
Atq -331,Jonah Hamilton,2022-05-07,WO,May 2022
Atq -405,Chris Frye,2022-05-07,WO,May 2022
Atq -475,London Kim,2022-05-07,WO,May 2022
Atq -375,Kenley Marsh,2022-05-07,WO,May 2022
Atq -456,Adriel Pace,2022-05-07,WO,May 2022
Atq -385,Jase Ingram,2022-05-07,WO,May 2022
Atq -484,Adyson Moyer,2022-05-07,WO,May 2022
Atq -398,Salvatore Hendrix,2022-05-07,WO,May 2022
Atq -412,Tucker Austin,2022-05-07,WO,May 2022
Atq -472,Cristofer Bernard,2022-05-07,WO,May 2022
Atq -396,Karma Reeves,2022-05-07,WO,May 2022
Atq -467,Esperanza Irwin,2022-05-07,WO,May 2022
Atq -484,Demarcus Gordon,2022-05-07,WO,May 2022
Atq -432,Ryann Guerrero,2022-05-07,WO,May 2022
Atq -421,Rylee Mullins,2022-05-07,WO,May 2022
Atq -452,Ayanna Atkins,2022-05-07,WO,May 2022
Atq -367,Briley Orr,2022-05-07,WO,May 2022
Atq -393,Emma Freeman,2022-05-07,WO,May 2022
Atq -403,Will Mahoney,2022-05-07,WO,May 2022
Atq -414,Titus Andersen,2022-05-07,WO,May 2022
Atq -418,Marquis Wyatt,2022-05-07,WO,May 2022
Atq -408,Nick Orozco,2022-05-07,WO,May 2022
Atq -382,Gustavo Ritter,2022-05-07,WO,May 2022
Atq -373,Isiah Small,2022-05-07,WO,May 2022
Atq -418,Hillary Kirk,2022-05-07,WO,May 2022
Atq -376,Dominique Benjamin,2022-05-07,WO,May 2022
Atq -453,Nehemiah Diaz,2022-05-07,WO,May 2022
Atq -461,Josh Sharp,2022-05-07,WO,May 2022
Atq -411,Samuel Murray,2022-05-07,WO,May 2022
Atq -472,Quincy Mendez,2022-05-07,WO,May 2022
Atq -448,Athena Rios,2022-05-07,WO,May 2022
Atq -364,Keaton Nixon,2022-05-07,WO,May 2022
Atq -371,Kayleigh Kennedy,2022-05-07,WO,May 2022
Atq -430,Maximus Mckenzie,2022-05-07,WO,May 2022
Atq -387,Konner Henson,2022-05-07,WO,May 2022
Atq -385,Finnegan Gilbert,2022-05-07,WO,May 2022
Atq -455,Caylee Meadows,2022-05-07,WO,May 2022
Atq -470,Jovani Pope,2022-05-07,WO,May 2022
Atq -374,Kaley Fitzpatrick,2022-05-07,WO,May 2022
Atq -372,Miley Combs,2022-05-07,WO,May 2022
Atq -437,Dallas Weeks,2022-05-07,WO,May 2022
Atq -400,Chad Macias,2022-05-07,WO,May 2022
Atq -458,Jessie Carrillo,2022-05-07,WO,May 2022
Atq -455,Aditya Walls,2022-05-07,WO,May 2022
Atq -476,Kane Malone,2022-05-07,WO,May 2022
Atq -362,Kiana Mcmillan,2022-05-07,WO,May 2022
Atq -426,Isabella Pittman,2022-05-07,WO,May 2022
Atq -461,Shea Zuniga,2022-05-07,WO,May 2022
Atq -414,Mckayla Miles,2022-05-07,WO,May 2022
Atq -389,Julien Hamilton,2022-05-07,WO,May 2022
Atq -406,Thanos Thakur,2022-05-08,WO,May 2022
Atq -462,Jarvis Singh,2022-05-08,WO,May 2022
Atq -411,Nevaeh Waller,2022-05-08,WO,May 2022
Atq -398,Bo Cordova,2022-05-08,WO,May 2022
Atq -438,Mekhi Singleton,2022-05-08,WO,May 2022
Atq -366,Peter Pandey,2022-05-08,WO,May 2022
Atq -441,Loki Lal,2022-05-08,WO,May 2022
Atq -436,Phoenix Brady,2022-05-08,WO,May 2022
Atq -404,Ana Little,2022-05-08,WO,May 2022
Atq -397,Grace Stone,2022-05-08,WO,May 2022
Atq -335,Tori Shannon,2022-05-08,WO,May 2022
Atq -443,Lyric Bartlett,2022-05-08,WO,May 2022
Atq -419,Kaylah Schultz,2022-05-08,WO,May 2022
Atq -467,Cason David,2022-05-08,WO,May 2022
Atq -450,Miya Hampton,2022-05-08,WO,May 2022
Atq -405,Sofia Solis,2022-05-08,WO,May 2022
Atq -440,Mckayla Parker,2022-05-08,WO,May 2022
Atq -335,Madelynn Gray,2022-05-08,WO,May 2022
Atq -343,Myla Klein,2022-05-08,WO,May 2022
Atq -334,Boston Morse,2022-05-08,WO,May 2022
Atq -446,April Ayers,2022-05-08,WO,May 2022
Atq -419,Faith Hamilton,2022-05-08,WO,May 2022
Atq -396,Joel Cruz,2022-05-08,WO,May 2022
Atq -459,Iris Woodard,2022-05-08,WO,May 2022
Atq -349,Trystan Ortega,2022-05-08,WO,May 2022
Atq -438,Miles Fields,2022-05-08,WO,May 2022
Atq -423,Rodrigo Price,2022-05-08,WO,May 2022
Atq -370,Ella Roth,2022-05-08,WO,May 2022
Atq -433,Jayce Fuentes,2022-05-08,WO,May 2022
Atq -375,Hailee Fitzpatrick,2022-05-08,WO,May 2022
Atq -475,Rey Novak,2022-05-08,WO,May 2022
Atq -368,Macie Callahan,2022-05-08,WO,May 2022
Atq -468,Xiomara Ruiz,2022-05-08,WO,May 2022
Atq -348,Weston Horton,2022-05-08,WO,May 2022
Atq -435,Dean Mclaughlin,2022-05-08,WO,May 2022
Atq -331,Jonah Hamilton,2022-05-08,WO,May 2022
Atq -405,Chris Frye,2022-05-08,WO,May 2022
Atq -475,London Kim,2022-05-08,WO,May 2022
Atq -375,Kenley Marsh,2022-05-08,WO,May 2022
Atq -456,Adriel Pace,2022-05-08,WO,May 2022
Atq -385,Jase Ingram,2022-05-08,WO,May 2022
Atq -484,Adyson Moyer,2022-05-08,WO,May 2022
Atq -398,Salvatore Hendrix,2022-05-08,WO,May 2022
Atq -412,Tucker Austin,2022-05-08,WO,May 2022
Atq -472,Cristofer Bernard,2022-05-08,WO,May 2022
Atq -396,Karma Reeves,2022-05-08,WO,May 2022
Atq -467,Esperanza Irwin,2022-05-08,WO,May 2022
Atq -484,Demarcus Gordon,2022-05-08,WO,May 2022
Atq -432,Ryann Guerrero,2022-05-08,WO,May 2022
Atq -421,Rylee Mullins,2022-05-08,WO,May 2022
Atq -452,Ayanna Atkins,2022-05-08,WO,May 2022
Atq -367,Briley Orr,2022-05-08,WO,May 2022
Atq -393,Emma Freeman,2022-05-08,WO,May 2022
Atq -403,Will Mahoney,2022-05-08,WO,May 2022
Atq -414,Titus Andersen,2022-05-08,WO,May 2022
Atq -418,Marquis Wyatt,2022-05-08,WO,May 2022
Atq -408,Nick Orozco,2022-05-08,WO,May 2022
Atq -382,Gustavo Ritter,2022-05-08,WO,May 2022
Atq -373,Isiah Small,2022-05-08,WO,May 2022
Atq -418,Hillary Kirk,2022-05-08,WO,May 2022
Atq -376,Dominique Benjamin,2022-05-08,WO,May 2022
Atq -453,Nehemiah Diaz,2022-05-08,WO,May 2022
Atq -461,Josh Sharp,2022-05-08,WO,May 2022
Atq -411,Samuel Murray,2022-05-08,WO,May 2022
Atq -472,Quincy Mendez,2022-05-08,WO,May 2022
Atq -448,Athena Rios,2022-05-08,WO,May 2022
Atq -364,Keaton Nixon,2022-05-08,WO,May 2022
Atq -371,Kayleigh Kennedy,2022-05-08,WO,May 2022
Atq -430,Maximus Mckenzie,2022-05-08,WO,May 2022
Atq -387,Konner Henson,2022-05-08,WO,May 2022
Atq -385,Finnegan Gilbert,2022-05-08,WO,May 2022
Atq -455,Caylee Meadows,2022-05-08,WO,May 2022
Atq -470,Jovani Pope,2022-05-08,WO,May 2022
Atq -374,Kaley Fitzpatrick,2022-05-08,WO,May 2022
Atq -372,Miley Combs,2022-05-08,WO,May 2022
Atq -437,Dallas Weeks,2022-05-08,WO,May 2022
Atq -400,Chad Macias,2022-05-08,WO,May 2022
Atq -458,Jessie Carrillo,2022-05-08,WO,May 2022
Atq -455,Aditya Walls,2022-05-08,WO,May 2022
Atq -476,Kane Malone,2022-05-08,WO,May 2022
Atq -362,Kiana Mcmillan,2022-05-08,WO,May 2022
Atq -426,Isabella Pittman,2022-05-08,WO,May 2022
Atq -461,Shea Zuniga,2022-05-08,WO,May 2022
Atq -414,Mckayla Miles,2022-05-08,WO,May 2022
Atq -389,Julien Hamilton,2022-05-08,WO,May 2022
Atq -406,Thanos Thakur,2022-05-09,P,May 2022
Atq -462,Jarvis Singh,2022-05-09,P,May 2022
Atq -411,Nevaeh Waller,2022-05-09,P,May 2022
Atq -398,Bo Cordova,2022-05-09,P,May 2022
Atq -438,Mekhi Singleton,2022-05-09,P,May 2022
Atq -366,Peter Pandey,2022-05-09,P,May 2022
Atq -441,Loki Lal,2022-05-09,P,May 2022
Atq -436,Phoenix Brady,2022-05-09,HPL,May 2022
Atq -404,Ana Little,2022-05-09,P,May 2022
Atq -397,Grace Stone,2022-05-09,P,May 2022
Atq -335,Tori Shannon,2022-05-09,P,May 2022
Atq -443,Lyric Bartlett,2022-05-09,P,May 2022
Atq -419,Kaylah Schultz,2022-05-09,PL,May 2022
Atq -467,Cason David,2022-05-09,P,May 2022
Atq -450,Miya Hampton,2022-05-09,P,May 2022
Atq -405,Sofia Solis,2022-05-09,P,May 2022
Atq -440,Mckayla Parker,2022-05-09,P,May 2022
Atq -335,Madelynn Gray,2022-05-09,SL,May 2022
Atq -343,Myla Klein,2022-05-09,P,May 2022
Atq -334,Boston Morse,2022-05-09,P,May 2022
Atq -446,April Ayers,2022-05-09,P,May 2022
Atq -419,Faith Hamilton,2022-05-09,P,May 2022
Atq -396,Joel Cruz,2022-05-09,PL,May 2022
Atq -459,Iris Woodard,2022-05-09,P,May 2022
Atq -349,Trystan Ortega,2022-05-09,P,May 2022
Atq -438,Miles Fields,2022-05-09,P,May 2022
Atq -423,Rodrigo Price,2022-05-09,P,May 2022
Atq -370,Ella Roth,2022-05-09,P,May 2022
Atq -433,Jayce Fuentes,2022-05-09,P,May 2022
Atq -375,Hailee Fitzpatrick,2022-05-09,P,May 2022
Atq -475,Rey Novak,2022-05-09,P,May 2022
Atq -368,Macie Callahan,2022-05-09,P,May 2022
Atq -468,Xiomara Ruiz,2022-05-09,P,May 2022
Atq -348,Weston Horton,2022-05-09,P,May 2022
Atq -435,Dean Mclaughlin,2022-05-09,P,May 2022
Atq -331,Jonah Hamilton,2022-05-09,P,May 2022
Atq -405,Chris Frye,2022-05-09,P,May 2022
Atq -475,London Kim,2022-05-09,P,May 2022
Atq -375,Kenley Marsh,2022-05-09,P,May 2022
Atq -456,Adriel Pace,2022-05-09,P,May 2022
Atq -385,Jase Ingram,2022-05-09,P,May 2022
Atq -484,Adyson Moyer,2022-05-09,P,May 2022
Atq -398,Salvatore Hendrix,2022-05-09,WFH,May 2022
Atq -412,Tucker Austin,2022-05-09,P,May 2022
Atq -472,Cristofer Bernard,2022-05-09,P,May 2022
Atq -396,Karma Reeves,2022-05-09,P,May 2022
Atq -467,Esperanza Irwin,2022-05-09,P,May 2022
Atq -484,Demarcus Gordon,2022-05-09,P,May 2022
Atq -432,Ryann Guerrero,2022-05-09,P,May 2022
Atq -421,Rylee Mullins,2022-05-09,P,May 2022
Atq -452,Ayanna Atkins,2022-05-09,P,May 2022
Atq -367,Briley Orr,2022-05-09,P,May 2022
Atq -393,Emma Freeman,2022-05-09,P,May 2022
Atq -403,Will Mahoney,2022-05-09,WFH,May 2022
Atq -414,Titus Andersen,2022-05-09,SL,May 2022
Atq -418,Marquis Wyatt,2022-05-09,PL,May 2022
Atq -408,Nick Orozco,2022-05-09,P,May 2022
Atq -382,Gustavo Ritter,2022-05-09,WFH,May 2022
Atq -373,Isiah Small,2022-05-09,P,May 2022
Atq -418,Hillary Kirk,2022-05-09,P,May 2022
Atq -376,Dominique Benjamin,2022-05-09,HLWP,May 2022
Atq -453,Nehemiah Diaz,2022-05-09,WFH,May 2022
Atq -461,Josh Sharp,2022-05-09,P,May 2022
Atq -411,Samuel Murray,2022-05-09,P,May 2022
Atq -472,Quincy Mendez,2022-05-09,P,May 2022
Atq -448,Athena Rios,2022-05-09,P,May 2022
Atq -387,Konner Henson,2022-05-09,WFH,May 2022
Atq -385,Finnegan Gilbert,2022-05-09,P,May 2022
Atq -470,Jovani Pope,2022-05-09,WFH,May 2022
Atq -374,Kaley Fitzpatrick,2022-05-09,WFH,May 2022
Atq -372,Miley Combs,2022-05-09,P,May 2022
Atq -437,Dallas Weeks,2022-05-09,P,May 2022
Atq -400,Chad Macias,2022-05-09,P,May 2022
Atq -458,Jessie Carrillo,2022-05-09,P,May 2022
Atq -455,Aditya Walls,2022-05-09,P,May 2022
Atq -476,Kane Malone,2022-05-09,P,May 2022
Atq -362,Kiana Mcmillan,2022-05-09,P,May 2022
Atq -406,Thanos Thakur,2022-05-10,P,May 2022
Atq -462,Jarvis Singh,2022-05-10,P,May 2022
Atq -411,Nevaeh Waller,2022-05-10,P,May 2022
Atq -398,Bo Cordova,2022-05-10,P,May 2022
Atq -438,Mekhi Singleton,2022-05-10,P,May 2022
Atq -366,Peter Pandey,2022-05-10,P,May 2022
Atq -441,Loki Lal,2022-05-10,P,May 2022
Atq -436,Phoenix Brady,2022-05-10,P,May 2022
Atq -404,Ana Little,2022-05-10,P,May 2022
Atq -397,Grace Stone,2022-05-10,P,May 2022
Atq -335,Tori Shannon,2022-05-10,P,May 2022
Atq -443,Lyric Bartlett,2022-05-10,P,May 2022
Atq -419,Kaylah Schultz,2022-05-10,PL,May 2022
Atq -467,Cason David,2022-05-10,P,May 2022
Atq -450,Miya Hampton,2022-05-10,HSL,May 2022
Atq -405,Sofia Solis,2022-05-10,P,May 2022
Atq -440,Mckayla Parker,2022-05-10,P,May 2022
Atq -335,Madelynn Gray,2022-05-10,SL,May 2022
Atq -343,Myla Klein,2022-05-10,P,May 2022
Atq -334,Boston Morse,2022-05-10,P,May 2022
Atq -446,April Ayers,2022-05-10,P,May 2022
Atq -419,Faith Hamilton,2022-05-10,P,May 2022
Atq -396,Joel Cruz,2022-05-10,P,May 2022
Atq -459,Iris Woodard,2022-05-10,P,May 2022
Atq -349,Trystan Ortega,2022-05-10,P,May 2022
Atq -438,Miles Fields,2022-05-10,P,May 2022
Atq -423,Rodrigo Price,2022-05-10,P,May 2022
Atq -370,Ella Roth,2022-05-10,P,May 2022
Atq -433,Jayce Fuentes,2022-05-10,P,May 2022
Atq -375,Hailee Fitzpatrick,2022-05-10,P,May 2022
Atq -475,Rey Novak,2022-05-10,P,May 2022
Atq -368,Macie Callahan,2022-05-10,P,May 2022
Atq -468,Xiomara Ruiz,2022-05-10,P,May 2022
Atq -348,Weston Horton,2022-05-10,P,May 2022
Atq -435,Dean Mclaughlin,2022-05-10,P,May 2022
Atq -331,Jonah Hamilton,2022-05-10,P,May 2022
Atq -405,Chris Frye,2022-05-10,P,May 2022
Atq -475,London Kim,2022-05-10,P,May 2022
Atq -375,Kenley Marsh,2022-05-10,P,May 2022
Atq -456,Adriel Pace,2022-05-10,P,May 2022
Atq -385,Jase Ingram,2022-05-10,P,May 2022
Atq -484,Adyson Moyer,2022-05-10,P,May 2022
Atq -398,Salvatore Hendrix,2022-05-10,WFH,May 2022
Atq -412,Tucker Austin,2022-05-10,P,May 2022
Atq -472,Cristofer Bernard,2022-05-10,SL,May 2022
Atq -396,Karma Reeves,2022-05-10,P,May 2022
Atq -467,Esperanza Irwin,2022-05-10,P,May 2022
Atq -484,Demarcus Gordon,2022-05-10,P,May 2022
Atq -432,Ryann Guerrero,2022-05-10,P,May 2022
Atq -421,Rylee Mullins,2022-05-10,P,May 2022
Atq -452,Ayanna Atkins,2022-05-10,P,May 2022
Atq -367,Briley Orr,2022-05-10,P,May 2022
Atq -393,Emma Freeman,2022-05-10,P,May 2022
Atq -403,Will Mahoney,2022-05-10,P,May 2022
Atq -414,Titus Andersen,2022-05-10,P,May 2022
Atq -418,Marquis Wyatt,2022-05-10,WFH,May 2022
Atq -408,Nick Orozco,2022-05-10,P,May 2022
Atq -382,Gustavo Ritter,2022-05-10,WFH,May 2022
Atq -373,Isiah Small,2022-05-10,P,May 2022
Atq -418,Hillary Kirk,2022-05-10,P,May 2022
Atq -376,Dominique Benjamin,2022-05-10,P,May 2022
Atq -453,Nehemiah Diaz,2022-05-10,PL,May 2022
Atq -461,Josh Sharp,2022-05-10,P,May 2022
Atq -411,Samuel Murray,2022-05-10,P,May 2022
Atq -472,Quincy Mendez,2022-05-10,WFH,May 2022
Atq -448,Athena Rios,2022-05-10,P,May 2022
Atq -387,Konner Henson,2022-05-10,WFH,May 2022
Atq -385,Finnegan Gilbert,2022-05-10,P,May 2022
Atq -470,Jovani Pope,2022-05-10,P,May 2022
Atq -374,Kaley Fitzpatrick,2022-05-10,P,May 2022
Atq -372,Miley Combs,2022-05-10,P,May 2022
Atq -437,Dallas Weeks,2022-05-10,P,May 2022
Atq -400,Chad Macias,2022-05-10,P,May 2022
Atq -458,Jessie Carrillo,2022-05-10,P,May 2022
Atq -455,Aditya Walls,2022-05-10,P,May 2022
Atq -476,Kane Malone,2022-05-10,P,May 2022
Atq -362,Kiana Mcmillan,2022-05-10,P,May 2022
Atq -406,Thanos Thakur,2022-05-11,P,May 2022
Atq -462,Jarvis Singh,2022-05-11,P,May 2022
Atq -411,Nevaeh Waller,2022-05-11,P,May 2022
Atq -398,Bo Cordova,2022-05-11,P,May 2022
Atq -438,Mekhi Singleton,2022-05-11,P,May 2022
Atq -366,Peter Pandey,2022-05-11,P,May 2022
Atq -441,Loki Lal,2022-05-11,P,May 2022
Atq -436,Phoenix Brady,2022-05-11,P,May 2022
Atq -404,Ana Little,2022-05-11,P,May 2022
Atq -397,Grace Stone,2022-05-11,P,May 2022
Atq -335,Tori Shannon,2022-05-11,P,May 2022
Atq -443,Lyric Bartlett,2022-05-11,P,May 2022
Atq -419,Kaylah Schultz,2022-05-11,PL,May 2022
Atq -467,Cason David,2022-05-11,P,May 2022
Atq -450,Miya Hampton,2022-05-11,P,May 2022
Atq -405,Sofia Solis,2022-05-11,P,May 2022
Atq -440,Mckayla Parker,2022-05-11,P,May 2022
Atq -335,Madelynn Gray,2022-05-11,HSL,May 2022
Atq -343,Myla Klein,2022-05-11,P,May 2022
Atq -334,Boston Morse,2022-05-11,P,May 2022
Atq -446,April Ayers,2022-05-11,P,May 2022
Atq -419,Faith Hamilton,2022-05-11,P,May 2022
Atq -396,Joel Cruz,2022-05-11,P,May 2022
Atq -459,Iris Woodard,2022-05-11,P,May 2022
Atq -349,Trystan Ortega,2022-05-11,P,May 2022
Atq -438,Miles Fields,2022-05-11,P,May 2022
Atq -423,Rodrigo Price,2022-05-11,P,May 2022
Atq -370,Ella Roth,2022-05-11,P,May 2022
Atq -433,Jayce Fuentes,2022-05-11,P,May 2022
Atq -375,Hailee Fitzpatrick,2022-05-11,P,May 2022
Atq -475,Rey Novak,2022-05-11,P,May 2022
Atq -368,Macie Callahan,2022-05-11,P,May 2022
Atq -468,Xiomara Ruiz,2022-05-11,P,May 2022
Atq -348,Weston Horton,2022-05-11,P,May 2022
Atq -435,Dean Mclaughlin,2022-05-11,P,May 2022
Atq -331,Jonah Hamilton,2022-05-11,P,May 2022
Atq -405,Chris Frye,2022-05-11,P,May 2022
Atq -475,London Kim,2022-05-11,P,May 2022
Atq -375,Kenley Marsh,2022-05-11,P,May 2022
Atq -456,Adriel Pace,2022-05-11,P,May 2022
Atq -385,Jase Ingram,2022-05-11,P,May 2022
Atq -484,Adyson Moyer,2022-05-11,P,May 2022
Atq -398,Salvatore Hendrix,2022-05-11,WFH,May 2022
Atq -412,Tucker Austin,2022-05-11,P,May 2022
Atq -472,Cristofer Bernard,2022-05-11,P,May 2022
Atq -396,Karma Reeves,2022-05-11,P,May 2022
Atq -467,Esperanza Irwin,2022-05-11,P,May 2022
Atq -484,Demarcus Gordon,2022-05-11,P,May 2022
Atq -432,Ryann Guerrero,2022-05-11,P,May 2022
Atq -421,Rylee Mullins,2022-05-11,P,May 2022
Atq -452,Ayanna Atkins,2022-05-11,P,May 2022
Atq -367,Briley Orr,2022-05-11,P,May 2022
Atq -393,Emma Freeman,2022-05-11,P,May 2022
Atq -403,Will Mahoney,2022-05-11,P,May 2022
Atq -414,Titus Andersen,2022-05-11,P,May 2022
Atq -418,Marquis Wyatt,2022-05-11,P,May 2022
Atq -408,Nick Orozco,2022-05-11,P,May 2022
Atq -382,Gustavo Ritter,2022-05-11,WFH,May 2022
Atq -373,Isiah Small,2022-05-11,P,May 2022
Atq -418,Hillary Kirk,2022-05-11,P,May 2022
Atq -376,Dominique Benjamin,2022-05-11,P,May 2022
Atq -453,Nehemiah Diaz,2022-05-11,P,May 2022
Atq -461,Josh Sharp,2022-05-11,P,May 2022
Atq -411,Samuel Murray,2022-05-11,P,May 2022
Atq -472,Quincy Mendez,2022-05-11,P,May 2022
Atq -448,Athena Rios,2022-05-11,P,May 2022
Atq -387,Konner Henson,2022-05-11,WFH,May 2022
Atq -385,Finnegan Gilbert,2022-05-11,P,May 2022
Atq -470,Jovani Pope,2022-05-11,P,May 2022
Atq -374,Kaley Fitzpatrick,2022-05-11,P,May 2022
Atq -372,Miley Combs,2022-05-11,P,May 2022
Atq -437,Dallas Weeks,2022-05-11,P,May 2022
Atq -400,Chad Macias,2022-05-11,P,May 2022
Atq -458,Jessie Carrillo,2022-05-11,P,May 2022
Atq -455,Aditya Walls,2022-05-11,P,May 2022
Atq -476,Kane Malone,2022-05-11,P,May 2022
Atq -362,Kiana Mcmillan,2022-05-11,P,May 2022
Atq -406,Thanos Thakur,2022-05-12,P,May 2022
Atq -462,Jarvis Singh,2022-05-12,P,May 2022
Atq -411,Nevaeh Waller,2022-05-12,P,May 2022
Atq -398,Bo Cordova,2022-05-12,WFH,May 2022
Atq -438,Mekhi Singleton,2022-05-12,P,May 2022
Atq -366,Peter Pandey,2022-05-12,P,May 2022
Atq -441,Loki Lal,2022-05-12,P,May 2022
Atq -436,Phoenix Brady,2022-05-12,P,May 2022
Atq -404,Ana Little,2022-05-12,P,May 2022
Atq -397,Grace Stone,2022-05-12,HPL,May 2022
Atq -335,Tori Shannon,2022-05-12,P,May 2022
Atq -443,Lyric Bartlett,2022-05-12,P,May 2022
Atq -419,Kaylah Schultz,2022-05-12,PL,May 2022
Atq -467,Cason David,2022-05-12,P,May 2022
Atq -450,Miya Hampton,2022-05-12,P,May 2022
Atq -405,Sofia Solis,2022-05-12,HPL,May 2022
Atq -440,Mckayla Parker,2022-05-12,P,May 2022
Atq -335,Madelynn Gray,2022-05-12,WFH,May 2022
Atq -343,Myla Klein,2022-05-12,P,May 2022
Atq -334,Boston Morse,2022-05-12,HPL,May 2022
Atq -446,April Ayers,2022-05-12,P,May 2022
Atq -419,Faith Hamilton,2022-05-12,P,May 2022
Atq -396,Joel Cruz,2022-05-12,P,May 2022
Atq -459,Iris Woodard,2022-05-12,P,May 2022
Atq -349,Trystan Ortega,2022-05-12,PL,May 2022
Atq -438,Miles Fields,2022-05-12,HPL,May 2022
Atq -423,Rodrigo Price,2022-05-12,P,May 2022
Atq -370,Ella Roth,2022-05-12,P,May 2022
Atq -433,Jayce Fuentes,2022-05-12,HPL,May 2022
Atq -375,Hailee Fitzpatrick,2022-05-12,P,May 2022
Atq -475,Rey Novak,2022-05-12,P,May 2022
Atq -368,Macie Callahan,2022-05-12,P,May 2022
Atq -468,Xiomara Ruiz,2022-05-12,P,May 2022
Atq -348,Weston Horton,2022-05-12,P,May 2022
Atq -435,Dean Mclaughlin,2022-05-12,P,May 2022
Atq -331,Jonah Hamilton,2022-05-12,WFH,May 2022
Atq -405,Chris Frye,2022-05-12,WFH,May 2022
Atq -475,London Kim,2022-05-12,P,May 2022
Atq -375,Kenley Marsh,2022-05-12,P,May 2022
Atq -456,Adriel Pace,2022-05-12,P,May 2022
Atq -385,Jase Ingram,2022-05-12,PL,May 2022
Atq -484,Adyson Moyer,2022-05-12,P,May 2022
Atq -398,Salvatore Hendrix,2022-05-12,WFH,May 2022
Atq -412,Tucker Austin,2022-05-12,P,May 2022
Atq -472,Cristofer Bernard,2022-05-12,P,May 2022
Atq -396,Karma Reeves,2022-05-12,P,May 2022
Atq -467,Esperanza Irwin,2022-05-12,P,May 2022
Atq -484,Demarcus Gordon,2022-05-12,P,May 2022
Atq -432,Ryann Guerrero,2022-05-12,P,May 2022
Atq -421,Rylee Mullins,2022-05-12,P,May 2022
Atq -452,Ayanna Atkins,2022-05-12,HPL,May 2022
Atq -367,Briley Orr,2022-05-12,P,May 2022
Atq -393,Emma Freeman,2022-05-12,P,May 2022
Atq -403,Will Mahoney,2022-05-12,P,May 2022
Atq -414,Titus Andersen,2022-05-12,P,May 2022
Atq -418,Marquis Wyatt,2022-05-12,P,May 2022
Atq -408,Nick Orozco,2022-05-12,HWFH,May 2022
Atq -382,Gustavo Ritter,2022-05-12,WFH,May 2022
Atq -373,Isiah Small,2022-05-12,P,May 2022
Atq -418,Hillary Kirk,2022-05-12,P,May 2022
Atq -376,Dominique Benjamin,2022-05-12,P,May 2022
Atq -453,Nehemiah Diaz,2022-05-12,P,May 2022
Atq -461,Josh Sharp,2022-05-12,P,May 2022
Atq -411,Samuel Murray,2022-05-12,P,May 2022
Atq -472,Quincy Mendez,2022-05-12,P,May 2022
Atq -448,Athena Rios,2022-05-12,P,May 2022
Atq -387,Konner Henson,2022-05-12,WFH,May 2022
Atq -385,Finnegan Gilbert,2022-05-12,P,May 2022
Atq -470,Jovani Pope,2022-05-12,P,May 2022
Atq -374,Kaley Fitzpatrick,2022-05-12,P,May 2022
Atq -372,Miley Combs,2022-05-12,P,May 2022
Atq -437,Dallas Weeks,2022-05-12,P,May 2022
Atq -400,Chad Macias,2022-05-12,P,May 2022
Atq -458,Jessie Carrillo,2022-05-12,P,May 2022
Atq -455,Aditya Walls,2022-05-12,P,May 2022
Atq -476,Kane Malone,2022-05-12,P,May 2022
Atq -362,Kiana Mcmillan,2022-05-12,P,May 2022
Atq -406,Thanos Thakur,2022-05-13,P,May 2022
Atq -462,Jarvis Singh,2022-05-13,P,May 2022
Atq -411,Nevaeh Waller,2022-05-13,P,May 2022
Atq -398,Bo Cordova,2022-05-13,PL,May 2022
Atq -438,Mekhi Singleton,2022-05-13,P,May 2022
Atq -366,Peter Pandey,2022-05-13,P,May 2022
Atq -441,Loki Lal,2022-05-13,P,May 2022
Atq -436,Phoenix Brady,2022-05-13,P,May 2022
Atq -404,Ana Little,2022-05-13,P,May 2022
Atq -397,Grace Stone,2022-05-13,PL,May 2022
Atq -335,Tori Shannon,2022-05-13,P,May 2022
Atq -443,Lyric Bartlett,2022-05-13,P,May 2022
Atq -419,Kaylah Schultz,2022-05-13,BL ,May 2022
Atq -467,Cason David,2022-05-13,P,May 2022
Atq -450,Miya Hampton,2022-05-13,P,May 2022
Atq -405,Sofia Solis,2022-05-13,P,May 2022
Atq -440,Mckayla Parker,2022-05-13,PL,May 2022
Atq -335,Madelynn Gray,2022-05-13,P,May 2022
Atq -343,Myla Klein,2022-05-13,PL,May 2022
Atq -334,Boston Morse,2022-05-13,PL,May 2022
Atq -446,April Ayers,2022-05-13,P,May 2022
Atq -419,Faith Hamilton,2022-05-13,P,May 2022
Atq -396,Joel Cruz,2022-05-13,PL,May 2022
Atq -459,Iris Woodard,2022-05-13,P,May 2022
Atq -349,Trystan Ortega,2022-05-13,PL,May 2022
Atq -438,Miles Fields,2022-05-13,PL,May 2022
Atq -423,Rodrigo Price,2022-05-13,PL,May 2022
Atq -370,Ella Roth,2022-05-13,P,May 2022
Atq -433,Jayce Fuentes,2022-05-13,PL,May 2022
Atq -375,Hailee Fitzpatrick,2022-05-13,P,May 2022
Atq -475,Rey Novak,2022-05-13,P,May 2022
Atq -368,Macie Callahan,2022-05-13,P,May 2022
Atq -468,Xiomara Ruiz,2022-05-13,P,May 2022
Atq -348,Weston Horton,2022-05-13,P,May 2022
Atq -435,Dean Mclaughlin,2022-05-13,P,May 2022
Atq -331,Jonah Hamilton,2022-05-13,P,May 2022
Atq -405,Chris Frye,2022-05-13,WFH,May 2022
Atq -475,London Kim,2022-05-13,P,May 2022
Atq -375,Kenley Marsh,2022-05-13,P,May 2022
Atq -456,Adriel Pace,2022-05-13,P,May 2022
Atq -385,Jase Ingram,2022-05-13,PL,May 2022
Atq -484,Adyson Moyer,2022-05-13,P,May 2022
Atq -398,Salvatore Hendrix,2022-05-13,WFH,May 2022
Atq -412,Tucker Austin,2022-05-13,P,May 2022
Atq -472,Cristofer Bernard,2022-05-13,P,May 2022
Atq -396,Karma Reeves,2022-05-13,PL,May 2022
Atq -467,Esperanza Irwin,2022-05-13,P,May 2022
Atq -484,Demarcus Gordon,2022-05-13,P,May 2022
Atq -432,Ryann Guerrero,2022-05-13,P,May 2022
Atq -421,Rylee Mullins,2022-05-13,P,May 2022
Atq -452,Ayanna Atkins,2022-05-13,P,May 2022
Atq -367,Briley Orr,2022-05-13,P,May 2022
Atq -393,Emma Freeman,2022-05-13,P,May 2022
Atq -403,Will Mahoney,2022-05-13,P,May 2022
Atq -414,Titus Andersen,2022-05-13,P,May 2022
Atq -418,Marquis Wyatt,2022-05-13,P,May 2022
Atq -408,Nick Orozco,2022-05-13,WFH,May 2022
Atq -382,Gustavo Ritter,2022-05-13,WFH,May 2022
Atq -373,Isiah Small,2022-05-13,P,May 2022
Atq -418,Hillary Kirk,2022-05-13,P,May 2022
Atq -376,Dominique Benjamin,2022-05-13,P,May 2022
Atq -453,Nehemiah Diaz,2022-05-13,P,May 2022
Atq -461,Josh Sharp,2022-05-13,P,May 2022
Atq -411,Samuel Murray,2022-05-13,P,May 2022
Atq -472,Quincy Mendez,2022-05-13,WFH,May 2022
Atq -448,Athena Rios,2022-05-13,LWP,May 2022
Atq -387,Konner Henson,2022-05-13,WFH,May 2022
Atq -385,Finnegan Gilbert,2022-05-13,WFH,May 2022
Atq -470,Jovani Pope,2022-05-13,P,May 2022
Atq -374,Kaley Fitzpatrick,2022-05-13,P,May 2022
Atq -372,Miley Combs,2022-05-13,P,May 2022
Atq -437,Dallas Weeks,2022-05-13,LWP,May 2022
Atq -400,Chad Macias,2022-05-13,P,May 2022
Atq -458,Jessie Carrillo,2022-05-13,P,May 2022
Atq -455,Aditya Walls,2022-05-13,P,May 2022
Atq -476,Kane Malone,2022-05-13,HLWP,May 2022
Atq -362,Kiana Mcmillan,2022-05-13,HLWP,May 2022
Atq -406,Thanos Thakur,2022-05-14,WO,May 2022
Atq -462,Jarvis Singh,2022-05-14,WO,May 2022
Atq -411,Nevaeh Waller,2022-05-14,WO,May 2022
Atq -398,Bo Cordova,2022-05-14,WO,May 2022
Atq -438,Mekhi Singleton,2022-05-14,WO,May 2022
Atq -366,Peter Pandey,2022-05-14,WO,May 2022
Atq -441,Loki Lal,2022-05-14,WO,May 2022
Atq -436,Phoenix Brady,2022-05-14,WO,May 2022
Atq -404,Ana Little,2022-05-14,WO,May 2022
Atq -397,Grace Stone,2022-05-14,WO,May 2022
Atq -335,Tori Shannon,2022-05-14,WO,May 2022
Atq -443,Lyric Bartlett,2022-05-14,WO,May 2022
Atq -419,Kaylah Schultz,2022-05-14,WO,May 2022
Atq -467,Cason David,2022-05-14,WO,May 2022
Atq -450,Miya Hampton,2022-05-14,WO,May 2022
Atq -405,Sofia Solis,2022-05-14,WO,May 2022
Atq -440,Mckayla Parker,2022-05-14,WO,May 2022
Atq -335,Madelynn Gray,2022-05-14,WO,May 2022
Atq -343,Myla Klein,2022-05-14,WO,May 2022
Atq -334,Boston Morse,2022-05-14,WO,May 2022
Atq -446,April Ayers,2022-05-14,WO,May 2022
Atq -419,Faith Hamilton,2022-05-14,WO,May 2022
Atq -396,Joel Cruz,2022-05-14,WO,May 2022
Atq -459,Iris Woodard,2022-05-14,WO,May 2022
Atq -349,Trystan Ortega,2022-05-14,WO,May 2022
Atq -438,Miles Fields,2022-05-14,WO,May 2022
Atq -423,Rodrigo Price,2022-05-14,WO,May 2022
Atq -370,Ella Roth,2022-05-14,WO,May 2022
Atq -433,Jayce Fuentes,2022-05-14,WO,May 2022
Atq -375,Hailee Fitzpatrick,2022-05-14,WO,May 2022
Atq -475,Rey Novak,2022-05-14,WO,May 2022
Atq -368,Macie Callahan,2022-05-14,WO,May 2022
Atq -468,Xiomara Ruiz,2022-05-14,WO,May 2022
Atq -348,Weston Horton,2022-05-14,WO,May 2022
Atq -435,Dean Mclaughlin,2022-05-14,WO,May 2022
Atq -331,Jonah Hamilton,2022-05-14,WO,May 2022
Atq -405,Chris Frye,2022-05-14,WO,May 2022
Atq -475,London Kim,2022-05-14,WO,May 2022
Atq -375,Kenley Marsh,2022-05-14,WO,May 2022
Atq -456,Adriel Pace,2022-05-14,WO,May 2022
Atq -385,Jase Ingram,2022-05-14,WO,May 2022
Atq -484,Adyson Moyer,2022-05-14,WO,May 2022
Atq -398,Salvatore Hendrix,2022-05-14,WO,May 2022
Atq -412,Tucker Austin,2022-05-14,WO,May 2022
Atq -472,Cristofer Bernard,2022-05-14,WO,May 2022
Atq -396,Karma Reeves,2022-05-14,WO,May 2022
Atq -467,Esperanza Irwin,2022-05-14,WO,May 2022
Atq -484,Demarcus Gordon,2022-05-14,WO,May 2022
Atq -432,Ryann Guerrero,2022-05-14,WO,May 2022
Atq -421,Rylee Mullins,2022-05-14,WO,May 2022
Atq -452,Ayanna Atkins,2022-05-14,WO,May 2022
Atq -367,Briley Orr,2022-05-14,WO,May 2022
Atq -393,Emma Freeman,2022-05-14,WO,May 2022
Atq -403,Will Mahoney,2022-05-14,WO,May 2022
Atq -414,Titus Andersen,2022-05-14,WO,May 2022
Atq -418,Marquis Wyatt,2022-05-14,WO,May 2022
Atq -408,Nick Orozco,2022-05-14,WO,May 2022
Atq -382,Gustavo Ritter,2022-05-14,WO,May 2022
Atq -373,Isiah Small,2022-05-14,WO,May 2022
Atq -418,Hillary Kirk,2022-05-14,WO,May 2022
Atq -376,Dominique Benjamin,2022-05-14,WO,May 2022
Atq -453,Nehemiah Diaz,2022-05-14,WO,May 2022
Atq -461,Josh Sharp,2022-05-14,WO,May 2022
Atq -411,Samuel Murray,2022-05-14,WO,May 2022
Atq -472,Quincy Mendez,2022-05-14,WO,May 2022
Atq -448,Athena Rios,2022-05-14,WO,May 2022
Atq -364,Keaton Nixon,2022-05-14,WO,May 2022
Atq -371,Kayleigh Kennedy,2022-05-14,WO,May 2022
Atq -430,Maximus Mckenzie,2022-05-14,WO,May 2022
Atq -387,Konner Henson,2022-05-14,WO,May 2022
Atq -385,Finnegan Gilbert,2022-05-14,WO,May 2022
Atq -455,Caylee Meadows,2022-05-14,WO,May 2022
Atq -470,Jovani Pope,2022-05-14,WO,May 2022
Atq -374,Kaley Fitzpatrick,2022-05-14,WO,May 2022
Atq -372,Miley Combs,2022-05-14,WO,May 2022
Atq -437,Dallas Weeks,2022-05-14,WO,May 2022
Atq -400,Chad Macias,2022-05-14,WO,May 2022
Atq -458,Jessie Carrillo,2022-05-14,WO,May 2022
Atq -455,Aditya Walls,2022-05-14,WO,May 2022
Atq -476,Kane Malone,2022-05-14,WO,May 2022
Atq -362,Kiana Mcmillan,2022-05-14,WO,May 2022
Atq -426,Isabella Pittman,2022-05-14,WO,May 2022
Atq -461,Shea Zuniga,2022-05-14,WO,May 2022
Atq -414,Mckayla Miles,2022-05-14,WO,May 2022
Atq -389,Julien Hamilton,2022-05-14,WO,May 2022
Atq -406,Thanos Thakur,2022-05-15,WO,May 2022
Atq -462,Jarvis Singh,2022-05-15,WO,May 2022
Atq -411,Nevaeh Waller,2022-05-15,WO,May 2022
Atq -398,Bo Cordova,2022-05-15,WO,May 2022
Atq -438,Mekhi Singleton,2022-05-15,WO,May 2022
Atq -366,Peter Pandey,2022-05-15,WO,May 2022
Atq -441,Loki Lal,2022-05-15,WO,May 2022
Atq -436,Phoenix Brady,2022-05-15,WO,May 2022
Atq -404,Ana Little,2022-05-15,WO,May 2022
Atq -397,Grace Stone,2022-05-15,WO,May 2022
Atq -335,Tori Shannon,2022-05-15,WO,May 2022
Atq -443,Lyric Bartlett,2022-05-15,WO,May 2022
Atq -419,Kaylah Schultz,2022-05-15,WO,May 2022
Atq -467,Cason David,2022-05-15,WO,May 2022
Atq -450,Miya Hampton,2022-05-15,WO,May 2022
Atq -405,Sofia Solis,2022-05-15,WO,May 2022
Atq -440,Mckayla Parker,2022-05-15,WO,May 2022
Atq -335,Madelynn Gray,2022-05-15,WO,May 2022
Atq -343,Myla Klein,2022-05-15,WO,May 2022
Atq -334,Boston Morse,2022-05-15,WO,May 2022
Atq -446,April Ayers,2022-05-15,WO,May 2022
Atq -419,Faith Hamilton,2022-05-15,WO,May 2022
Atq -396,Joel Cruz,2022-05-15,WO,May 2022
Atq -459,Iris Woodard,2022-05-15,WO,May 2022
Atq -349,Trystan Ortega,2022-05-15,WO,May 2022
Atq -438,Miles Fields,2022-05-15,WO,May 2022
Atq -423,Rodrigo Price,2022-05-15,WO,May 2022
Atq -370,Ella Roth,2022-05-15,WO,May 2022
Atq -433,Jayce Fuentes,2022-05-15,WO,May 2022
Atq -375,Hailee Fitzpatrick,2022-05-15,WO,May 2022
Atq -475,Rey Novak,2022-05-15,WO,May 2022
Atq -368,Macie Callahan,2022-05-15,WO,May 2022
Atq -468,Xiomara Ruiz,2022-05-15,WO,May 2022
Atq -348,Weston Horton,2022-05-15,WO,May 2022
Atq -435,Dean Mclaughlin,2022-05-15,WO,May 2022
Atq -331,Jonah Hamilton,2022-05-15,WO,May 2022
Atq -405,Chris Frye,2022-05-15,WO,May 2022
Atq -475,London Kim,2022-05-15,WO,May 2022
Atq -375,Kenley Marsh,2022-05-15,WO,May 2022
Atq -456,Adriel Pace,2022-05-15,WO,May 2022
Atq -385,Jase Ingram,2022-05-15,WO,May 2022
Atq -484,Adyson Moyer,2022-05-15,WO,May 2022
Atq -398,Salvatore Hendrix,2022-05-15,WO,May 2022
Atq -412,Tucker Austin,2022-05-15,WO,May 2022
Atq -472,Cristofer Bernard,2022-05-15,WO,May 2022
Atq -396,Karma Reeves,2022-05-15,WO,May 2022
Atq -467,Esperanza Irwin,2022-05-15,WO,May 2022
Atq -484,Demarcus Gordon,2022-05-15,WO,May 2022
Atq -432,Ryann Guerrero,2022-05-15,WO,May 2022
Atq -421,Rylee Mullins,2022-05-15,WO,May 2022
Atq -452,Ayanna Atkins,2022-05-15,WO,May 2022
Atq -367,Briley Orr,2022-05-15,WO,May 2022
Atq -393,Emma Freeman,2022-05-15,WO,May 2022
Atq -403,Will Mahoney,2022-05-15,WO,May 2022
Atq -414,Titus Andersen,2022-05-15,WO,May 2022
Atq -418,Marquis Wyatt,2022-05-15,WO,May 2022
Atq -408,Nick Orozco,2022-05-15,WO,May 2022
Atq -382,Gustavo Ritter,2022-05-15,WO,May 2022
Atq -373,Isiah Small,2022-05-15,WO,May 2022
Atq -418,Hillary Kirk,2022-05-15,WO,May 2022
Atq -376,Dominique Benjamin,2022-05-15,WO,May 2022
Atq -453,Nehemiah Diaz,2022-05-15,WO,May 2022
Atq -461,Josh Sharp,2022-05-15,WO,May 2022
Atq -411,Samuel Murray,2022-05-15,WO,May 2022
Atq -472,Quincy Mendez,2022-05-15,WO,May 2022
Atq -448,Athena Rios,2022-05-15,WO,May 2022
Atq -364,Keaton Nixon,2022-05-15,WO,May 2022
Atq -371,Kayleigh Kennedy,2022-05-15,WO,May 2022
Atq -430,Maximus Mckenzie,2022-05-15,WO,May 2022
Atq -387,Konner Henson,2022-05-15,WO,May 2022
Atq -385,Finnegan Gilbert,2022-05-15,WO,May 2022
Atq -455,Caylee Meadows,2022-05-15,WO,May 2022
Atq -470,Jovani Pope,2022-05-15,WO,May 2022
Atq -374,Kaley Fitzpatrick,2022-05-15,WO,May 2022
Atq -372,Miley Combs,2022-05-15,WO,May 2022
Atq -437,Dallas Weeks,2022-05-15,WO,May 2022
Atq -400,Chad Macias,2022-05-15,WO,May 2022
Atq -458,Jessie Carrillo,2022-05-15,WO,May 2022
Atq -455,Aditya Walls,2022-05-15,WO,May 2022
Atq -476,Kane Malone,2022-05-15,WO,May 2022
Atq -362,Kiana Mcmillan,2022-05-15,WO,May 2022
Atq -426,Isabella Pittman,2022-05-15,WO,May 2022
Atq -461,Shea Zuniga,2022-05-15,WO,May 2022
Atq -414,Mckayla Miles,2022-05-15,WO,May 2022
Atq -389,Julien Hamilton,2022-05-15,WO,May 2022
Atq -406,Thanos Thakur,2022-05-16,P,May 2022
Atq -462,Jarvis Singh,2022-05-16,P,May 2022
Atq -411,Nevaeh Waller,2022-05-16,P,May 2022
Atq -398,Bo Cordova,2022-05-16,P,May 2022
Atq -438,Mekhi Singleton,2022-05-16,P,May 2022
Atq -366,Peter Pandey,2022-05-16,P,May 2022
Atq -441,Loki Lal,2022-05-16,P,May 2022
Atq -436,Phoenix Brady,2022-05-16,HSL,May 2022
Atq -404,Ana Little,2022-05-16,P,May 2022
Atq -397,Grace Stone,2022-05-16,P,May 2022
Atq -335,Tori Shannon,2022-05-16,P,May 2022
Atq -443,Lyric Bartlett,2022-05-16,P,May 2022
Atq -419,Kaylah Schultz,2022-05-16,PL,May 2022
Atq -467,Cason David,2022-05-16,P,May 2022
Atq -450,Miya Hampton,2022-05-16,P,May 2022
Atq -405,Sofia Solis,2022-05-16,P,May 2022
Atq -440,Mckayla Parker,2022-05-16,P,May 2022
Atq -335,Madelynn Gray,2022-05-16,P,May 2022
Atq -343,Myla Klein,2022-05-16,P,May 2022
Atq -334,Boston Morse,2022-05-16,P,May 2022
Atq -446,April Ayers,2022-05-16,P,May 2022
Atq -419,Faith Hamilton,2022-05-16,P,May 2022
Atq -396,Joel Cruz,2022-05-16,P,May 2022
Atq -459,Iris Woodard,2022-05-16,P,May 2022
Atq -349,Trystan Ortega,2022-05-16,P,May 2022
Atq -438,Miles Fields,2022-05-16,P,May 2022
Atq -423,Rodrigo Price,2022-05-16,WFH,May 2022
Atq -370,Ella Roth,2022-05-16,WFH,May 2022
Atq -433,Jayce Fuentes,2022-05-16,P,May 2022
Atq -375,Hailee Fitzpatrick,2022-05-16,P,May 2022
Atq -475,Rey Novak,2022-05-16,P,May 2022
Atq -368,Macie Callahan,2022-05-16,P,May 2022
Atq -468,Xiomara Ruiz,2022-05-16,P,May 2022
Atq -348,Weston Horton,2022-05-16,P,May 2022
Atq -435,Dean Mclaughlin,2022-05-16,PL,May 2022
Atq -331,Jonah Hamilton,2022-05-16,P,May 2022
Atq -405,Chris Frye,2022-05-16,P,May 2022
Atq -475,London Kim,2022-05-16,P,May 2022
Atq -375,Kenley Marsh,2022-05-16,P,May 2022
Atq -456,Adriel Pace,2022-05-16,P,May 2022
Atq -385,Jase Ingram,2022-05-16,P,May 2022
Atq -484,Adyson Moyer,2022-05-16,P,May 2022
Atq -398,Salvatore Hendrix,2022-05-16,WFH,May 2022
Atq -412,Tucker Austin,2022-05-16,P,May 2022
Atq -472,Cristofer Bernard,2022-05-16,P,May 2022
Atq -396,Karma Reeves,2022-05-16,P,May 2022
Atq -467,Esperanza Irwin,2022-05-16,P,May 2022
Atq -484,Demarcus Gordon,2022-05-16,P,May 2022
Atq -432,Ryann Guerrero,2022-05-16,PL,May 2022
Atq -421,Rylee Mullins,2022-05-16,PL,May 2022
Atq -452,Ayanna Atkins,2022-05-16,SL,May 2022
Atq -367,Briley Orr,2022-05-16,P,May 2022
Atq -393,Emma Freeman,2022-05-16,PL,May 2022
Atq -403,Will Mahoney,2022-05-16,P,May 2022
Atq -414,Titus Andersen,2022-05-16,P,May 2022
Atq -418,Marquis Wyatt,2022-05-16,P,May 2022
Atq -408,Nick Orozco,2022-05-16,LWP,May 2022
Atq -382,Gustavo Ritter,2022-05-16,WFH,May 2022
Atq -373,Isiah Small,2022-05-16,P,May 2022
Atq -418,Hillary Kirk,2022-05-16,P,May 2022
Atq -376,Dominique Benjamin,2022-05-16,HLWP,May 2022
Atq -453,Nehemiah Diaz,2022-05-16,P,May 2022
Atq -461,Josh Sharp,2022-05-16,P,May 2022
Atq -411,Samuel Murray,2022-05-16,P,May 2022
Atq -472,Quincy Mendez,2022-05-16,P,May 2022
Atq -448,Athena Rios,2022-05-16,P,May 2022
Atq -364,Keaton Nixon,2022-05-16,P,May 2022
Atq -430,Maximus Mckenzie,2022-05-16,WFH,May 2022
Atq -387,Konner Henson,2022-05-16,LWP,May 2022
Atq -385,Finnegan Gilbert,2022-05-16,P,May 2022
Atq -470,Jovani Pope,2022-05-16,P,May 2022
Atq -374,Kaley Fitzpatrick,2022-05-16,P,May 2022
Atq -372,Miley Combs,2022-05-16,P,May 2022
Atq -437,Dallas Weeks,2022-05-16,P,May 2022
Atq -400,Chad Macias,2022-05-16,P,May 2022
Atq -458,Jessie Carrillo,2022-05-16,P,May 2022
Atq -455,Aditya Walls,2022-05-16,P,May 2022
Atq -476,Kane Malone,2022-05-16,P,May 2022
Atq -362,Kiana Mcmillan,2022-05-16,P,May 2022
Atq -406,Thanos Thakur,2022-05-17,P,May 2022
Atq -462,Jarvis Singh,2022-05-17,P,May 2022
Atq -411,Nevaeh Waller,2022-05-17,P,May 2022
Atq -398,Bo Cordova,2022-05-17,P,May 2022
Atq -438,Mekhi Singleton,2022-05-17,P,May 2022
Atq -366,Peter Pandey,2022-05-17,P,May 2022
Atq -441,Loki Lal,2022-05-17,P,May 2022
Atq -436,Phoenix Brady,2022-05-17,P,May 2022
Atq -404,Ana Little,2022-05-17,P,May 2022
Atq -397,Grace Stone,2022-05-17,P,May 2022
Atq -335,Tori Shannon,2022-05-17,P,May 2022
Atq -443,Lyric Bartlett,2022-05-17,P,May 2022
Atq -419,Kaylah Schultz,2022-05-17,PL,May 2022
Atq -467,Cason David,2022-05-17,P,May 2022
Atq -450,Miya Hampton,2022-05-17,P,May 2022
Atq -405,Sofia Solis,2022-05-17,P,May 2022
Atq -440,Mckayla Parker,2022-05-17,P,May 2022
Atq -335,Madelynn Gray,2022-05-17,P,May 2022
Atq -343,Myla Klein,2022-05-17,P,May 2022
Atq -334,Boston Morse,2022-05-17,P,May 2022
Atq -446,April Ayers,2022-05-17,P,May 2022
Atq -419,Faith Hamilton,2022-05-17,P,May 2022
Atq -396,Joel Cruz,2022-05-17,P,May 2022
Atq -459,Iris Woodard,2022-05-17,P,May 2022
Atq -349,Trystan Ortega,2022-05-17,P,May 2022
Atq -438,Miles Fields,2022-05-17,P,May 2022
Atq -423,Rodrigo Price,2022-05-17,WFH,May 2022
Atq -370,Ella Roth,2022-05-17,WFH,May 2022
Atq -433,Jayce Fuentes,2022-05-17,P,May 2022
Atq -375,Hailee Fitzpatrick,2022-05-17,P,May 2022
Atq -475,Rey Novak,2022-05-17,P,May 2022
Atq -368,Macie Callahan,2022-05-17,P,May 2022
Atq -468,Xiomara Ruiz,2022-05-17,P,May 2022
Atq -348,Weston Horton,2022-05-17,P,May 2022
Atq -435,Dean Mclaughlin,2022-05-17,HLWP,May 2022
Atq -331,Jonah Hamilton,2022-05-17,P,May 2022
Atq -405,Chris Frye,2022-05-17,P,May 2022
Atq -475,London Kim,2022-05-17,P,May 2022
Atq -375,Kenley Marsh,2022-05-17,P,May 2022
Atq -456,Adriel Pace,2022-05-17,P,May 2022
Atq -385,Jase Ingram,2022-05-17,P,May 2022
Atq -484,Adyson Moyer,2022-05-17,P,May 2022
Atq -398,Salvatore Hendrix,2022-05-17,WFH,May 2022
Atq -412,Tucker Austin,2022-05-17,P,May 2022
Atq -472,Cristofer Bernard,2022-05-17,P,May 2022
Atq -396,Karma Reeves,2022-05-17,P,May 2022
Atq -467,Esperanza Irwin,2022-05-17,HSL,May 2022
Atq -484,Demarcus Gordon,2022-05-17,P,May 2022
Atq -432,Ryann Guerrero,2022-05-17,P,May 2022
Atq -421,Rylee Mullins,2022-05-17,PL,May 2022
Atq -452,Ayanna Atkins,2022-05-17,P,May 2022
Atq -367,Briley Orr,2022-05-17,ML,May 2022
Atq -393,Emma Freeman,2022-05-17,P,May 2022
Atq -403,Will Mahoney,2022-05-17,P,May 2022
Atq -414,Titus Andersen,2022-05-17,P,May 2022
Atq -418,Marquis Wyatt,2022-05-17,P,May 2022
Atq -408,Nick Orozco,2022-05-17,P,May 2022
Atq -382,Gustavo Ritter,2022-05-17,WFH,May 2022
Atq -373,Isiah Small,2022-05-17,P,May 2022
Atq -418,Hillary Kirk,2022-05-17,P,May 2022
Atq -376,Dominique Benjamin,2022-05-17,P,May 2022
Atq -453,Nehemiah Diaz,2022-05-17,P,May 2022
Atq -461,Josh Sharp,2022-05-17,P,May 2022
Atq -411,Samuel Murray,2022-05-17,P,May 2022
Atq -472,Quincy Mendez,2022-05-17,P,May 2022
Atq -448,Athena Rios,2022-05-17,P,May 2022
Atq -364,Keaton Nixon,2022-05-17,P,May 2022
Atq -430,Maximus Mckenzie,2022-05-17,WFH,May 2022
Atq -387,Konner Henson,2022-05-17,LWP,May 2022
Atq -385,Finnegan Gilbert,2022-05-17,P,May 2022
Atq -470,Jovani Pope,2022-05-17,P,May 2022
Atq -374,Kaley Fitzpatrick,2022-05-17,P,May 2022
Atq -372,Miley Combs,2022-05-17,P,May 2022
Atq -437,Dallas Weeks,2022-05-17,P,May 2022
Atq -400,Chad Macias,2022-05-17,P,May 2022
Atq -458,Jessie Carrillo,2022-05-17,WFH,May 2022
Atq -455,Aditya Walls,2022-05-17,P,May 2022
Atq -476,Kane Malone,2022-05-17,P,May 2022
Atq -362,Kiana Mcmillan,2022-05-17,P,May 2022
Atq -406,Thanos Thakur,2022-05-18,P,May 2022
Atq -462,Jarvis Singh,2022-05-18,P,May 2022
Atq -411,Nevaeh Waller,2022-05-18,P,May 2022
Atq -398,Bo Cordova,2022-05-18,P,May 2022
Atq -438,Mekhi Singleton,2022-05-18,P,May 2022
Atq -366,Peter Pandey,2022-05-18,P,May 2022
Atq -441,Loki Lal,2022-05-18,P,May 2022
Atq -436,Phoenix Brady,2022-05-18,P,May 2022
Atq -404,Ana Little,2022-05-18,P,May 2022
Atq -397,Grace Stone,2022-05-18,P,May 2022
Atq -335,Tori Shannon,2022-05-18,P,May 2022
Atq -443,Lyric Bartlett,2022-05-18,P,May 2022
Atq -419,Kaylah Schultz,2022-05-18,PL,May 2022
Atq -467,Cason David,2022-05-18,P,May 2022
Atq -450,Miya Hampton,2022-05-18,P,May 2022
Atq -405,Sofia Solis,2022-05-18,HPL,May 2022
Atq -440,Mckayla Parker,2022-05-18,P,May 2022
Atq -335,Madelynn Gray,2022-05-18,P,May 2022
Atq -343,Myla Klein,2022-05-18,P,May 2022
Atq -334,Boston Morse,2022-05-18,P,May 2022
Atq -446,April Ayers,2022-05-18,SL,May 2022
Atq -419,Faith Hamilton,2022-05-18,P,May 2022
Atq -396,Joel Cruz,2022-05-18,P,May 2022
Atq -459,Iris Woodard,2022-05-18,P,May 2022
Atq -349,Trystan Ortega,2022-05-18,P,May 2022
Atq -438,Miles Fields,2022-05-18,P,May 2022
Atq -423,Rodrigo Price,2022-05-18,WFH,May 2022
Atq -370,Ella Roth,2022-05-18,WFH,May 2022
Atq -433,Jayce Fuentes,2022-05-18,P,May 2022
Atq -375,Hailee Fitzpatrick,2022-05-18,P,May 2022
Atq -475,Rey Novak,2022-05-18,P,May 2022
Atq -368,Macie Callahan,2022-05-18,P,May 2022
Atq -468,Xiomara Ruiz,2022-05-18,P,May 2022
Atq -348,Weston Horton,2022-05-18,P,May 2022
Atq -435,Dean Mclaughlin,2022-05-18,LWP,May 2022
Atq -331,Jonah Hamilton,2022-05-18,P,May 2022
Atq -405,Chris Frye,2022-05-18,P,May 2022
Atq -475,London Kim,2022-05-18,P,May 2022
Atq -375,Kenley Marsh,2022-05-18,SL,May 2022
Atq -456,Adriel Pace,2022-05-18,P,May 2022
Atq -385,Jase Ingram,2022-05-18,P,May 2022
Atq -484,Adyson Moyer,2022-05-18,P,May 2022
Atq -398,Salvatore Hendrix,2022-05-18,WFH,May 2022
Atq -412,Tucker Austin,2022-05-18,P,May 2022
Atq -472,Cristofer Bernard,2022-05-18,P,May 2022
Atq -396,Karma Reeves,2022-05-18,P,May 2022
Atq -467,Esperanza Irwin,2022-05-18,P,May 2022
Atq -484,Demarcus Gordon,2022-05-18,P,May 2022
Atq -432,Ryann Guerrero,2022-05-18,P,May 2022
Atq -421,Rylee Mullins,2022-05-18,PL,May 2022
Atq -452,Ayanna Atkins,2022-05-18,P,May 2022
Atq -367,Briley Orr,2022-05-18,P,May 2022
Atq -393,Emma Freeman,2022-05-18,P,May 2022
Atq -403,Will Mahoney,2022-05-18,P,May 2022
Atq -414,Titus Andersen,2022-05-18,P,May 2022
Atq -418,Marquis Wyatt,2022-05-18,P,May 2022
Atq -408,Nick Orozco,2022-05-18,P,May 2022
Atq -382,Gustavo Ritter,2022-05-18,WFH,May 2022
Atq -373,Isiah Small,2022-05-18,P,May 2022
Atq -418,Hillary Kirk,2022-05-18,P,May 2022
Atq -376,Dominique Benjamin,2022-05-18,P,May 2022
Atq -453,Nehemiah Diaz,2022-05-18,P,May 2022
Atq -461,Josh Sharp,2022-05-18,P,May 2022
Atq -411,Samuel Murray,2022-05-18,P,May 2022
Atq -472,Quincy Mendez,2022-05-18,P,May 2022
Atq -448,Athena Rios,2022-05-18,P,May 2022
Atq -364,Keaton Nixon,2022-05-18,P,May 2022
Atq -430,Maximus Mckenzie,2022-05-18,WFH,May 2022
Atq -387,Konner Henson,2022-05-18,LWP,May 2022
Atq -385,Finnegan Gilbert,2022-05-18,P,May 2022
Atq -470,Jovani Pope,2022-05-18,P,May 2022
Atq -374,Kaley Fitzpatrick,2022-05-18,P,May 2022
Atq -372,Miley Combs,2022-05-18,P,May 2022
Atq -437,Dallas Weeks,2022-05-18,P,May 2022
Atq -400,Chad Macias,2022-05-18,WFH,May 2022
Atq -458,Jessie Carrillo,2022-05-18,WFH,May 2022
Atq -455,Aditya Walls,2022-05-18,P,May 2022
Atq -476,Kane Malone,2022-05-18,P,May 2022
Atq -362,Kiana Mcmillan,2022-05-18,P,May 2022
Atq -406,Thanos Thakur,2022-05-19,P,May 2022
Atq -462,Jarvis Singh,2022-05-19,P,May 2022
Atq -411,Nevaeh Waller,2022-05-19,P,May 2022
Atq -398,Bo Cordova,2022-05-19,P,May 2022
Atq -438,Mekhi Singleton,2022-05-19,PL,May 2022
Atq -366,Peter Pandey,2022-05-19,P,May 2022
Atq -441,Loki Lal,2022-05-19,P,May 2022
Atq -436,Phoenix Brady,2022-05-19,P,May 2022
Atq -404,Ana Little,2022-05-19,P,May 2022
Atq -397,Grace Stone,2022-05-19,P,May 2022
Atq -335,Tori Shannon,2022-05-19,P,May 2022
Atq -443,Lyric Bartlett,2022-05-19,P,May 2022
Atq -419,Kaylah Schultz,2022-05-19,PL,May 2022
Atq -467,Cason David,2022-05-19,P,May 2022
Atq -450,Miya Hampton,2022-05-19,P,May 2022
Atq -405,Sofia Solis,2022-05-19,P,May 2022
Atq -440,Mckayla Parker,2022-05-19,P,May 2022
Atq -335,Madelynn Gray,2022-05-19,P,May 2022
Atq -343,Myla Klein,2022-05-19,P,May 2022
Atq -334,Boston Morse,2022-05-19,P,May 2022
Atq -446,April Ayers,2022-05-19,P,May 2022
Atq -419,Faith Hamilton,2022-05-19,P,May 2022
Atq -396,Joel Cruz,2022-05-19,P,May 2022
Atq -459,Iris Woodard,2022-05-19,P,May 2022
Atq -349,Trystan Ortega,2022-05-19,P,May 2022
Atq -438,Miles Fields,2022-05-19,P,May 2022
Atq -423,Rodrigo Price,2022-05-19,WFH,May 2022
Atq -370,Ella Roth,2022-05-19,WFH,May 2022
Atq -433,Jayce Fuentes,2022-05-19,P,May 2022
Atq -375,Hailee Fitzpatrick,2022-05-19,P,May 2022
Atq -475,Rey Novak,2022-05-19,P,May 2022
Atq -368,Macie Callahan,2022-05-19,P,May 2022
Atq -468,Xiomara Ruiz,2022-05-19,PL,May 2022
Atq -348,Weston Horton,2022-05-19,P,May 2022
Atq -435,Dean Mclaughlin,2022-05-19,P,May 2022
Atq -331,Jonah Hamilton,2022-05-19,P,May 2022
Atq -405,Chris Frye,2022-05-19,WFH,May 2022
Atq -475,London Kim,2022-05-19,P,May 2022
Atq -375,Kenley Marsh,2022-05-19,WFH,May 2022
Atq -456,Adriel Pace,2022-05-19,WFH,May 2022
Atq -385,Jase Ingram,2022-05-19,P,May 2022
Atq -484,Adyson Moyer,2022-05-19,P,May 2022
Atq -398,Salvatore Hendrix,2022-05-19,WFH,May 2022
Atq -412,Tucker Austin,2022-05-19,P,May 2022
Atq -472,Cristofer Bernard,2022-05-19,P,May 2022
Atq -396,Karma Reeves,2022-05-19,P,May 2022
Atq -467,Esperanza Irwin,2022-05-19,P,May 2022
Atq -484,Demarcus Gordon,2022-05-19,P,May 2022
Atq -432,Ryann Guerrero,2022-05-19,P,May 2022
Atq -421,Rylee Mullins,2022-05-19,PL,May 2022
Atq -452,Ayanna Atkins,2022-05-19,P,May 2022
Atq -367,Briley Orr,2022-05-19,P,May 2022
Atq -393,Emma Freeman,2022-05-19,P,May 2022
Atq -403,Will Mahoney,2022-05-19,P,May 2022
Atq -414,Titus Andersen,2022-05-19,P,May 2022
Atq -418,Marquis Wyatt,2022-05-19,P,May 2022
Atq -408,Nick Orozco,2022-05-19,P,May 2022
Atq -382,Gustavo Ritter,2022-05-19,WFH,May 2022
Atq -373,Isiah Small,2022-05-19,P,May 2022
Atq -418,Hillary Kirk,2022-05-19,P,May 2022
Atq -376,Dominique Benjamin,2022-05-19,P,May 2022
Atq -453,Nehemiah Diaz,2022-05-19,P,May 2022
Atq -461,Josh Sharp,2022-05-19,P,May 2022
Atq -411,Samuel Murray,2022-05-19,P,May 2022
Atq -472,Quincy Mendez,2022-05-19,P,May 2022
Atq -448,Athena Rios,2022-05-19,P,May 2022
Atq -364,Keaton Nixon,2022-05-19,P,May 2022
Atq -430,Maximus Mckenzie,2022-05-19,WFH,May 2022
Atq -387,Konner Henson,2022-05-19,LWP,May 2022
Atq -385,Finnegan Gilbert,2022-05-19,P,May 2022
Atq -470,Jovani Pope,2022-05-19,P,May 2022
Atq -374,Kaley Fitzpatrick,2022-05-19,P,May 2022
Atq -372,Miley Combs,2022-05-19,P,May 2022
Atq -437,Dallas Weeks,2022-05-19,P,May 2022
Atq -400,Chad Macias,2022-05-19,WFH,May 2022
Atq -458,Jessie Carrillo,2022-05-19,WFH,May 2022
Atq -455,Aditya Walls,2022-05-19,P,May 2022
Atq -476,Kane Malone,2022-05-19,P,May 2022
Atq -362,Kiana Mcmillan,2022-05-19,P,May 2022
Atq -406,Thanos Thakur,2022-05-20,P,May 2022
Atq -462,Jarvis Singh,2022-05-20,P,May 2022
Atq -411,Nevaeh Waller,2022-05-20,P,May 2022
Atq -398,Bo Cordova,2022-05-20,P,May 2022
Atq -438,Mekhi Singleton,2022-05-20,P,May 2022
Atq -366,Peter Pandey,2022-05-20,P,May 2022
Atq -441,Loki Lal,2022-05-20,P,May 2022
Atq -436,Phoenix Brady,2022-05-20,P,May 2022
Atq -404,Ana Little,2022-05-20,P,May 2022
Atq -397,Grace Stone,2022-05-20,P,May 2022
Atq -335,Tori Shannon,2022-05-20,P,May 2022
Atq -443,Lyric Bartlett,2022-05-20,P,May 2022
Atq -419,Kaylah Schultz,2022-05-20,PL,May 2022
Atq -467,Cason David,2022-05-20,P,May 2022
Atq -450,Miya Hampton,2022-05-20,P,May 2022
Atq -405,Sofia Solis,2022-05-20,P,May 2022
Atq -440,Mckayla Parker,2022-05-20,P,May 2022
Atq -335,Madelynn Gray,2022-05-20,P,May 2022
Atq -343,Myla Klein,2022-05-20,SL,May 2022
Atq -334,Boston Morse,2022-05-20,P,May 2022
Atq -446,April Ayers,2022-05-20,P,May 2022
Atq -419,Faith Hamilton,2022-05-20,P,May 2022
Atq -396,Joel Cruz,2022-05-20,P,May 2022
Atq -459,Iris Woodard,2022-05-20,P,May 2022
Atq -349,Trystan Ortega,2022-05-20,P,May 2022
Atq -438,Miles Fields,2022-05-20,P,May 2022
Atq -423,Rodrigo Price,2022-05-20,WFH,May 2022
Atq -370,Ella Roth,2022-05-20,WFH,May 2022
Atq -433,Jayce Fuentes,2022-05-20,P,May 2022
Atq -375,Hailee Fitzpatrick,2022-05-20,P,May 2022
Atq -475,Rey Novak,2022-05-20,P,May 2022
Atq -368,Macie Callahan,2022-05-20,P,May 2022
Atq -468,Xiomara Ruiz,2022-05-20,WFH,May 2022
Atq -348,Weston Horton,2022-05-20,P,May 2022
Atq -435,Dean Mclaughlin,2022-05-20,P,May 2022
Atq -331,Jonah Hamilton,2022-05-20,P,May 2022
Atq -405,Chris Frye,2022-05-20,WFH,May 2022
Atq -475,London Kim,2022-05-20,P,May 2022
Atq -375,Kenley Marsh,2022-05-20,WFH,May 2022
Atq -456,Adriel Pace,2022-05-20,PL,May 2022
Atq -385,Jase Ingram,2022-05-20,P,May 2022
Atq -484,Adyson Moyer,2022-05-20,P,May 2022
Atq -398,Salvatore Hendrix,2022-05-20,WFH,May 2022
Atq -412,Tucker Austin,2022-05-20,P,May 2022
Atq -472,Cristofer Bernard,2022-05-20,P,May 2022
Atq -396,Karma Reeves,2022-05-20,P,May 2022
Atq -467,Esperanza Irwin,2022-05-20,P,May 2022
Atq -484,Demarcus Gordon,2022-05-20,P,May 2022
Atq -432,Ryann Guerrero,2022-05-20,P,May 2022
Atq -421,Rylee Mullins,2022-05-20,PL,May 2022
Atq -452,Ayanna Atkins,2022-05-20,P,May 2022
Atq -367,Briley Orr,2022-05-20,P,May 2022
Atq -393,Emma Freeman,2022-05-20,P,May 2022
Atq -403,Will Mahoney,2022-05-20,P,May 2022
Atq -414,Titus Andersen,2022-05-20,P,May 2022
Atq -418,Marquis Wyatt,2022-05-20,P,May 2022
Atq -408,Nick Orozco,2022-05-20,P,May 2022
Atq -382,Gustavo Ritter,2022-05-20,WFH,May 2022
Atq -373,Isiah Small,2022-05-20,P,May 2022
Atq -418,Hillary Kirk,2022-05-20,P,May 2022
Atq -376,Dominique Benjamin,2022-05-20,P,May 2022
Atq -453,Nehemiah Diaz,2022-05-20,WFH,May 2022
Atq -461,Josh Sharp,2022-05-20,P,May 2022
Atq -411,Samuel Murray,2022-05-20,P,May 2022
Atq -472,Quincy Mendez,2022-05-20,P,May 2022
Atq -448,Athena Rios,2022-05-20,WFH,May 2022
Atq -364,Keaton Nixon,2022-05-20,P,May 2022
Atq -430,Maximus Mckenzie,2022-05-20,WFH,May 2022
Atq -387,Konner Henson,2022-05-20,LWP,May 2022
Atq -385,Finnegan Gilbert,2022-05-20,P,May 2022
Atq -470,Jovani Pope,2022-05-20,P,May 2022
Atq -374,Kaley Fitzpatrick,2022-05-20,P,May 2022
Atq -372,Miley Combs,2022-05-20,P,May 2022
Atq -437,Dallas Weeks,2022-05-20,P,May 2022
Atq -400,Chad Macias,2022-05-20,WFH,May 2022
Atq -458,Jessie Carrillo,2022-05-20,WFH,May 2022
Atq -455,Aditya Walls,2022-05-20,P,May 2022
Atq -476,Kane Malone,2022-05-20,P,May 2022
Atq -362,Kiana Mcmillan,2022-05-20,P,May 2022
Atq -406,Thanos Thakur,2022-05-21,WO,May 2022
Atq -462,Jarvis Singh,2022-05-21,WO,May 2022
Atq -411,Nevaeh Waller,2022-05-21,WO,May 2022
Atq -398,Bo Cordova,2022-05-21,WO,May 2022
Atq -438,Mekhi Singleton,2022-05-21,WO,May 2022
Atq -366,Peter Pandey,2022-05-21,WO,May 2022
Atq -441,Loki Lal,2022-05-21,WO,May 2022
Atq -436,Phoenix Brady,2022-05-21,WO,May 2022
Atq -404,Ana Little,2022-05-21,WO,May 2022
Atq -397,Grace Stone,2022-05-21,WO,May 2022
Atq -335,Tori Shannon,2022-05-21,WO,May 2022
Atq -443,Lyric Bartlett,2022-05-21,WO,May 2022
Atq -419,Kaylah Schultz,2022-05-21,WO,May 2022
Atq -467,Cason David,2022-05-21,WO,May 2022
Atq -450,Miya Hampton,2022-05-21,WO,May 2022
Atq -405,Sofia Solis,2022-05-21,WO,May 2022
Atq -440,Mckayla Parker,2022-05-21,WO,May 2022
Atq -335,Madelynn Gray,2022-05-21,WO,May 2022
Atq -343,Myla Klein,2022-05-21,WO,May 2022
Atq -334,Boston Morse,2022-05-21,WO,May 2022
Atq -446,April Ayers,2022-05-21,WO,May 2022
Atq -419,Faith Hamilton,2022-05-21,WO,May 2022
Atq -396,Joel Cruz,2022-05-21,WO,May 2022
Atq -459,Iris Woodard,2022-05-21,WO,May 2022
Atq -349,Trystan Ortega,2022-05-21,WO,May 2022
Atq -438,Miles Fields,2022-05-21,WO,May 2022
Atq -423,Rodrigo Price,2022-05-21,WO,May 2022
Atq -370,Ella Roth,2022-05-21,WO,May 2022
Atq -433,Jayce Fuentes,2022-05-21,WO,May 2022
Atq -375,Hailee Fitzpatrick,2022-05-21,WO,May 2022
Atq -475,Rey Novak,2022-05-21,WO,May 2022
Atq -368,Macie Callahan,2022-05-21,WO,May 2022
Atq -468,Xiomara Ruiz,2022-05-21,WO,May 2022
Atq -348,Weston Horton,2022-05-21,WO,May 2022
Atq -435,Dean Mclaughlin,2022-05-21,WO,May 2022
Atq -331,Jonah Hamilton,2022-05-21,WO,May 2022
Atq -405,Chris Frye,2022-05-21,WO,May 2022
Atq -475,London Kim,2022-05-21,WO,May 2022
Atq -375,Kenley Marsh,2022-05-21,WO,May 2022
Atq -456,Adriel Pace,2022-05-21,WO,May 2022
Atq -385,Jase Ingram,2022-05-21,WO,May 2022
Atq -484,Adyson Moyer,2022-05-21,WO,May 2022
Atq -398,Salvatore Hendrix,2022-05-21,WO,May 2022
Atq -412,Tucker Austin,2022-05-21,WO,May 2022
Atq -472,Cristofer Bernard,2022-05-21,WO,May 2022
Atq -396,Karma Reeves,2022-05-21,WO,May 2022
Atq -467,Esperanza Irwin,2022-05-21,WO,May 2022
Atq -484,Demarcus Gordon,2022-05-21,WO,May 2022
Atq -432,Ryann Guerrero,2022-05-21,WO,May 2022
Atq -421,Rylee Mullins,2022-05-21,WO,May 2022
Atq -452,Ayanna Atkins,2022-05-21,WO,May 2022
Atq -367,Briley Orr,2022-05-21,WO,May 2022
Atq -393,Emma Freeman,2022-05-21,WO,May 2022
Atq -403,Will Mahoney,2022-05-21,WO,May 2022
Atq -414,Titus Andersen,2022-05-21,WO,May 2022
Atq -418,Marquis Wyatt,2022-05-21,WO,May 2022
Atq -408,Nick Orozco,2022-05-21,WO,May 2022
Atq -382,Gustavo Ritter,2022-05-21,WO,May 2022
Atq -373,Isiah Small,2022-05-21,WO,May 2022
Atq -418,Hillary Kirk,2022-05-21,WO,May 2022
Atq -376,Dominique Benjamin,2022-05-21,WO,May 2022
Atq -453,Nehemiah Diaz,2022-05-21,WO,May 2022
Atq -461,Josh Sharp,2022-05-21,WO,May 2022
Atq -411,Samuel Murray,2022-05-21,WO,May 2022
Atq -472,Quincy Mendez,2022-05-21,WO,May 2022
Atq -448,Athena Rios,2022-05-21,WO,May 2022
Atq -364,Keaton Nixon,2022-05-21,WO,May 2022
Atq -371,Kayleigh Kennedy,2022-05-21,WO,May 2022
Atq -430,Maximus Mckenzie,2022-05-21,WO,May 2022
Atq -387,Konner Henson,2022-05-21,WO,May 2022
Atq -385,Finnegan Gilbert,2022-05-21,WO,May 2022
Atq -455,Caylee Meadows,2022-05-21,WO,May 2022
Atq -470,Jovani Pope,2022-05-21,WO,May 2022
Atq -374,Kaley Fitzpatrick,2022-05-21,WO,May 2022
Atq -372,Miley Combs,2022-05-21,WO,May 2022
Atq -437,Dallas Weeks,2022-05-21,WO,May 2022
Atq -400,Chad Macias,2022-05-21,WO,May 2022
Atq -458,Jessie Carrillo,2022-05-21,WO,May 2022
Atq -455,Aditya Walls,2022-05-21,WO,May 2022
Atq -476,Kane Malone,2022-05-21,WO,May 2022
Atq -362,Kiana Mcmillan,2022-05-21,WO,May 2022
Atq -426,Isabella Pittman,2022-05-21,WO,May 2022
Atq -461,Shea Zuniga,2022-05-21,WO,May 2022
Atq -414,Mckayla Miles,2022-05-21,WO,May 2022
Atq -389,Julien Hamilton,2022-05-21,WO,May 2022
Atq -406,Thanos Thakur,2022-05-22,WO,May 2022
Atq -462,Jarvis Singh,2022-05-22,WO,May 2022
Atq -411,Nevaeh Waller,2022-05-22,WO,May 2022
Atq -398,Bo Cordova,2022-05-22,WO,May 2022
Atq -438,Mekhi Singleton,2022-05-22,WO,May 2022
Atq -366,Peter Pandey,2022-05-22,WO,May 2022
Atq -441,Loki Lal,2022-05-22,WO,May 2022
Atq -436,Phoenix Brady,2022-05-22,WO,May 2022
Atq -404,Ana Little,2022-05-22,WO,May 2022
Atq -397,Grace Stone,2022-05-22,WO,May 2022
Atq -335,Tori Shannon,2022-05-22,WO,May 2022
Atq -443,Lyric Bartlett,2022-05-22,WO,May 2022
Atq -419,Kaylah Schultz,2022-05-22,WO,May 2022
Atq -467,Cason David,2022-05-22,WO,May 2022
Atq -450,Miya Hampton,2022-05-22,WO,May 2022
Atq -405,Sofia Solis,2022-05-22,WO,May 2022
Atq -440,Mckayla Parker,2022-05-22,WO,May 2022
Atq -335,Madelynn Gray,2022-05-22,WO,May 2022
Atq -343,Myla Klein,2022-05-22,WO,May 2022
Atq -334,Boston Morse,2022-05-22,WO,May 2022
Atq -446,April Ayers,2022-05-22,WO,May 2022
Atq -419,Faith Hamilton,2022-05-22,WO,May 2022
Atq -396,Joel Cruz,2022-05-22,WO,May 2022
Atq -459,Iris Woodard,2022-05-22,WO,May 2022
Atq -349,Trystan Ortega,2022-05-22,WO,May 2022
Atq -438,Miles Fields,2022-05-22,WO,May 2022
Atq -423,Rodrigo Price,2022-05-22,WO,May 2022
Atq -370,Ella Roth,2022-05-22,WO,May 2022
Atq -433,Jayce Fuentes,2022-05-22,WO,May 2022
Atq -375,Hailee Fitzpatrick,2022-05-22,WO,May 2022
Atq -475,Rey Novak,2022-05-22,WO,May 2022
Atq -368,Macie Callahan,2022-05-22,WO,May 2022
Atq -468,Xiomara Ruiz,2022-05-22,WO,May 2022
Atq -348,Weston Horton,2022-05-22,WO,May 2022
Atq -435,Dean Mclaughlin,2022-05-22,WO,May 2022
Atq -331,Jonah Hamilton,2022-05-22,WO,May 2022
Atq -405,Chris Frye,2022-05-22,WO,May 2022
Atq -475,London Kim,2022-05-22,WO,May 2022
Atq -375,Kenley Marsh,2022-05-22,WO,May 2022
Atq -456,Adriel Pace,2022-05-22,WO,May 2022
Atq -385,Jase Ingram,2022-05-22,WO,May 2022
Atq -484,Adyson Moyer,2022-05-22,WO,May 2022
Atq -398,Salvatore Hendrix,2022-05-22,WO,May 2022
Atq -412,Tucker Austin,2022-05-22,WO,May 2022
Atq -472,Cristofer Bernard,2022-05-22,WO,May 2022
Atq -396,Karma Reeves,2022-05-22,WO,May 2022
Atq -467,Esperanza Irwin,2022-05-22,WO,May 2022
Atq -484,Demarcus Gordon,2022-05-22,WO,May 2022
Atq -432,Ryann Guerrero,2022-05-22,WO,May 2022
Atq -421,Rylee Mullins,2022-05-22,WO,May 2022
Atq -452,Ayanna Atkins,2022-05-22,WO,May 2022
Atq -367,Briley Orr,2022-05-22,WO,May 2022
Atq -393,Emma Freeman,2022-05-22,WO,May 2022
Atq -403,Will Mahoney,2022-05-22,WO,May 2022
Atq -414,Titus Andersen,2022-05-22,WO,May 2022
Atq -418,Marquis Wyatt,2022-05-22,WO,May 2022
Atq -408,Nick Orozco,2022-05-22,WO,May 2022
Atq -382,Gustavo Ritter,2022-05-22,WO,May 2022
Atq -373,Isiah Small,2022-05-22,WO,May 2022
Atq -418,Hillary Kirk,2022-05-22,WO,May 2022
Atq -376,Dominique Benjamin,2022-05-22,WO,May 2022
Atq -453,Nehemiah Diaz,2022-05-22,WO,May 2022
Atq -461,Josh Sharp,2022-05-22,WO,May 2022
Atq -411,Samuel Murray,2022-05-22,WO,May 2022
Atq -472,Quincy Mendez,2022-05-22,WO,May 2022
Atq -448,Athena Rios,2022-05-22,WO,May 2022
Atq -364,Keaton Nixon,2022-05-22,WO,May 2022
Atq -371,Kayleigh Kennedy,2022-05-22,WO,May 2022
Atq -430,Maximus Mckenzie,2022-05-22,WO,May 2022
Atq -387,Konner Henson,2022-05-22,WO,May 2022
Atq -385,Finnegan Gilbert,2022-05-22,WO,May 2022
Atq -455,Caylee Meadows,2022-05-22,WO,May 2022
Atq -470,Jovani Pope,2022-05-22,WO,May 2022
Atq -374,Kaley Fitzpatrick,2022-05-22,WO,May 2022
Atq -372,Miley Combs,2022-05-22,WO,May 2022
Atq -437,Dallas Weeks,2022-05-22,WO,May 2022
Atq -400,Chad Macias,2022-05-22,WO,May 2022
Atq -458,Jessie Carrillo,2022-05-22,WO,May 2022
Atq -455,Aditya Walls,2022-05-22,WO,May 2022
Atq -476,Kane Malone,2022-05-22,WO,May 2022
Atq -362,Kiana Mcmillan,2022-05-22,WO,May 2022
Atq -426,Isabella Pittman,2022-05-22,WO,May 2022
Atq -461,Shea Zuniga,2022-05-22,WO,May 2022
Atq -414,Mckayla Miles,2022-05-22,WO,May 2022
Atq -389,Julien Hamilton,2022-05-22,WO,May 2022
Atq -406,Thanos Thakur,2022-05-23,P,May 2022
Atq -462,Jarvis Singh,2022-05-23,P,May 2022
Atq -411,Nevaeh Waller,2022-05-23,P,May 2022
Atq -398,Bo Cordova,2022-05-23,P,May 2022
Atq -438,Mekhi Singleton,2022-05-23,P,May 2022
Atq -366,Peter Pandey,2022-05-23,P,May 2022
Atq -441,Loki Lal,2022-05-23,WFH,May 2022
Atq -436,Phoenix Brady,2022-05-23,P,May 2022
Atq -404,Ana Little,2022-05-23,P,May 2022
Atq -397,Grace Stone,2022-05-23,P,May 2022
Atq -335,Tori Shannon,2022-05-23,P,May 2022
Atq -443,Lyric Bartlett,2022-05-23,P,May 2022
Atq -419,Kaylah Schultz,2022-05-23,PL,May 2022
Atq -467,Cason David,2022-05-23,P,May 2022
Atq -450,Miya Hampton,2022-05-23,P,May 2022
Atq -405,Sofia Solis,2022-05-23,P,May 2022
Atq -440,Mckayla Parker,2022-05-23,P,May 2022
Atq -335,Madelynn Gray,2022-05-23,P,May 2022
Atq -343,Myla Klein,2022-05-23,P,May 2022
Atq -334,Boston Morse,2022-05-23,P,May 2022
Atq -446,April Ayers,2022-05-23,P,May 2022
Atq -419,Faith Hamilton,2022-05-23,P,May 2022
Atq -396,Joel Cruz,2022-05-23,P,May 2022
Atq -459,Iris Woodard,2022-05-23,P,May 2022
Atq -349,Trystan Ortega,2022-05-23,P,May 2022
Atq -438,Miles Fields,2022-05-23,P,May 2022
Atq -423,Rodrigo Price,2022-05-23,P,May 2022
Atq -370,Ella Roth,2022-05-23,WFH,May 2022
Atq -433,Jayce Fuentes,2022-05-23,P,May 2022
Atq -375,Hailee Fitzpatrick,2022-05-23,P,May 2022
Atq -475,Rey Novak,2022-05-23,P,May 2022
Atq -368,Macie Callahan,2022-05-23,P,May 2022
Atq -468,Xiomara Ruiz,2022-05-23,P,May 2022
Atq -348,Weston Horton,2022-05-23,P,May 2022
Atq -435,Dean Mclaughlin,2022-05-23,P,May 2022
Atq -331,Jonah Hamilton,2022-05-23,P,May 2022
Atq -405,Chris Frye,2022-05-23,P,May 2022
Atq -475,London Kim,2022-05-23,P,May 2022
Atq -375,Kenley Marsh,2022-05-23,P,May 2022
Atq -456,Adriel Pace,2022-05-23,P,May 2022
Atq -385,Jase Ingram,2022-05-23,P,May 2022
Atq -484,Adyson Moyer,2022-05-23,WFH,May 2022
Atq -412,Tucker Austin,2022-05-23,SL,May 2022
Atq -472,Cristofer Bernard,2022-05-23,P,May 2022
Atq -396,Karma Reeves,2022-05-23,P,May 2022
Atq -467,Esperanza Irwin,2022-05-23,P,May 2022
Atq -484,Demarcus Gordon,2022-05-23,P,May 2022
Atq -432,Ryann Guerrero,2022-05-23,P,May 2022
Atq -421,Rylee Mullins,2022-05-23,P,May 2022
Atq -452,Ayanna Atkins,2022-05-23,HSL,May 2022
Atq -367,Briley Orr,2022-05-23,P,May 2022
Atq -393,Emma Freeman,2022-05-23,P,May 2022
Atq -403,Will Mahoney,2022-05-23,P,May 2022
Atq -414,Titus Andersen,2022-05-23,P,May 2022
Atq -418,Marquis Wyatt,2022-05-23,P,May 2022
Atq -408,Nick Orozco,2022-05-23,P,May 2022
Atq -382,Gustavo Ritter,2022-05-23,WFH,May 2022
Atq -373,Isiah Small,2022-05-23,P,May 2022
Atq -418,Hillary Kirk,2022-05-23,P,May 2022
Atq -376,Dominique Benjamin,2022-05-23,P,May 2022
Atq -453,Nehemiah Diaz,2022-05-23,P,May 2022
Atq -461,Josh Sharp,2022-05-23,P,May 2022
Atq -411,Samuel Murray,2022-05-23,P,May 2022
Atq -472,Quincy Mendez,2022-05-23,P,May 2022
Atq -448,Athena Rios,2022-05-23,P,May 2022
Atq -364,Keaton Nixon,2022-05-23,P,May 2022
Atq -430,Maximus Mckenzie,2022-05-23,WFH,May 2022
Atq -387,Konner Henson,2022-05-23,P,May 2022
Atq -385,Finnegan Gilbert,2022-05-23,LWP,May 2022
Atq -470,Jovani Pope,2022-05-23,P,May 2022
Atq -374,Kaley Fitzpatrick,2022-05-23,P,May 2022
Atq -372,Miley Combs,2022-05-23,P,May 2022
Atq -437,Dallas Weeks,2022-05-23,WFH,May 2022
Atq -400,Chad Macias,2022-05-23,P,May 2022
Atq -458,Jessie Carrillo,2022-05-23,P,May 2022
Atq -455,Aditya Walls,2022-05-23,P,May 2022
Atq -476,Kane Malone,2022-05-23,WFH,May 2022
Atq -362,Kiana Mcmillan,2022-05-23,P,May 2022
Atq -426,Isabella Pittman,2022-05-23,P,May 2022
Atq -461,Shea Zuniga,2022-05-23,P,May 2022
Atq -414,Mckayla Miles,2022-05-23,P,May 2022
Atq -389,Julien Hamilton,2022-05-23,P,May 2022
Atq -406,Thanos Thakur,2022-05-24,P,May 2022
Atq -462,Jarvis Singh,2022-05-24,P,May 2022
Atq -411,Nevaeh Waller,2022-05-24,P,May 2022
Atq -398,Bo Cordova,2022-05-24,P,May 2022
Atq -438,Mekhi Singleton,2022-05-24,P,May 2022
Atq -366,Peter Pandey,2022-05-24,P,May 2022
Atq -441,Loki Lal,2022-05-24,P,May 2022
Atq -436,Phoenix Brady,2022-05-24,P,May 2022
Atq -404,Ana Little,2022-05-24,P,May 2022
Atq -397,Grace Stone,2022-05-24,P,May 2022
Atq -335,Tori Shannon,2022-05-24,P,May 2022
Atq -443,Lyric Bartlett,2022-05-24,P,May 2022
Atq -419,Kaylah Schultz,2022-05-24,PL,May 2022
Atq -467,Cason David,2022-05-24,P,May 2022
Atq -450,Miya Hampton,2022-05-24,P,May 2022
Atq -405,Sofia Solis,2022-05-24,P,May 2022
Atq -440,Mckayla Parker,2022-05-24,WFH,May 2022
Atq -335,Madelynn Gray,2022-05-24,P,May 2022
Atq -343,Myla Klein,2022-05-24,P,May 2022
Atq -334,Boston Morse,2022-05-24,P,May 2022
Atq -446,April Ayers,2022-05-24,P,May 2022
Atq -419,Faith Hamilton,2022-05-24,P,May 2022
Atq -396,Joel Cruz,2022-05-24,P,May 2022
Atq -459,Iris Woodard,2022-05-24,WFH,May 2022
Atq -349,Trystan Ortega,2022-05-24,SL,May 2022
Atq -438,Miles Fields,2022-05-24,P,May 2022
Atq -423,Rodrigo Price,2022-05-24,P,May 2022
Atq -370,Ella Roth,2022-05-24,WFH,May 2022
Atq -433,Jayce Fuentes,2022-05-24,WFH,May 2022
Atq -375,Hailee Fitzpatrick,2022-05-24,P,May 2022
Atq -475,Rey Novak,2022-05-24,P,May 2022
Atq -368,Macie Callahan,2022-05-24,P,May 2022
Atq -468,Xiomara Ruiz,2022-05-24,P,May 2022
Atq -348,Weston Horton,2022-05-24,P,May 2022
Atq -435,Dean Mclaughlin,2022-05-24,SL,May 2022
Atq -331,Jonah Hamilton,2022-05-24,P,May 2022
Atq -405,Chris Frye,2022-05-24,P,May 2022
Atq -475,London Kim,2022-05-24,P,May 2022
Atq -375,Kenley Marsh,2022-05-24,HSL,May 2022
Atq -456,Adriel Pace,2022-05-24,P,May 2022
Atq -385,Jase Ingram,2022-05-24,P,May 2022
Atq -484,Adyson Moyer,2022-05-24,WFH,May 2022
Atq -412,Tucker Austin,2022-05-24,P,May 2022
Atq -472,Cristofer Bernard,2022-05-24,P,May 2022
Atq -396,Karma Reeves,2022-05-24,P,May 2022
Atq -467,Esperanza Irwin,2022-05-24,P,May 2022
Atq -484,Demarcus Gordon,2022-05-24,P,May 2022
Atq -432,Ryann Guerrero,2022-05-24,P,May 2022
Atq -421,Rylee Mullins,2022-05-24,P,May 2022
Atq -452,Ayanna Atkins,2022-05-24,WFH,May 2022
Atq -367,Briley Orr,2022-05-24,P,May 2022
Atq -393,Emma Freeman,2022-05-24,P,May 2022
Atq -403,Will Mahoney,2022-05-24,P,May 2022
Atq -414,Titus Andersen,2022-05-24,P,May 2022
Atq -418,Marquis Wyatt,2022-05-24,P,May 2022
Atq -408,Nick Orozco,2022-05-24,LWP,May 2022
Atq -382,Gustavo Ritter,2022-05-24,WFH,May 2022
Atq -373,Isiah Small,2022-05-24,P,May 2022
Atq -418,Hillary Kirk,2022-05-24,P,May 2022
Atq -376,Dominique Benjamin,2022-05-24,P,May 2022
Atq -453,Nehemiah Diaz,2022-05-24,P,May 2022
Atq -461,Josh Sharp,2022-05-24,P,May 2022
Atq -411,Samuel Murray,2022-05-24,P,May 2022
Atq -472,Quincy Mendez,2022-05-24,LWP,May 2022
Atq -448,Athena Rios,2022-05-24,P,May 2022
Atq -364,Keaton Nixon,2022-05-24,P,May 2022
Atq -430,Maximus Mckenzie,2022-05-24,WFH,May 2022
Atq -387,Konner Henson,2022-05-24,P,May 2022
Atq -385,Finnegan Gilbert,2022-05-24,LWP,May 2022
Atq -470,Jovani Pope,2022-05-24,P,May 2022
Atq -374,Kaley Fitzpatrick,2022-05-24,P,May 2022
Atq -372,Miley Combs,2022-05-24,P,May 2022
Atq -437,Dallas Weeks,2022-05-24,P,May 2022
Atq -400,Chad Macias,2022-05-24,P,May 2022
Atq -458,Jessie Carrillo,2022-05-24,P,May 2022
Atq -455,Aditya Walls,2022-05-24,LWP,May 2022
Atq -476,Kane Malone,2022-05-24,WFH,May 2022
Atq -362,Kiana Mcmillan,2022-05-24,P,May 2022
Atq -426,Isabella Pittman,2022-05-24,P,May 2022
Atq -461,Shea Zuniga,2022-05-24,P,May 2022
Atq -414,Mckayla Miles,2022-05-24,P,May 2022
Atq -389,Julien Hamilton,2022-05-24,P,May 2022
Atq -406,Thanos Thakur,2022-05-25,P,May 2022
Atq -462,Jarvis Singh,2022-05-25,P,May 2022
Atq -411,Nevaeh Waller,2022-05-25,P,May 2022
Atq -398,Bo Cordova,2022-05-25,WFH,May 2022
Atq -438,Mekhi Singleton,2022-05-25,P,May 2022
Atq -366,Peter Pandey,2022-05-25,P,May 2022
Atq -441,Loki Lal,2022-05-25,P,May 2022
Atq -436,Phoenix Brady,2022-05-25,P,May 2022
Atq -404,Ana Little,2022-05-25,P,May 2022
Atq -397,Grace Stone,2022-05-25,P,May 2022
Atq -335,Tori Shannon,2022-05-25,P,May 2022
Atq -443,Lyric Bartlett,2022-05-25,P,May 2022
Atq -419,Kaylah Schultz,2022-05-25,PL,May 2022
Atq -467,Cason David,2022-05-25,P,May 2022
Atq -450,Miya Hampton,2022-05-25,HSL,May 2022
Atq -405,Sofia Solis,2022-05-25,PL,May 2022
Atq -440,Mckayla Parker,2022-05-25,P,May 2022
Atq -335,Madelynn Gray,2022-05-25,P,May 2022
Atq -343,Myla Klein,2022-05-25,P,May 2022
Atq -334,Boston Morse,2022-05-25,P,May 2022
Atq -446,April Ayers,2022-05-25,P,May 2022
Atq -419,Faith Hamilton,2022-05-25,P,May 2022
Atq -396,Joel Cruz,2022-05-25,WFH,May 2022
Atq -459,Iris Woodard,2022-05-25,WFH,May 2022
Atq -349,Trystan Ortega,2022-05-25,P,May 2022
Atq -438,Miles Fields,2022-05-25,P,May 2022
Atq -423,Rodrigo Price,2022-05-25,P,May 2022
Atq -370,Ella Roth,2022-05-25,WFH,May 2022
Atq -433,Jayce Fuentes,2022-05-25,PL,May 2022
Atq -375,Hailee Fitzpatrick,2022-05-25,HPL,May 2022
Atq -475,Rey Novak,2022-05-25,P,May 2022
Atq -368,Macie Callahan,2022-05-25,P,May 2022
Atq -468,Xiomara Ruiz,2022-05-25,P,May 2022
Atq -348,Weston Horton,2022-05-25,P,May 2022
Atq -435,Dean Mclaughlin,2022-05-25,P,May 2022
Atq -331,Jonah Hamilton,2022-05-25,P,May 2022
Atq -405,Chris Frye,2022-05-25,P,May 2022
Atq -475,London Kim,2022-05-25,P,May 2022
Atq -375,Kenley Marsh,2022-05-25,WFH,May 2022
Atq -456,Adriel Pace,2022-05-25,P,May 2022
Atq -385,Jase Ingram,2022-05-25,P,May 2022
Atq -484,Adyson Moyer,2022-05-25,WFH,May 2022
Atq -412,Tucker Austin,2022-05-25,P,May 2022
Atq -472,Cristofer Bernard,2022-05-25,P,May 2022
Atq -396,Karma Reeves,2022-05-25,P,May 2022
Atq -467,Esperanza Irwin,2022-05-25,P,May 2022
Atq -484,Demarcus Gordon,2022-05-25,P,May 2022
Atq -432,Ryann Guerrero,2022-05-25,P,May 2022
Atq -421,Rylee Mullins,2022-05-25,P,May 2022
Atq -452,Ayanna Atkins,2022-05-25,HSL,May 2022
Atq -367,Briley Orr,2022-05-25,P,May 2022
Atq -393,Emma Freeman,2022-05-25,P,May 2022
Atq -403,Will Mahoney,2022-05-25,P,May 2022
Atq -414,Titus Andersen,2022-05-25,P,May 2022
Atq -418,Marquis Wyatt,2022-05-25,P,May 2022
Atq -408,Nick Orozco,2022-05-25,P,May 2022
Atq -382,Gustavo Ritter,2022-05-25,WFH,May 2022
Atq -373,Isiah Small,2022-05-25,P,May 2022
Atq -418,Hillary Kirk,2022-05-25,P,May 2022
Atq -376,Dominique Benjamin,2022-05-25,P,May 2022
Atq -453,Nehemiah Diaz,2022-05-25,P,May 2022
Atq -461,Josh Sharp,2022-05-25,P,May 2022
Atq -411,Samuel Murray,2022-05-25,P,May 2022
Atq -472,Quincy Mendez,2022-05-25,P,May 2022
Atq -448,Athena Rios,2022-05-25,P,May 2022
Atq -364,Keaton Nixon,2022-05-25,P,May 2022
Atq -430,Maximus Mckenzie,2022-05-25,WFH,May 2022
Atq -387,Konner Henson,2022-05-25,P,May 2022
Atq -385,Finnegan Gilbert,2022-05-25,LWP,May 2022
Atq -470,Jovani Pope,2022-05-25,P,May 2022
Atq -374,Kaley Fitzpatrick,2022-05-25,P,May 2022
Atq -372,Miley Combs,2022-05-25,P,May 2022
Atq -437,Dallas Weeks,2022-05-25,P,May 2022
Atq -400,Chad Macias,2022-05-25,P,May 2022
Atq -458,Jessie Carrillo,2022-05-25,P,May 2022
Atq -455,Aditya Walls,2022-05-25,LWP,May 2022
Atq -476,Kane Malone,2022-05-25,WFH,May 2022
Atq -362,Kiana Mcmillan,2022-05-25,P,May 2022
Atq -426,Isabella Pittman,2022-05-25,P,May 2022
Atq -461,Shea Zuniga,2022-05-25,P,May 2022
Atq -414,Mckayla Miles,2022-05-25,P,May 2022
Atq -389,Julien Hamilton,2022-05-25,P,May 2022
Atq -406,Thanos Thakur,2022-05-26,P,May 2022
Atq -462,Jarvis Singh,2022-05-26,P,May 2022
Atq -411,Nevaeh Waller,2022-05-26,P,May 2022
Atq -398,Bo Cordova,2022-05-26,P,May 2022
Atq -438,Mekhi Singleton,2022-05-26,P,May 2022
Atq -366,Peter Pandey,2022-05-26,P,May 2022
Atq -441,Loki Lal,2022-05-26,P,May 2022
Atq -436,Phoenix Brady,2022-05-26,P,May 2022
Atq -404,Ana Little,2022-05-26,P,May 2022
Atq -397,Grace Stone,2022-05-26,P,May 2022
Atq -335,Tori Shannon,2022-05-26,P,May 2022
Atq -443,Lyric Bartlett,2022-05-26,P,May 2022
Atq -419,Kaylah Schultz,2022-05-26,PL,May 2022
Atq -467,Cason David,2022-05-26,HPL,May 2022
Atq -450,Miya Hampton,2022-05-26,WFH,May 2022
Atq -405,Sofia Solis,2022-05-26,P,May 2022
Atq -440,Mckayla Parker,2022-05-26,P,May 2022
Atq -335,Madelynn Gray,2022-05-26,PL,May 2022
Atq -343,Myla Klein,2022-05-26,PL,May 2022
Atq -334,Boston Morse,2022-05-26,P,May 2022
Atq -446,April Ayers,2022-05-26,P,May 2022
Atq -419,Faith Hamilton,2022-05-26,P,May 2022
Atq -396,Joel Cruz,2022-05-26,WFH,May 2022
Atq -459,Iris Woodard,2022-05-26,SL,May 2022
Atq -349,Trystan Ortega,2022-05-26,ML,May 2022
Atq -438,Miles Fields,2022-05-26,P,May 2022
Atq -423,Rodrigo Price,2022-05-26,P,May 2022
Atq -370,Ella Roth,2022-05-26,WFH,May 2022
Atq -433,Jayce Fuentes,2022-05-26,P,May 2022
Atq -375,Hailee Fitzpatrick,2022-05-26,P,May 2022
Atq -475,Rey Novak,2022-05-26,P,May 2022
Atq -368,Macie Callahan,2022-05-26,P,May 2022
Atq -468,Xiomara Ruiz,2022-05-26,P,May 2022
Atq -348,Weston Horton,2022-05-26,P,May 2022
Atq -435,Dean Mclaughlin,2022-05-26,P,May 2022
Atq -331,Jonah Hamilton,2022-05-26,P,May 2022
Atq -405,Chris Frye,2022-05-26,WFH,May 2022
Atq -475,London Kim,2022-05-26,P,May 2022
Atq -375,Kenley Marsh,2022-05-26,WFH,May 2022
Atq -456,Adriel Pace,2022-05-26,P,May 2022
Atq -385,Jase Ingram,2022-05-26,P,May 2022
Atq -484,Adyson Moyer,2022-05-26,WFH,May 2022
Atq -412,Tucker Austin,2022-05-26,P,May 2022
Atq -472,Cristofer Bernard,2022-05-26,PL,May 2022
Atq -396,Karma Reeves,2022-05-26,P,May 2022
Atq -467,Esperanza Irwin,2022-05-26,P,May 2022
Atq -484,Demarcus Gordon,2022-05-26,P,May 2022
Atq -432,Ryann Guerrero,2022-05-26,P,May 2022
Atq -421,Rylee Mullins,2022-05-26,P,May 2022
Atq -452,Ayanna Atkins,2022-05-26,SL,May 2022
Atq -367,Briley Orr,2022-05-26,P,May 2022
Atq -393,Emma Freeman,2022-05-26,P,May 2022
Atq -403,Will Mahoney,2022-05-26,P,May 2022
Atq -414,Titus Andersen,2022-05-26,P,May 2022
Atq -418,Marquis Wyatt,2022-05-26,P,May 2022
Atq -408,Nick Orozco,2022-05-26,P,May 2022
Atq -382,Gustavo Ritter,2022-05-26,WFH,May 2022
Atq -373,Isiah Small,2022-05-26,P,May 2022
Atq -418,Hillary Kirk,2022-05-26,P,May 2022
Atq -376,Dominique Benjamin,2022-05-26,P,May 2022
Atq -453,Nehemiah Diaz,2022-05-26,P,May 2022
Atq -461,Josh Sharp,2022-05-26,P,May 2022
Atq -411,Samuel Murray,2022-05-26,P,May 2022
Atq -472,Quincy Mendez,2022-05-26,P,May 2022
Atq -448,Athena Rios,2022-05-26,P,May 2022
Atq -364,Keaton Nixon,2022-05-26,P,May 2022
Atq -371,Kayleigh Kennedy,2022-05-26,P,May 2022
Atq -430,Maximus Mckenzie,2022-05-26,WFH,May 2022
Atq -387,Konner Henson,2022-05-26,P,May 2022
Atq -385,Finnegan Gilbert,2022-05-26,LWP,May 2022
Atq -470,Jovani Pope,2022-05-26,P,May 2022
Atq -374,Kaley Fitzpatrick,2022-05-26,P,May 2022
Atq -372,Miley Combs,2022-05-26,P,May 2022
Atq -437,Dallas Weeks,2022-05-26,P,May 2022
Atq -400,Chad Macias,2022-05-26,P,May 2022
Atq -458,Jessie Carrillo,2022-05-26,P,May 2022
Atq -455,Aditya Walls,2022-05-26,WFH,May 2022
Atq -476,Kane Malone,2022-05-26,WFH,May 2022
Atq -362,Kiana Mcmillan,2022-05-26,P,May 2022
Atq -426,Isabella Pittman,2022-05-26,P,May 2022
Atq -461,Shea Zuniga,2022-05-26,P,May 2022
Atq -414,Mckayla Miles,2022-05-26,P,May 2022
Atq -389,Julien Hamilton,2022-05-26,P,May 2022
Atq -406,Thanos Thakur,2022-05-27,P,May 2022
Atq -462,Jarvis Singh,2022-05-27,P,May 2022
Atq -411,Nevaeh Waller,2022-05-27,P,May 2022
Atq -398,Bo Cordova,2022-05-27,P,May 2022
Atq -438,Mekhi Singleton,2022-05-27,P,May 2022
Atq -366,Peter Pandey,2022-05-27,P,May 2022
Atq -441,Loki Lal,2022-05-27,P,May 2022
Atq -436,Phoenix Brady,2022-05-27,P,May 2022
Atq -404,Ana Little,2022-05-27,PL,May 2022
Atq -397,Grace Stone,2022-05-27,WFH,May 2022
Atq -335,Tori Shannon,2022-05-27,P,May 2022
Atq -443,Lyric Bartlett,2022-05-27,P,May 2022
Atq -419,Kaylah Schultz,2022-05-27,PL,May 2022
Atq -467,Cason David,2022-05-27,P,May 2022
Atq -450,Miya Hampton,2022-05-27,P,May 2022
Atq -405,Sofia Solis,2022-05-27,P,May 2022
Atq -440,Mckayla Parker,2022-05-27,P,May 2022
Atq -335,Madelynn Gray,2022-05-27,PL,May 2022
Atq -343,Myla Klein,2022-05-27,PL,May 2022
Atq -334,Boston Morse,2022-05-27,P,May 2022
Atq -446,April Ayers,2022-05-27,P,May 2022
Atq -419,Faith Hamilton,2022-05-27,P,May 2022
Atq -396,Joel Cruz,2022-05-27,P,May 2022
Atq -459,Iris Woodard,2022-05-27,P,May 2022
Atq -349,Trystan Ortega,2022-05-27,ML,May 2022
Atq -438,Miles Fields,2022-05-27,P,May 2022
Atq -423,Rodrigo Price,2022-05-27,P,May 2022
Atq -370,Ella Roth,2022-05-27,WFH,May 2022
Atq -433,Jayce Fuentes,2022-05-27,P,May 2022
Atq -375,Hailee Fitzpatrick,2022-05-27,P,May 2022
Atq -475,Rey Novak,2022-05-27,P,May 2022
Atq -368,Macie Callahan,2022-05-27,P,May 2022
Atq -468,Xiomara Ruiz,2022-05-27,P,May 2022
Atq -348,Weston Horton,2022-05-27,PL,May 2022
Atq -435,Dean Mclaughlin,2022-05-27,P,May 2022
Atq -331,Jonah Hamilton,2022-05-27,P,May 2022
Atq -405,Chris Frye,2022-05-27,WFH,May 2022
Atq -475,London Kim,2022-05-27,P,May 2022
Atq -375,Kenley Marsh,2022-05-27,WFH,May 2022
Atq -456,Adriel Pace,2022-05-27,P,May 2022
Atq -385,Jase Ingram,2022-05-27,P,May 2022
Atq -484,Adyson Moyer,2022-05-27,WFH,May 2022
Atq -412,Tucker Austin,2022-05-27,P,May 2022
Atq -472,Cristofer Bernard,2022-05-27,P,May 2022
Atq -396,Karma Reeves,2022-05-27,P,May 2022
Atq -467,Esperanza Irwin,2022-05-27,PL,May 2022
Atq -484,Demarcus Gordon,2022-05-27,P,May 2022
Atq -432,Ryann Guerrero,2022-05-27,P,May 2022
Atq -421,Rylee Mullins,2022-05-27,P,May 2022
Atq -452,Ayanna Atkins,2022-05-27,SL,May 2022
Atq -367,Briley Orr,2022-05-27,P,May 2022
Atq -393,Emma Freeman,2022-05-27,P,May 2022
Atq -403,Will Mahoney,2022-05-27,P,May 2022
Atq -414,Titus Andersen,2022-05-27,HSL,May 2022
Atq -418,Marquis Wyatt,2022-05-27,P,May 2022
Atq -408,Nick Orozco,2022-05-27,P,May 2022
Atq -382,Gustavo Ritter,2022-05-27,WFH,May 2022
Atq -373,Isiah Small,2022-05-27,P,May 2022
Atq -418,Hillary Kirk,2022-05-27,P,May 2022
Atq -376,Dominique Benjamin,2022-05-27,P,May 2022
Atq -453,Nehemiah Diaz,2022-05-27,P,May 2022
Atq -461,Josh Sharp,2022-05-27,P,May 2022
Atq -411,Samuel Murray,2022-05-27,P,May 2022
Atq -472,Quincy Mendez,2022-05-27,P,May 2022
Atq -448,Athena Rios,2022-05-27,P,May 2022
Atq -364,Keaton Nixon,2022-05-27,P,May 2022
Atq -371,Kayleigh Kennedy,2022-05-27,P,May 2022
Atq -430,Maximus Mckenzie,2022-05-27,WFH,May 2022
Atq -387,Konner Henson,2022-05-27,P,May 2022
Atq -385,Finnegan Gilbert,2022-05-27,LWP,May 2022
Atq -470,Jovani Pope,2022-05-27,P,May 2022
Atq -374,Kaley Fitzpatrick,2022-05-27,P,May 2022
Atq -372,Miley Combs,2022-05-27,P,May 2022
Atq -437,Dallas Weeks,2022-05-27,LWP,May 2022
Atq -400,Chad Macias,2022-05-27,P,May 2022
Atq -458,Jessie Carrillo,2022-05-27,P,May 2022
Atq -455,Aditya Walls,2022-05-27,WFH,May 2022
Atq -476,Kane Malone,2022-05-27,WFH,May 2022
Atq -362,Kiana Mcmillan,2022-05-27,P,May 2022
Atq -426,Isabella Pittman,2022-05-27,P,May 2022
Atq -461,Shea Zuniga,2022-05-27,P,May 2022
Atq -414,Mckayla Miles,2022-05-27,P,May 2022
Atq -389,Julien Hamilton,2022-05-27,P,May 2022
Atq -406,Thanos Thakur,2022-05-28,WO,May 2022
Atq -462,Jarvis Singh,2022-05-28,WO,May 2022
Atq -411,Nevaeh Waller,2022-05-28,WO,May 2022
Atq -398,Bo Cordova,2022-05-28,WO,May 2022
Atq -438,Mekhi Singleton,2022-05-28,WO,May 2022
Atq -366,Peter Pandey,2022-05-28,WO,May 2022
Atq -441,Loki Lal,2022-05-28,WO,May 2022
Atq -436,Phoenix Brady,2022-05-28,WO,May 2022
Atq -404,Ana Little,2022-05-28,WO,May 2022
Atq -397,Grace Stone,2022-05-28,WO,May 2022
Atq -335,Tori Shannon,2022-05-28,WO,May 2022
Atq -443,Lyric Bartlett,2022-05-28,WO,May 2022
Atq -419,Kaylah Schultz,2022-05-28,WO,May 2022
Atq -467,Cason David,2022-05-28,WO,May 2022
Atq -450,Miya Hampton,2022-05-28,WO,May 2022
Atq -405,Sofia Solis,2022-05-28,WO,May 2022
Atq -440,Mckayla Parker,2022-05-28,WO,May 2022
Atq -335,Madelynn Gray,2022-05-28,WO,May 2022
Atq -343,Myla Klein,2022-05-28,WO,May 2022
Atq -334,Boston Morse,2022-05-28,WO,May 2022
Atq -446,April Ayers,2022-05-28,WO,May 2022
Atq -419,Faith Hamilton,2022-05-28,WO,May 2022
Atq -396,Joel Cruz,2022-05-28,WO,May 2022
Atq -459,Iris Woodard,2022-05-28,WO,May 2022
Atq -349,Trystan Ortega,2022-05-28,WO,May 2022
Atq -438,Miles Fields,2022-05-28,WO,May 2022
Atq -423,Rodrigo Price,2022-05-28,WO,May 2022
Atq -370,Ella Roth,2022-05-28,WO,May 2022
Atq -433,Jayce Fuentes,2022-05-28,WO,May 2022
Atq -375,Hailee Fitzpatrick,2022-05-28,WO,May 2022
Atq -475,Rey Novak,2022-05-28,WO,May 2022
Atq -368,Macie Callahan,2022-05-28,WO,May 2022
Atq -468,Xiomara Ruiz,2022-05-28,WO,May 2022
Atq -348,Weston Horton,2022-05-28,WO,May 2022
Atq -435,Dean Mclaughlin,2022-05-28,WO,May 2022
Atq -331,Jonah Hamilton,2022-05-28,WO,May 2022
Atq -405,Chris Frye,2022-05-28,WO,May 2022
Atq -475,London Kim,2022-05-28,WO,May 2022
Atq -375,Kenley Marsh,2022-05-28,WO,May 2022
Atq -456,Adriel Pace,2022-05-28,WO,May 2022
Atq -385,Jase Ingram,2022-05-28,WO,May 2022
Atq -484,Adyson Moyer,2022-05-28,WO,May 2022
Atq -398,Salvatore Hendrix,2022-05-28,WO,May 2022
Atq -412,Tucker Austin,2022-05-28,WO,May 2022
Atq -472,Cristofer Bernard,2022-05-28,WO,May 2022
Atq -396,Karma Reeves,2022-05-28,WO,May 2022
Atq -467,Esperanza Irwin,2022-05-28,WO,May 2022
Atq -484,Demarcus Gordon,2022-05-28,WO,May 2022
Atq -432,Ryann Guerrero,2022-05-28,WO,May 2022
Atq -421,Rylee Mullins,2022-05-28,WO,May 2022
Atq -452,Ayanna Atkins,2022-05-28,WO,May 2022
Atq -367,Briley Orr,2022-05-28,WO,May 2022
Atq -393,Emma Freeman,2022-05-28,WO,May 2022
Atq -403,Will Mahoney,2022-05-28,WO,May 2022
Atq -414,Titus Andersen,2022-05-28,WO,May 2022
Atq -418,Marquis Wyatt,2022-05-28,WO,May 2022
Atq -408,Nick Orozco,2022-05-28,WO,May 2022
Atq -382,Gustavo Ritter,2022-05-28,WO,May 2022
Atq -373,Isiah Small,2022-05-28,WO,May 2022
Atq -418,Hillary Kirk,2022-05-28,WO,May 2022
Atq -376,Dominique Benjamin,2022-05-28,WO,May 2022
Atq -453,Nehemiah Diaz,2022-05-28,WO,May 2022
Atq -461,Josh Sharp,2022-05-28,WO,May 2022
Atq -411,Samuel Murray,2022-05-28,WO,May 2022
Atq -472,Quincy Mendez,2022-05-28,WO,May 2022
Atq -448,Athena Rios,2022-05-28,WO,May 2022
Atq -364,Keaton Nixon,2022-05-28,WO,May 2022
Atq -371,Kayleigh Kennedy,2022-05-28,WO,May 2022
Atq -430,Maximus Mckenzie,2022-05-28,WO,May 2022
Atq -387,Konner Henson,2022-05-28,WO,May 2022
Atq -385,Finnegan Gilbert,2022-05-28,WO,May 2022
Atq -455,Caylee Meadows,2022-05-28,WO,May 2022
Atq -470,Jovani Pope,2022-05-28,WO,May 2022
Atq -374,Kaley Fitzpatrick,2022-05-28,WO,May 2022
Atq -372,Miley Combs,2022-05-28,WO,May 2022
Atq -437,Dallas Weeks,2022-05-28,WO,May 2022
Atq -400,Chad Macias,2022-05-28,WO,May 2022
Atq -458,Jessie Carrillo,2022-05-28,WO,May 2022
Atq -455,Aditya Walls,2022-05-28,WO,May 2022
Atq -476,Kane Malone,2022-05-28,WO,May 2022
Atq -362,Kiana Mcmillan,2022-05-28,WO,May 2022
Atq -426,Isabella Pittman,2022-05-28,WO,May 2022
Atq -461,Shea Zuniga,2022-05-28,WO,May 2022
Atq -414,Mckayla Miles,2022-05-28,WO,May 2022
Atq -389,Julien Hamilton,2022-05-28,WO,May 2022
Atq -406,Thanos Thakur,2022-05-29,WO,May 2022
Atq -462,Jarvis Singh,2022-05-29,WO,May 2022
Atq -411,Nevaeh Waller,2022-05-29,WO,May 2022
Atq -398,Bo Cordova,2022-05-29,WO,May 2022
Atq -438,Mekhi Singleton,2022-05-29,WO,May 2022
Atq -366,Peter Pandey,2022-05-29,WO,May 2022
Atq -441,Loki Lal,2022-05-29,WO,May 2022
Atq -436,Phoenix Brady,2022-05-29,WO,May 2022
Atq -404,Ana Little,2022-05-29,WO,May 2022
Atq -397,Grace Stone,2022-05-29,WO,May 2022
Atq -335,Tori Shannon,2022-05-29,WO,May 2022
Atq -443,Lyric Bartlett,2022-05-29,WO,May 2022
Atq -419,Kaylah Schultz,2022-05-29,WO,May 2022
Atq -467,Cason David,2022-05-29,WO,May 2022
Atq -450,Miya Hampton,2022-05-29,WO,May 2022
Atq -405,Sofia Solis,2022-05-29,WO,May 2022
Atq -440,Mckayla Parker,2022-05-29,WO,May 2022
Atq -335,Madelynn Gray,2022-05-29,WO,May 2022
Atq -343,Myla Klein,2022-05-29,WO,May 2022
Atq -334,Boston Morse,2022-05-29,WO,May 2022
Atq -446,April Ayers,2022-05-29,WO,May 2022
Atq -419,Faith Hamilton,2022-05-29,WO,May 2022
Atq -396,Joel Cruz,2022-05-29,WO,May 2022
Atq -459,Iris Woodard,2022-05-29,WO,May 2022
Atq -349,Trystan Ortega,2022-05-29,WO,May 2022
Atq -438,Miles Fields,2022-05-29,WO,May 2022
Atq -423,Rodrigo Price,2022-05-29,WO,May 2022
Atq -370,Ella Roth,2022-05-29,WO,May 2022
Atq -433,Jayce Fuentes,2022-05-29,WO,May 2022
Atq -375,Hailee Fitzpatrick,2022-05-29,WO,May 2022
Atq -475,Rey Novak,2022-05-29,WO,May 2022
Atq -368,Macie Callahan,2022-05-29,WO,May 2022
Atq -468,Xiomara Ruiz,2022-05-29,WO,May 2022
Atq -348,Weston Horton,2022-05-29,WO,May 2022
Atq -435,Dean Mclaughlin,2022-05-29,WO,May 2022
Atq -331,Jonah Hamilton,2022-05-29,WO,May 2022
Atq -405,Chris Frye,2022-05-29,WO,May 2022
Atq -475,London Kim,2022-05-29,WO,May 2022
Atq -375,Kenley Marsh,2022-05-29,WO,May 2022
Atq -456,Adriel Pace,2022-05-29,WO,May 2022
Atq -385,Jase Ingram,2022-05-29,WO,May 2022
Atq -484,Adyson Moyer,2022-05-29,WO,May 2022
Atq -398,Salvatore Hendrix,2022-05-29,WO,May 2022
Atq -412,Tucker Austin,2022-05-29,WO,May 2022
Atq -472,Cristofer Bernard,2022-05-29,WO,May 2022
Atq -396,Karma Reeves,2022-05-29,WO,May 2022
Atq -467,Esperanza Irwin,2022-05-29,WO,May 2022
Atq -484,Demarcus Gordon,2022-05-29,WO,May 2022
Atq -432,Ryann Guerrero,2022-05-29,WO,May 2022
Atq -421,Rylee Mullins,2022-05-29,WO,May 2022
Atq -452,Ayanna Atkins,2022-05-29,WO,May 2022
Atq -367,Briley Orr,2022-05-29,WO,May 2022
Atq -393,Emma Freeman,2022-05-29,WO,May 2022
Atq -403,Will Mahoney,2022-05-29,WO,May 2022
Atq -414,Titus Andersen,2022-05-29,WO,May 2022
Atq -418,Marquis Wyatt,2022-05-29,WO,May 2022
Atq -408,Nick Orozco,2022-05-29,WO,May 2022
Atq -382,Gustavo Ritter,2022-05-29,WO,May 2022
Atq -373,Isiah Small,2022-05-29,WO,May 2022
Atq -418,Hillary Kirk,2022-05-29,WO,May 2022
Atq -376,Dominique Benjamin,2022-05-29,WO,May 2022
Atq -453,Nehemiah Diaz,2022-05-29,WO,May 2022
Atq -461,Josh Sharp,2022-05-29,WO,May 2022
Atq -411,Samuel Murray,2022-05-29,WO,May 2022
Atq -472,Quincy Mendez,2022-05-29,WO,May 2022
Atq -448,Athena Rios,2022-05-29,WO,May 2022
Atq -364,Keaton Nixon,2022-05-29,WO,May 2022
Atq -371,Kayleigh Kennedy,2022-05-29,WO,May 2022
Atq -430,Maximus Mckenzie,2022-05-29,WO,May 2022
Atq -387,Konner Henson,2022-05-29,WO,May 2022
Atq -385,Finnegan Gilbert,2022-05-29,WO,May 2022
Atq -455,Caylee Meadows,2022-05-29,WO,May 2022
Atq -470,Jovani Pope,2022-05-29,WO,May 2022
Atq -374,Kaley Fitzpatrick,2022-05-29,WO,May 2022
Atq -372,Miley Combs,2022-05-29,WO,May 2022
Atq -437,Dallas Weeks,2022-05-29,WO,May 2022
Atq -400,Chad Macias,2022-05-29,WO,May 2022
Atq -458,Jessie Carrillo,2022-05-29,WO,May 2022
Atq -455,Aditya Walls,2022-05-29,WO,May 2022
Atq -476,Kane Malone,2022-05-29,WO,May 2022
Atq -362,Kiana Mcmillan,2022-05-29,WO,May 2022
Atq -426,Isabella Pittman,2022-05-29,WO,May 2022
Atq -461,Shea Zuniga,2022-05-29,WO,May 2022
Atq -414,Mckayla Miles,2022-05-29,WO,May 2022
Atq -389,Julien Hamilton,2022-05-29,WO,May 2022
Atq -406,Thanos Thakur,2022-05-30,P,May 2022
Atq -462,Jarvis Singh,2022-05-30,P,May 2022
Atq -411,Nevaeh Waller,2022-05-30,P,May 2022
Atq -398,Bo Cordova,2022-05-30,WFH,May 2022
Atq -438,Mekhi Singleton,2022-05-30,P,May 2022
Atq -366,Peter Pandey,2022-05-30,HPL,May 2022
Atq -441,Loki Lal,2022-05-30,P,May 2022
Atq -436,Phoenix Brady,2022-05-30,P,May 2022
Atq -404,Ana Little,2022-05-30,P,May 2022
Atq -397,Grace Stone,2022-05-30,P,May 2022
Atq -335,Tori Shannon,2022-05-30,P,May 2022
Atq -443,Lyric Bartlett,2022-05-30,P,May 2022
Atq -419,Kaylah Schultz,2022-05-30,PL,May 2022
Atq -467,Cason David,2022-05-30,P,May 2022
Atq -450,Miya Hampton,2022-05-30,BRL ,May 2022
Atq -405,Sofia Solis,2022-05-30,P,May 2022
Atq -440,Mckayla Parker,2022-05-30,P,May 2022
Atq -335,Madelynn Gray,2022-05-30,P,May 2022
Atq -343,Myla Klein,2022-05-30,P,May 2022
Atq -334,Boston Morse,2022-05-30,P,May 2022
Atq -446,April Ayers,2022-05-30,P,May 2022
Atq -419,Faith Hamilton,2022-05-30,SL,May 2022
Atq -396,Joel Cruz,2022-05-30,P,May 2022
Atq -459,Iris Woodard,2022-05-30,P,May 2022
Atq -349,Trystan Ortega,2022-05-30,P,May 2022
Atq -438,Miles Fields,2022-05-30,P,May 2022
Atq -423,Rodrigo Price,2022-05-30,P,May 2022
Atq -370,Ella Roth,2022-05-30,BL ,May 2022
Atq -433,Jayce Fuentes,2022-05-30,P,May 2022
Atq -375,Hailee Fitzpatrick,2022-05-30,HSL,May 2022
Atq -475,Rey Novak,2022-05-30,P,May 2022
Atq -368,Macie Callahan,2022-05-30,P,May 2022
Atq -468,Xiomara Ruiz,2022-05-30,P,May 2022
Atq -348,Weston Horton,2022-05-30,P,May 2022
Atq -435,Dean Mclaughlin,2022-05-30,P,May 2022
Atq -331,Jonah Hamilton,2022-05-30,P,May 2022
Atq -405,Chris Frye,2022-05-30,P,May 2022
Atq -475,London Kim,2022-05-30,P,May 2022
Atq -375,Kenley Marsh,2022-05-30,SL,May 2022
Atq -456,Adriel Pace,2022-05-30,WFH,May 2022
Atq -385,Jase Ingram,2022-05-30,P,May 2022
Atq -484,Adyson Moyer,2022-05-30,P,May 2022
Atq -412,Tucker Austin,2022-05-30,P,May 2022
Atq -472,Cristofer Bernard,2022-05-30,P,May 2022
Atq -396,Karma Reeves,2022-05-30,P,May 2022
Atq -467,Esperanza Irwin,2022-05-30,P,May 2022
Atq -484,Demarcus Gordon,2022-05-30,P,May 2022
Atq -432,Ryann Guerrero,2022-05-30,HWFH,May 2022
Atq -421,Rylee Mullins,2022-05-30,P,May 2022
Atq -452,Ayanna Atkins,2022-05-30,HLWP,May 2022
Atq -367,Briley Orr,2022-05-30,P,May 2022
Atq -393,Emma Freeman,2022-05-30,SL,May 2022
Atq -403,Will Mahoney,2022-05-30,P,May 2022
Atq -414,Titus Andersen,2022-05-30,P,May 2022
Atq -418,Marquis Wyatt,2022-05-30,P,May 2022
Atq -408,Nick Orozco,2022-05-30,P,May 2022
Atq -382,Gustavo Ritter,2022-05-30,WFH,May 2022
Atq -373,Isiah Small,2022-05-30,P,May 2022
Atq -418,Hillary Kirk,2022-05-30,WFH,May 2022
Atq -376,Dominique Benjamin,2022-05-30,P,May 2022
Atq -453,Nehemiah Diaz,2022-05-30,SL,May 2022
Atq -461,Josh Sharp,2022-05-30,P,May 2022
Atq -411,Samuel Murray,2022-05-30,P,May 2022
Atq -472,Quincy Mendez,2022-05-30,P,May 2022
Atq -448,Athena Rios,2022-05-30,P,May 2022
Atq -364,Keaton Nixon,2022-05-30,P,May 2022
Atq -371,Kayleigh Kennedy,2022-05-30,P,May 2022
Atq -430,Maximus Mckenzie,2022-05-30,WFH,May 2022
Atq -387,Konner Henson,2022-05-30,WFH,May 2022
Atq -385,Finnegan Gilbert,2022-05-30,LWP,May 2022
Atq -470,Jovani Pope,2022-05-30,P,May 2022
Atq -374,Kaley Fitzpatrick,2022-05-30,P,May 2022
Atq -372,Miley Combs,2022-05-30,P,May 2022
Atq -437,Dallas Weeks,2022-05-30,P,May 2022
Atq -400,Chad Macias,2022-05-30,P,May 2022
Atq -458,Jessie Carrillo,2022-05-30,P,May 2022
Atq -455,Aditya Walls,2022-05-30,P,May 2022
Atq -476,Kane Malone,2022-05-30,P,May 2022
Atq -362,Kiana Mcmillan,2022-05-30,P,May 2022
Atq -426,Isabella Pittman,2022-05-30,P,May 2022
Atq -461,Shea Zuniga,2022-05-30,P,May 2022
Atq -414,Mckayla Miles,2022-05-30,P,May 2022
Atq -389,Julien Hamilton,2022-05-30,P,May 2022
Atq -406,Thanos Thakur,2022-05-31,P,May 2022
Atq -462,Jarvis Singh,2022-05-31,P,May 2022
Atq -411,Nevaeh Waller,2022-05-31,P,May 2022
Atq -398,Bo Cordova,2022-05-31,P,May 2022
Atq -438,Mekhi Singleton,2022-05-31,P,May 2022
Atq -366,Peter Pandey,2022-05-31,P,May 2022
Atq -441,Loki Lal,2022-05-31,P,May 2022
Atq -436,Phoenix Brady,2022-05-31,P,May 2022
Atq -404,Ana Little,2022-05-31,PL,May 2022
Atq -397,Grace Stone,2022-05-31,P,May 2022
Atq -335,Tori Shannon,2022-05-31,P,May 2022
Atq -443,Lyric Bartlett,2022-05-31,P,May 2022
Atq -419,Kaylah Schultz,2022-05-31,P,May 2022
Atq -467,Cason David,2022-05-31,P,May 2022
Atq -450,Miya Hampton,2022-05-31,P,May 2022
Atq -405,Sofia Solis,2022-05-31,P,May 2022
Atq -440,Mckayla Parker,2022-05-31,P,May 2022
Atq -335,Madelynn Gray,2022-05-31,P,May 2022
Atq -343,Myla Klein,2022-05-31,P,May 2022
Atq -334,Boston Morse,2022-05-31,P,May 2022
Atq -446,April Ayers,2022-05-31,P,May 2022
Atq -419,Faith Hamilton,2022-05-31,P,May 2022
Atq -396,Joel Cruz,2022-05-31,P,May 2022
Atq -459,Iris Woodard,2022-05-31,P,May 2022
Atq -349,Trystan Ortega,2022-05-31,P,May 2022
Atq -438,Miles Fields,2022-05-31,P,May 2022
Atq -423,Rodrigo Price,2022-05-31,P,May 2022
Atq -370,Ella Roth,2022-05-31,WFH,May 2022
Atq -433,Jayce Fuentes,2022-05-31,P,May 2022
Atq -375,Hailee Fitzpatrick,2022-05-31,P,May 2022
Atq -475,Rey Novak,2022-05-31,P,May 2022
Atq -368,Macie Callahan,2022-05-31,P,May 2022
Atq -468,Xiomara Ruiz,2022-05-31,P,May 2022
Atq -348,Weston Horton,2022-05-31,P,May 2022
Atq -435,Dean Mclaughlin,2022-05-31,P,May 2022
Atq -331,Jonah Hamilton,2022-05-31,P,May 2022
Atq -405,Chris Frye,2022-05-31,P,May 2022
Atq -475,London Kim,2022-05-31,P,May 2022
Atq -375,Kenley Marsh,2022-05-31,P,May 2022
Atq -456,Adriel Pace,2022-05-31,P,May 2022
Atq -385,Jase Ingram,2022-05-31,P,May 2022
Atq -484,Adyson Moyer,2022-05-31,P,May 2022
Atq -412,Tucker Austin,2022-05-31,P,May 2022
Atq -472,Cristofer Bernard,2022-05-31,P,May 2022
Atq -396,Karma Reeves,2022-05-31,P,May 2022
Atq -467,Esperanza Irwin,2022-05-31,P,May 2022
Atq -484,Demarcus Gordon,2022-05-31,P,May 2022
Atq -432,Ryann Guerrero,2022-05-31,SL,May 2022
Atq -421,Rylee Mullins,2022-05-31,P,May 2022
Atq -452,Ayanna Atkins,2022-05-31,HLWP,May 2022
Atq -367,Briley Orr,2022-05-31,P,May 2022
Atq -393,Emma Freeman,2022-05-31,WFH,May 2022
Atq -403,Will Mahoney,2022-05-31,P,May 2022
Atq -414,Titus Andersen,2022-05-31,P,May 2022
Atq -418,Marquis Wyatt,2022-05-31,P,May 2022
Atq -408,Nick Orozco,2022-05-31,P,May 2022
Atq -382,Gustavo Ritter,2022-05-31,WFH,May 2022
Atq -373,Isiah Small,2022-05-31,P,May 2022
Atq -418,Hillary Kirk,2022-05-31,P,May 2022
Atq -376,Dominique Benjamin,2022-05-31,P,May 2022
Atq -453,Nehemiah Diaz,2022-05-31,P,May 2022
Atq -461,Josh Sharp,2022-05-31,P,May 2022
Atq -411,Samuel Murray,2022-05-31,P,May 2022
Atq -472,Quincy Mendez,2022-05-31,P,May 2022
Atq -448,Athena Rios,2022-05-31,P,May 2022
Atq -364,Keaton Nixon,2022-05-31,P,May 2022
Atq -371,Kayleigh Kennedy,2022-05-31,P,May 2022
Atq -430,Maximus Mckenzie,2022-05-31,WFH,May 2022
Atq -387,Konner Henson,2022-05-31,WFH,May 2022
Atq -385,Finnegan Gilbert,2022-05-31,HLWP,May 2022
Atq -470,Jovani Pope,2022-05-31,P,May 2022
Atq -374,Kaley Fitzpatrick,2022-05-31,P,May 2022
Atq -372,Miley Combs,2022-05-31,P,May 2022
Atq -437,Dallas Weeks,2022-05-31,P,May 2022
Atq -400,Chad Macias,2022-05-31,P,May 2022
Atq -458,Jessie Carrillo,2022-05-31,P,May 2022
Atq -455,Aditya Walls,2022-05-31,P,May 2022
Atq -476,Kane Malone,2022-05-31,P,May 2022
Atq -362,Kiana Mcmillan,2022-05-31,P,May 2022
Atq -426,Isabella Pittman,2022-05-31,P,May 2022
Atq -461,Shea Zuniga,2022-05-31,P,May 2022
Atq -414,Mckayla Miles,2022-05-31,P,May 2022
Atq -389,Julien Hamilton,2022-05-31,P,May 2022
Atq -406,Thanos Thakur,2022-06-01,P,June 2022
Atq -462,Jarvis Singh,2022-06-01,P,June 2022
Atq -411,Nevaeh Waller,2022-06-01,P,June 2022
Atq -398,Bo Cordova,2022-06-01,SL,June 2022
Atq -438,Mekhi Singleton,2022-06-01,P,June 2022
Atq -366,Peter Pandey,2022-06-01,P,June 2022
Atq -441,Loki Lal,2022-06-01,P,June 2022
Atq -436,Phoenix Brady,2022-06-01,P,June 2022
Atq -404,Ana Little,2022-06-01,PL,June 2022
Atq -397,Grace Stone,2022-06-01,P,June 2022
Atq -335,Tori Shannon,2022-06-01,P,June 2022
Atq -443,Lyric Bartlett,2022-06-01,P,June 2022
Atq -419,Kaylah Schultz,2022-06-01,P,June 2022
Atq -467,Cason David,2022-06-01,P,June 2022
Atq -450,Miya Hampton,2022-06-01,P,June 2022
Atq -405,Sofia Solis,2022-06-01,P,June 2022
Atq -440,Mckayla Parker,2022-06-01,P,June 2022
Atq -335,Madelynn Gray,2022-06-01,P,June 2022
Atq -343,Myla Klein,2022-06-01,P,June 2022
Atq -334,Boston Morse,2022-06-01,P,June 2022
Atq -446,April Ayers,2022-06-01,P,June 2022
Atq -419,Faith Hamilton,2022-06-01,P,June 2022
Atq -396,Joel Cruz,2022-06-01,P,June 2022
Atq -459,Iris Woodard,2022-06-01,P,June 2022
Atq -349,Trystan Ortega,2022-06-01,P,June 2022
Atq -438,Miles Fields,2022-06-01,P,June 2022
Atq -423,Rodrigo Price,2022-06-01,P,June 2022
Atq -370,Ella Roth,2022-06-01,P,June 2022
Atq -433,Jayce Fuentes,2022-06-01,P,June 2022
Atq -375,Hailee Fitzpatrick,2022-06-01,P,June 2022
Atq -475,Rey Novak,2022-06-01,P,June 2022
Atq -368,Macie Callahan,2022-06-01,P,June 2022
Atq -468,Xiomara Ruiz,2022-06-01,P,June 2022
Atq -348,Weston Horton,2022-06-01,P,June 2022
Atq -405,Chris Frye,2022-06-01,P,June 2022
Atq -475,London Kim,2022-06-01,P,June 2022
Atq -375,Kenley Marsh,2022-06-01,P,June 2022
Atq -456,Adriel Pace,2022-06-01,P,June 2022
Atq -385,Jase Ingram,2022-06-01,P,June 2022
Atq -484,Adyson Moyer,2022-06-01,P,June 2022
Atq -412,Tucker Austin,2022-06-01,P,June 2022
Atq -472,Cristofer Bernard,2022-06-01,P,June 2022
Atq -396,Karma Reeves,2022-06-01,P,June 2022
Atq -467,Esperanza Irwin,2022-06-01,HSL,June 2022
Atq -484,Demarcus Gordon,2022-06-01,P,June 2022
Atq -432,Ryann Guerrero,2022-06-01,SL,June 2022
Atq -421,Rylee Mullins,2022-06-01,P,June 2022
Atq -452,Ayanna Atkins,2022-06-01,HSL,June 2022
Atq -367,Briley Orr,2022-06-01,P,June 2022
Atq -393,Emma Freeman,2022-06-01,P,June 2022
Atq -403,Will Mahoney,2022-06-01,P,June 2022
Atq -414,Titus Andersen,2022-06-01,P,June 2022
Atq -418,Marquis Wyatt,2022-06-01,P,June 2022
Atq -408,Nick Orozco,2022-06-01,HWFH,June 2022
Atq -382,Gustavo Ritter,2022-06-01,WFH,June 2022
Atq -373,Isiah Small,2022-06-01,P,June 2022
Atq -418,Hillary Kirk,2022-06-01,WFH,June 2022
Atq -376,Dominique Benjamin,2022-06-01,P,June 2022
Atq -453,Nehemiah Diaz,2022-06-01,P,June 2022
Atq -461,Josh Sharp,2022-06-01,ML,June 2022
Atq -411,Samuel Murray,2022-06-01,P,June 2022
Atq -472,Quincy Mendez,2022-06-01,P,June 2022
Atq -448,Athena Rios,2022-06-01,P,June 2022
Atq -364,Keaton Nixon,2022-06-01,P,June 2022
Atq -371,Kayleigh Kennedy,2022-06-01,P,June 2022
Atq -401,Piper Carroll,2022-06-01,P,June 2022
Atq -350,Alexander Davenport,2022-06-01,WFH,June 2022
Atq -470,Jovani Pope,2022-06-01,LWP,June 2022
Atq -374,Kaley Fitzpatrick,2022-06-01,P,June 2022
Atq -372,Miley Combs,2022-06-01,P,June 2022
Atq -437,Dallas Weeks,2022-06-01,P,June 2022
Atq -458,Jessie Carrillo,2022-06-01,P,June 2022
Atq -455,Aditya Walls,2022-06-01,P,June 2022
Atq -476,Kane Malone,2022-06-01,P,June 2022
Atq -362,Kiana Mcmillan,2022-06-01,P,June 2022
Atq -452,Jaime Ritter,2022-06-01,P,June 2022
Atq -334,Charity Singleton,2022-06-01,P,June 2022
Atq -414,Mckayla Miles,2022-06-01,P,June 2022
Atq -389,Julien Hamilton,2022-06-01,P,June 2022
Atq -385,Alyson Huber,2022-06-01,P,June 2022
Atq -406,Thanos Thakur,2022-06-02,P,June 2022
Atq -462,Jarvis Singh,2022-06-02,P,June 2022
Atq -411,Nevaeh Waller,2022-06-02,P,June 2022
Atq -398,Bo Cordova,2022-06-02,P,June 2022
Atq -438,Mekhi Singleton,2022-06-02,P,June 2022
Atq -366,Peter Pandey,2022-06-02,P,June 2022
Atq -441,Loki Lal,2022-06-02,P,June 2022
Atq -436,Phoenix Brady,2022-06-02,P,June 2022
Atq -404,Ana Little,2022-06-02,P,June 2022
Atq -397,Grace Stone,2022-06-02,P,June 2022
Atq -335,Tori Shannon,2022-06-02,P,June 2022
Atq -443,Lyric Bartlett,2022-06-02,P,June 2022
Atq -419,Kaylah Schultz,2022-06-02,P,June 2022
Atq -467,Cason David,2022-06-02,P,June 2022
Atq -450,Miya Hampton,2022-06-02,P,June 2022
Atq -405,Sofia Solis,2022-06-02,P,June 2022
Atq -440,Mckayla Parker,2022-06-02,P,June 2022
Atq -335,Madelynn Gray,2022-06-02,WFH,June 2022
Atq -343,Myla Klein,2022-06-02,P,June 2022
Atq -334,Boston Morse,2022-06-02,P,June 2022
Atq -446,April Ayers,2022-06-02,P,June 2022
Atq -419,Faith Hamilton,2022-06-02,P,June 2022
Atq -396,Joel Cruz,2022-06-02,P,June 2022
Atq -459,Iris Woodard,2022-06-02,P,June 2022
Atq -349,Trystan Ortega,2022-06-02,LWP,June 2022
Atq -438,Miles Fields,2022-06-02,P,June 2022
Atq -423,Rodrigo Price,2022-06-02,P,June 2022
Atq -370,Ella Roth,2022-06-02,HPL,June 2022
Atq -433,Jayce Fuentes,2022-06-02,P,June 2022
Atq -375,Hailee Fitzpatrick,2022-06-02,P,June 2022
Atq -475,Rey Novak,2022-06-02,P,June 2022
Atq -368,Macie Callahan,2022-06-02,P,June 2022
Atq -468,Xiomara Ruiz,2022-06-02,P,June 2022
Atq -348,Weston Horton,2022-06-02,P,June 2022
Atq -405,Chris Frye,2022-06-02,WFH,June 2022
Atq -475,London Kim,2022-06-02,P,June 2022
Atq -375,Kenley Marsh,2022-06-02,WFH,June 2022
Atq -456,Adriel Pace,2022-06-02,P,June 2022
Atq -385,Jase Ingram,2022-06-02,P,June 2022
Atq -484,Adyson Moyer,2022-06-02,P,June 2022
Atq -412,Tucker Austin,2022-06-02,P,June 2022
Atq -472,Cristofer Bernard,2022-06-02,P,June 2022
Atq -396,Karma Reeves,2022-06-02,P,June 2022
Atq -467,Esperanza Irwin,2022-06-02,P,June 2022
Atq -484,Demarcus Gordon,2022-06-02,P,June 2022
Atq -432,Ryann Guerrero,2022-06-02,P,June 2022
Atq -421,Rylee Mullins,2022-06-02,P,June 2022
Atq -452,Ayanna Atkins,2022-06-02,HSL,June 2022
Atq -367,Briley Orr,2022-06-02,P,June 2022
Atq -393,Emma Freeman,2022-06-02,P,June 2022
Atq -403,Will Mahoney,2022-06-02,P,June 2022
Atq -414,Titus Andersen,2022-06-02,P,June 2022
Atq -418,Marquis Wyatt,2022-06-02,P,June 2022
Atq -408,Nick Orozco,2022-06-02,P,June 2022
Atq -382,Gustavo Ritter,2022-06-02,WFH,June 2022
Atq -373,Isiah Small,2022-06-02,P,June 2022
Atq -418,Hillary Kirk,2022-06-02,WFH,June 2022
Atq -376,Dominique Benjamin,2022-06-02,HLWP,June 2022
Atq -453,Nehemiah Diaz,2022-06-02,P,June 2022
Atq -461,Josh Sharp,2022-06-02,WFH,June 2022
Atq -411,Samuel Murray,2022-06-02,P,June 2022
Atq -472,Quincy Mendez,2022-06-02,HWFH,June 2022
Atq -448,Athena Rios,2022-06-02,P,June 2022
Atq -364,Keaton Nixon,2022-06-02,P,June 2022
Atq -371,Kayleigh Kennedy,2022-06-02,P,June 2022
Atq -401,Piper Carroll,2022-06-02,P,June 2022
Atq -350,Alexander Davenport,2022-06-02,WFH,June 2022
Atq -470,Jovani Pope,2022-06-02,P,June 2022
Atq -374,Kaley Fitzpatrick,2022-06-02,P,June 2022
Atq -372,Miley Combs,2022-06-02,P,June 2022
Atq -437,Dallas Weeks,2022-06-02,P,June 2022
Atq -458,Jessie Carrillo,2022-06-02,P,June 2022
Atq -455,Aditya Walls,2022-06-02,P,June 2022
Atq -476,Kane Malone,2022-06-02,P,June 2022
Atq -362,Kiana Mcmillan,2022-06-02,P,June 2022
Atq -452,Jaime Ritter,2022-06-02,P,June 2022
Atq -334,Charity Singleton,2022-06-02,P,June 2022
Atq -414,Mckayla Miles,2022-06-02,P,June 2022
Atq -389,Julien Hamilton,2022-06-02,P,June 2022
Atq -385,Alyson Huber,2022-06-02,P,June 2022
Atq -406,Thanos Thakur,2022-06-03,P,June 2022
Atq -462,Jarvis Singh,2022-06-03,P,June 2022
Atq -411,Nevaeh Waller,2022-06-03,P,June 2022
Atq -398,Bo Cordova,2022-06-03,P,June 2022
Atq -438,Mekhi Singleton,2022-06-03,P,June 2022
Atq -366,Peter Pandey,2022-06-03,P,June 2022
Atq -441,Loki Lal,2022-06-03,P,June 2022
Atq -436,Phoenix Brady,2022-06-03,P,June 2022
Atq -404,Ana Little,2022-06-03,P,June 2022
Atq -397,Grace Stone,2022-06-03,P,June 2022
Atq -335,Tori Shannon,2022-06-03,P,June 2022
Atq -443,Lyric Bartlett,2022-06-03,P,June 2022
Atq -419,Kaylah Schultz,2022-06-03,P,June 2022
Atq -467,Cason David,2022-06-03,PL,June 2022
Atq -450,Miya Hampton,2022-06-03,P,June 2022
Atq -405,Sofia Solis,2022-06-03,P,June 2022
Atq -440,Mckayla Parker,2022-06-03,P,June 2022
Atq -335,Madelynn Gray,2022-06-03,ML,June 2022
Atq -343,Myla Klein,2022-06-03,WFH,June 2022
Atq -334,Boston Morse,2022-06-03,P,June 2022
Atq -446,April Ayers,2022-06-03,P,June 2022
Atq -419,Faith Hamilton,2022-06-03,P,June 2022
Atq -396,Joel Cruz,2022-06-03,P,June 2022
Atq -459,Iris Woodard,2022-06-03,P,June 2022
Atq -349,Trystan Ortega,2022-06-03,LWP,June 2022
Atq -438,Miles Fields,2022-06-03,P,June 2022
Atq -423,Rodrigo Price,2022-06-03,P,June 2022
Atq -370,Ella Roth,2022-06-03,P,June 2022
Atq -433,Jayce Fuentes,2022-06-03,P,June 2022
Atq -375,Hailee Fitzpatrick,2022-06-03,P,June 2022
Atq -475,Rey Novak,2022-06-03,PL,June 2022
Atq -368,Macie Callahan,2022-06-03,P,June 2022
Atq -468,Xiomara Ruiz,2022-06-03,P,June 2022
Atq -348,Weston Horton,2022-06-03,P,June 2022
Atq -405,Chris Frye,2022-06-03,WFH,June 2022
Atq -475,London Kim,2022-06-03,P,June 2022
Atq -375,Kenley Marsh,2022-06-03,P,June 2022
Atq -456,Adriel Pace,2022-06-03,P,June 2022
Atq -385,Jase Ingram,2022-06-03,P,June 2022
Atq -484,Adyson Moyer,2022-06-03,P,June 2022
Atq -412,Tucker Austin,2022-06-03,P,June 2022
Atq -472,Cristofer Bernard,2022-06-03,BL ,June 2022
Atq -396,Karma Reeves,2022-06-03,P,June 2022
Atq -467,Esperanza Irwin,2022-06-03,P,June 2022
Atq -484,Demarcus Gordon,2022-06-03,P,June 2022
Atq -432,Ryann Guerrero,2022-06-03,P,June 2022
Atq -421,Rylee Mullins,2022-06-03,P,June 2022
Atq -452,Ayanna Atkins,2022-06-03,HLWP,June 2022
Atq -367,Briley Orr,2022-06-03,P,June 2022
Atq -393,Emma Freeman,2022-06-03,P,June 2022
Atq -403,Will Mahoney,2022-06-03,P,June 2022
Atq -414,Titus Andersen,2022-06-03,P,June 2022
Atq -418,Marquis Wyatt,2022-06-03,P,June 2022
Atq -408,Nick Orozco,2022-06-03,P,June 2022
Atq -382,Gustavo Ritter,2022-06-03,WFH,June 2022
Atq -373,Isiah Small,2022-06-03,P,June 2022
Atq -418,Hillary Kirk,2022-06-03,P,June 2022
Atq -376,Dominique Benjamin,2022-06-03,P,June 2022
Atq -453,Nehemiah Diaz,2022-06-03,P,June 2022
Atq -461,Josh Sharp,2022-06-03,P,June 2022
Atq -411,Samuel Murray,2022-06-03,P,June 2022
Atq -472,Quincy Mendez,2022-06-03,ML,June 2022
Atq -448,Athena Rios,2022-06-03,P,June 2022
Atq -364,Keaton Nixon,2022-06-03,P,June 2022
Atq -371,Kayleigh Kennedy,2022-06-03,P,June 2022
Atq -401,Piper Carroll,2022-06-03,P,June 2022
Atq -350,Alexander Davenport,2022-06-03,WFH,June 2022
Atq -470,Jovani Pope,2022-06-03,P,June 2022
Atq -374,Kaley Fitzpatrick,2022-06-03,P,June 2022
Atq -372,Miley Combs,2022-06-03,P,June 2022
Atq -437,Dallas Weeks,2022-06-03,P,June 2022
Atq -458,Jessie Carrillo,2022-06-03,P,June 2022
Atq -455,Aditya Walls,2022-06-03,P,June 2022
Atq -476,Kane Malone,2022-06-03,P,June 2022
Atq -362,Kiana Mcmillan,2022-06-03,P,June 2022
Atq -452,Jaime Ritter,2022-06-03,P,June 2022
Atq -334,Charity Singleton,2022-06-03,P,June 2022
Atq -414,Mckayla Miles,2022-06-03,P,June 2022
Atq -389,Julien Hamilton,2022-06-03,P,June 2022
Atq -385,Alyson Huber,2022-06-03,P,June 2022
Atq -406,Thanos Thakur,2022-06-04,WO,June 2022
Atq -462,Jarvis Singh,2022-06-04,WO,June 2022
Atq -411,Nevaeh Waller,2022-06-04,WO,June 2022
Atq -398,Bo Cordova,2022-06-04,WO,June 2022
Atq -438,Mekhi Singleton,2022-06-04,WO,June 2022
Atq -366,Peter Pandey,2022-06-04,WO,June 2022
Atq -441,Loki Lal,2022-06-04,WO,June 2022
Atq -436,Phoenix Brady,2022-06-04,WO,June 2022
Atq -404,Ana Little,2022-06-04,WO,June 2022
Atq -397,Grace Stone,2022-06-04,WO,June 2022
Atq -335,Tori Shannon,2022-06-04,WO,June 2022
Atq -443,Lyric Bartlett,2022-06-04,WO,June 2022
Atq -419,Kaylah Schultz,2022-06-04,WO,June 2022
Atq -467,Cason David,2022-06-04,WO,June 2022
Atq -450,Miya Hampton,2022-06-04,WO,June 2022
Atq -405,Sofia Solis,2022-06-04,WO,June 2022
Atq -440,Mckayla Parker,2022-06-04,WO,June 2022
Atq -335,Madelynn Gray,2022-06-04,WO,June 2022
Atq -343,Myla Klein,2022-06-04,WO,June 2022
Atq -334,Boston Morse,2022-06-04,WO,June 2022
Atq -446,April Ayers,2022-06-04,WO,June 2022
Atq -419,Faith Hamilton,2022-06-04,WO,June 2022
Atq -396,Joel Cruz,2022-06-04,WO,June 2022
Atq -459,Iris Woodard,2022-06-04,WO,June 2022
Atq -349,Trystan Ortega,2022-06-04,WO,June 2022
Atq -438,Miles Fields,2022-06-04,WO,June 2022
Atq -423,Rodrigo Price,2022-06-04,WO,June 2022
Atq -370,Ella Roth,2022-06-04,WO,June 2022
Atq -433,Jayce Fuentes,2022-06-04,WO,June 2022
Atq -375,Hailee Fitzpatrick,2022-06-04,WO,June 2022
Atq -475,Rey Novak,2022-06-04,WO,June 2022
Atq -368,Macie Callahan,2022-06-04,WO,June 2022
Atq -468,Xiomara Ruiz,2022-06-04,WO,June 2022
Atq -348,Weston Horton,2022-06-04,WO,June 2022
Atq -405,Chris Frye,2022-06-04,WO,June 2022
Atq -475,London Kim,2022-06-04,WO,June 2022
Atq -375,Kenley Marsh,2022-06-04,WO,June 2022
Atq -456,Adriel Pace,2022-06-04,WO,June 2022
Atq -385,Jase Ingram,2022-06-04,WO,June 2022
Atq -484,Adyson Moyer,2022-06-04,WO,June 2022
Atq -412,Tucker Austin,2022-06-04,WO,June 2022
Atq -472,Cristofer Bernard,2022-06-04,WO,June 2022
Atq -396,Karma Reeves,2022-06-04,WO,June 2022
Atq -467,Esperanza Irwin,2022-06-04,WO,June 2022
Atq -484,Demarcus Gordon,2022-06-04,WO,June 2022
Atq -432,Ryann Guerrero,2022-06-04,WO,June 2022
Atq -421,Rylee Mullins,2022-06-04,WO,June 2022
Atq -452,Ayanna Atkins,2022-06-04,WO,June 2022
Atq -367,Briley Orr,2022-06-04,WO,June 2022
Atq -393,Emma Freeman,2022-06-04,WO,June 2022
Atq -403,Will Mahoney,2022-06-04,WO,June 2022
Atq -414,Titus Andersen,2022-06-04,WO,June 2022
Atq -418,Marquis Wyatt,2022-06-04,WO,June 2022
Atq -408,Nick Orozco,2022-06-04,WO,June 2022
Atq -382,Gustavo Ritter,2022-06-04,WO,June 2022
Atq -373,Isiah Small,2022-06-04,WO,June 2022
Atq -418,Hillary Kirk,2022-06-04,WO,June 2022
Atq -376,Dominique Benjamin,2022-06-04,WO,June 2022
Atq -453,Nehemiah Diaz,2022-06-04,WO,June 2022
Atq -461,Josh Sharp,2022-06-04,WO,June 2022
Atq -411,Samuel Murray,2022-06-04,WO,June 2022
Atq -472,Quincy Mendez,2022-06-04,WO,June 2022
Atq -448,Athena Rios,2022-06-04,WO,June 2022
Atq -364,Keaton Nixon,2022-06-04,WO,June 2022
Atq -371,Kayleigh Kennedy,2022-06-04,WO,June 2022
Atq -361,Makai Hardy,2022-06-04,WO,June 2022
Atq -459,Leslie Navarro,2022-06-04,WO,June 2022
Atq -401,Piper Carroll,2022-06-04,WO,June 2022
Atq -350,Alexander Davenport,2022-06-04,WO,June 2022
Atq -470,Jovani Pope,2022-06-04,WO,June 2022
Atq -374,Kaley Fitzpatrick,2022-06-04,WO,June 2022
Atq -372,Miley Combs,2022-06-04,WO,June 2022
Atq -437,Dallas Weeks,2022-06-04,WO,June 2022
Atq -458,Jessie Carrillo,2022-06-04,WO,June 2022
Atq -455,Aditya Walls,2022-06-04,WO,June 2022
Atq -476,Kane Malone,2022-06-04,WO,June 2022
Atq -362,Kiana Mcmillan,2022-06-04,WO,June 2022
Atq -452,Jaime Ritter,2022-06-04,WO,June 2022
Atq -334,Charity Singleton,2022-06-04,WO,June 2022
Atq -414,Mckayla Miles,2022-06-04,WO,June 2022
Atq -389,Julien Hamilton,2022-06-04,WO,June 2022
Atq -385,Alyson Huber,2022-06-04,WO,June 2022
Atq -348,Zaiden Wheeler,2022-06-04,WO,June 2022
Atq -406,Thanos Thakur,2022-06-05,WO,June 2022
Atq -462,Jarvis Singh,2022-06-05,WO,June 2022
Atq -411,Nevaeh Waller,2022-06-05,WO,June 2022
Atq -398,Bo Cordova,2022-06-05,WO,June 2022
Atq -438,Mekhi Singleton,2022-06-05,WO,June 2022
Atq -366,Peter Pandey,2022-06-05,WO,June 2022
Atq -441,Loki Lal,2022-06-05,WO,June 2022
Atq -436,Phoenix Brady,2022-06-05,WO,June 2022
Atq -404,Ana Little,2022-06-05,WO,June 2022
Atq -397,Grace Stone,2022-06-05,WO,June 2022
Atq -335,Tori Shannon,2022-06-05,WO,June 2022
Atq -443,Lyric Bartlett,2022-06-05,WO,June 2022
Atq -419,Kaylah Schultz,2022-06-05,WO,June 2022
Atq -467,Cason David,2022-06-05,WO,June 2022
Atq -450,Miya Hampton,2022-06-05,WO,June 2022
Atq -405,Sofia Solis,2022-06-05,WO,June 2022
Atq -440,Mckayla Parker,2022-06-05,WO,June 2022
Atq -335,Madelynn Gray,2022-06-05,WO,June 2022
Atq -343,Myla Klein,2022-06-05,WO,June 2022
Atq -334,Boston Morse,2022-06-05,WO,June 2022
Atq -446,April Ayers,2022-06-05,WO,June 2022
Atq -419,Faith Hamilton,2022-06-05,WO,June 2022
Atq -396,Joel Cruz,2022-06-05,WO,June 2022
Atq -459,Iris Woodard,2022-06-05,WO,June 2022
Atq -349,Trystan Ortega,2022-06-05,WO,June 2022
Atq -438,Miles Fields,2022-06-05,WO,June 2022
Atq -423,Rodrigo Price,2022-06-05,WO,June 2022
Atq -370,Ella Roth,2022-06-05,WO,June 2022
Atq -433,Jayce Fuentes,2022-06-05,WO,June 2022
Atq -375,Hailee Fitzpatrick,2022-06-05,WO,June 2022
Atq -475,Rey Novak,2022-06-05,WO,June 2022
Atq -368,Macie Callahan,2022-06-05,WO,June 2022
Atq -468,Xiomara Ruiz,2022-06-05,WO,June 2022
Atq -348,Weston Horton,2022-06-05,WO,June 2022
Atq -405,Chris Frye,2022-06-05,WO,June 2022
Atq -475,London Kim,2022-06-05,WO,June 2022
Atq -375,Kenley Marsh,2022-06-05,WO,June 2022
Atq -456,Adriel Pace,2022-06-05,WO,June 2022
Atq -385,Jase Ingram,2022-06-05,WO,June 2022
Atq -484,Adyson Moyer,2022-06-05,WO,June 2022
Atq -412,Tucker Austin,2022-06-05,WO,June 2022
Atq -472,Cristofer Bernard,2022-06-05,WO,June 2022
Atq -396,Karma Reeves,2022-06-05,WO,June 2022
Atq -467,Esperanza Irwin,2022-06-05,WO,June 2022
Atq -484,Demarcus Gordon,2022-06-05,WO,June 2022
Atq -432,Ryann Guerrero,2022-06-05,WO,June 2022
Atq -421,Rylee Mullins,2022-06-05,WO,June 2022
Atq -452,Ayanna Atkins,2022-06-05,WO,June 2022
Atq -367,Briley Orr,2022-06-05,WO,June 2022
Atq -393,Emma Freeman,2022-06-05,WO,June 2022
Atq -403,Will Mahoney,2022-06-05,WO,June 2022
Atq -414,Titus Andersen,2022-06-05,WO,June 2022
Atq -418,Marquis Wyatt,2022-06-05,WO,June 2022
Atq -408,Nick Orozco,2022-06-05,WO,June 2022
Atq -382,Gustavo Ritter,2022-06-05,WO,June 2022
Atq -373,Isiah Small,2022-06-05,WO,June 2022
Atq -418,Hillary Kirk,2022-06-05,WO,June 2022
Atq -376,Dominique Benjamin,2022-06-05,WO,June 2022
Atq -453,Nehemiah Diaz,2022-06-05,WO,June 2022
Atq -461,Josh Sharp,2022-06-05,WO,June 2022
Atq -411,Samuel Murray,2022-06-05,WO,June 2022
Atq -472,Quincy Mendez,2022-06-05,WO,June 2022
Atq -448,Athena Rios,2022-06-05,WO,June 2022
Atq -364,Keaton Nixon,2022-06-05,WO,June 2022
Atq -371,Kayleigh Kennedy,2022-06-05,WO,June 2022
Atq -361,Makai Hardy,2022-06-05,WO,June 2022
Atq -459,Leslie Navarro,2022-06-05,WO,June 2022
Atq -401,Piper Carroll,2022-06-05,WO,June 2022
Atq -350,Alexander Davenport,2022-06-05,WO,June 2022
Atq -470,Jovani Pope,2022-06-05,WO,June 2022
Atq -374,Kaley Fitzpatrick,2022-06-05,WO,June 2022
Atq -372,Miley Combs,2022-06-05,WO,June 2022
Atq -437,Dallas Weeks,2022-06-05,WO,June 2022
Atq -458,Jessie Carrillo,2022-06-05,WO,June 2022
Atq -455,Aditya Walls,2022-06-05,WO,June 2022
Atq -476,Kane Malone,2022-06-05,WO,June 2022
Atq -362,Kiana Mcmillan,2022-06-05,WO,June 2022
Atq -452,Jaime Ritter,2022-06-05,WO,June 2022
Atq -334,Charity Singleton,2022-06-05,WO,June 2022
Atq -414,Mckayla Miles,2022-06-05,WO,June 2022
Atq -389,Julien Hamilton,2022-06-05,WO,June 2022
Atq -385,Alyson Huber,2022-06-05,WO,June 2022
Atq -348,Zaiden Wheeler,2022-06-05,WO,June 2022
Atq -406,Thanos Thakur,2022-06-06,P,June 2022
Atq -462,Jarvis Singh,2022-06-06,P,June 2022
Atq -411,Nevaeh Waller,2022-06-06,P,June 2022
Atq -398,Bo Cordova,2022-06-06,P,June 2022
Atq -438,Mekhi Singleton,2022-06-06,P,June 2022
Atq -366,Peter Pandey,2022-06-06,P,June 2022
Atq -441,Loki Lal,2022-06-06,P,June 2022
Atq -436,Phoenix Brady,2022-06-06,P,June 2022
Atq -404,Ana Little,2022-06-06,P,June 2022
Atq -397,Grace Stone,2022-06-06,P,June 2022
Atq -335,Tori Shannon,2022-06-06,P,June 2022
Atq -443,Lyric Bartlett,2022-06-06,P,June 2022
Atq -419,Kaylah Schultz,2022-06-06,P,June 2022
Atq -467,Cason David,2022-06-06,P,June 2022
Atq -450,Miya Hampton,2022-06-06,BRL ,June 2022
Atq -405,Sofia Solis,2022-06-06,P,June 2022
Atq -440,Mckayla Parker,2022-06-06,P,June 2022
Atq -335,Madelynn Gray,2022-06-06,P,June 2022
Atq -343,Myla Klein,2022-06-06,P,June 2022
Atq -334,Boston Morse,2022-06-06,P,June 2022
Atq -446,April Ayers,2022-06-06,P,June 2022
Atq -419,Faith Hamilton,2022-06-06,P,June 2022
Atq -396,Joel Cruz,2022-06-06,P,June 2022
Atq -459,Iris Woodard,2022-06-06,P,June 2022
Atq -349,Trystan Ortega,2022-06-06,P,June 2022
Atq -438,Miles Fields,2022-06-06,P,June 2022
Atq -423,Rodrigo Price,2022-06-06,P,June 2022
Atq -370,Ella Roth,2022-06-06,P,June 2022
Atq -433,Jayce Fuentes,2022-06-06,P,June 2022
Atq -375,Hailee Fitzpatrick,2022-06-06,PL,June 2022
Atq -475,Rey Novak,2022-06-06,P,June 2022
Atq -368,Macie Callahan,2022-06-06,P,June 2022
Atq -468,Xiomara Ruiz,2022-06-06,SL,June 2022
Atq -348,Weston Horton,2022-06-06,P,June 2022
Atq -405,Chris Frye,2022-06-06,P,June 2022
Atq -475,London Kim,2022-06-06,P,June 2022
Atq -375,Kenley Marsh,2022-06-06,P,June 2022
Atq -456,Adriel Pace,2022-06-06,WFH,June 2022
Atq -385,Jase Ingram,2022-06-06,P,June 2022
Atq -484,Adyson Moyer,2022-06-06,P,June 2022
Atq -412,Tucker Austin,2022-06-06,P,June 2022
Atq -472,Cristofer Bernard,2022-06-06,P,June 2022
Atq -396,Karma Reeves,2022-06-06,P,June 2022
Atq -467,Esperanza Irwin,2022-06-06,P,June 2022
Atq -484,Demarcus Gordon,2022-06-06,P,June 2022
Atq -432,Ryann Guerrero,2022-06-06,P,June 2022
Atq -421,Rylee Mullins,2022-06-06,P,June 2022
Atq -452,Ayanna Atkins,2022-06-06,HLWP,June 2022
Atq -367,Briley Orr,2022-06-06,PL,June 2022
Atq -393,Emma Freeman,2022-06-06,P,June 2022
Atq -403,Will Mahoney,2022-06-06,P,June 2022
Atq -414,Titus Andersen,2022-06-06,P,June 2022
Atq -418,Marquis Wyatt,2022-06-06,P,June 2022
Atq -408,Nick Orozco,2022-06-06,P,June 2022
Atq -382,Gustavo Ritter,2022-06-06,WFH,June 2022
Atq -373,Isiah Small,2022-06-06,P,June 2022
Atq -418,Hillary Kirk,2022-06-06,WFH,June 2022
Atq -376,Dominique Benjamin,2022-06-06,P,June 2022
Atq -453,Nehemiah Diaz,2022-06-06,WFH,June 2022
Atq -461,Josh Sharp,2022-06-06,P,June 2022
Atq -411,Samuel Murray,2022-06-06,P,June 2022
Atq -472,Quincy Mendez,2022-06-06,P,June 2022
Atq -448,Athena Rios,2022-06-06,P,June 2022
Atq -364,Keaton Nixon,2022-06-06,P,June 2022
Atq -371,Kayleigh Kennedy,2022-06-06,P,June 2022
Atq -350,Alexander Davenport,2022-06-06,WFH,June 2022
Atq -374,Kaley Fitzpatrick,2022-06-06,P,June 2022
Atq -372,Miley Combs,2022-06-06,P,June 2022
Atq -437,Dallas Weeks,2022-06-06,P,June 2022
Atq -458,Jessie Carrillo,2022-06-06,P,June 2022
Atq -455,Aditya Walls,2022-06-06,P,June 2022
Atq -476,Kane Malone,2022-06-06,P,June 2022
Atq -362,Kiana Mcmillan,2022-06-06,P,June 2022
Atq -452,Jaime Ritter,2022-06-06,P,June 2022
Atq -334,Charity Singleton,2022-06-06,P,June 2022
Atq -414,Mckayla Miles,2022-06-06,P,June 2022
Atq -389,Julien Hamilton,2022-06-06,P,June 2022
Atq -385,Alyson Huber,2022-06-06,P,June 2022
Atq -406,Thanos Thakur,2022-06-07,P,June 2022
Atq -462,Jarvis Singh,2022-06-07,P,June 2022
Atq -411,Nevaeh Waller,2022-06-07,P,June 2022
Atq -398,Bo Cordova,2022-06-07,P,June 2022
Atq -438,Mekhi Singleton,2022-06-07,P,June 2022
Atq -366,Peter Pandey,2022-06-07,P,June 2022
Atq -441,Loki Lal,2022-06-07,P,June 2022
Atq -436,Phoenix Brady,2022-06-07,P,June 2022
Atq -404,Ana Little,2022-06-07,P,June 2022
Atq -397,Grace Stone,2022-06-07,P,June 2022
Atq -335,Tori Shannon,2022-06-07,P,June 2022
Atq -443,Lyric Bartlett,2022-06-07,P,June 2022
Atq -419,Kaylah Schultz,2022-06-07,P,June 2022
Atq -467,Cason David,2022-06-07,P,June 2022
Atq -450,Miya Hampton,2022-06-07,P,June 2022
Atq -405,Sofia Solis,2022-06-07,P,June 2022
Atq -440,Mckayla Parker,2022-06-07,P,June 2022
Atq -335,Madelynn Gray,2022-06-07,P,June 2022
Atq -343,Myla Klein,2022-06-07,P,June 2022
Atq -334,Boston Morse,2022-06-07,P,June 2022
Atq -446,April Ayers,2022-06-07,P,June 2022
Atq -419,Faith Hamilton,2022-06-07,P,June 2022
Atq -396,Joel Cruz,2022-06-07,P,June 2022
Atq -459,Iris Woodard,2022-06-07,P,June 2022
Atq -349,Trystan Ortega,2022-06-07,P,June 2022
Atq -438,Miles Fields,2022-06-07,P,June 2022
Atq -423,Rodrigo Price,2022-06-07,P,June 2022
Atq -370,Ella Roth,2022-06-07,P,June 2022
Atq -433,Jayce Fuentes,2022-06-07,P,June 2022
Atq -375,Hailee Fitzpatrick,2022-06-07,PL,June 2022
Atq -475,Rey Novak,2022-06-07,P,June 2022
Atq -368,Macie Callahan,2022-06-07,P,June 2022
Atq -468,Xiomara Ruiz,2022-06-07,P,June 2022
Atq -348,Weston Horton,2022-06-07,P,June 2022
Atq -405,Chris Frye,2022-06-07,P,June 2022
Atq -475,London Kim,2022-06-07,P,June 2022
Atq -375,Kenley Marsh,2022-06-07,P,June 2022
Atq -456,Adriel Pace,2022-06-07,P,June 2022
Atq -385,Jase Ingram,2022-06-07,P,June 2022
Atq -484,Adyson Moyer,2022-06-07,P,June 2022
Atq -412,Tucker Austin,2022-06-07,P,June 2022
Atq -472,Cristofer Bernard,2022-06-07,P,June 2022
Atq -396,Karma Reeves,2022-06-07,P,June 2022
Atq -467,Esperanza Irwin,2022-06-07,P,June 2022
Atq -484,Demarcus Gordon,2022-06-07,P,June 2022
Atq -432,Ryann Guerrero,2022-06-07,P,June 2022
Atq -421,Rylee Mullins,2022-06-07,P,June 2022
Atq -452,Ayanna Atkins,2022-06-07,HLWP,June 2022
Atq -367,Briley Orr,2022-06-07,P,June 2022
Atq -393,Emma Freeman,2022-06-07,P,June 2022
Atq -403,Will Mahoney,2022-06-07,P,June 2022
Atq -414,Titus Andersen,2022-06-07,P,June 2022
Atq -418,Marquis Wyatt,2022-06-07,P,June 2022
Atq -408,Nick Orozco,2022-06-07,P,June 2022
Atq -382,Gustavo Ritter,2022-06-07,WFH,June 2022
Atq -373,Isiah Small,2022-06-07,P,June 2022
Atq -418,Hillary Kirk,2022-06-07,WFH,June 2022
Atq -376,Dominique Benjamin,2022-06-07,P,June 2022
Atq -453,Nehemiah Diaz,2022-06-07,P,June 2022
Atq -461,Josh Sharp,2022-06-07,P,June 2022
Atq -411,Samuel Murray,2022-06-07,P,June 2022
Atq -472,Quincy Mendez,2022-06-07,P,June 2022
Atq -448,Athena Rios,2022-06-07,P,June 2022
Atq -364,Keaton Nixon,2022-06-07,P,June 2022
Atq -371,Kayleigh Kennedy,2022-06-07,P,June 2022
Atq -350,Alexander Davenport,2022-06-07,WFH,June 2022
Atq -374,Kaley Fitzpatrick,2022-06-07,P,June 2022
Atq -372,Miley Combs,2022-06-07,P,June 2022
Atq -437,Dallas Weeks,2022-06-07,P,June 2022
Atq -458,Jessie Carrillo,2022-06-07,P,June 2022
Atq -455,Aditya Walls,2022-06-07,P,June 2022
Atq -476,Kane Malone,2022-06-07,P,June 2022
Atq -362,Kiana Mcmillan,2022-06-07,P,June 2022
Atq -452,Jaime Ritter,2022-06-07,P,June 2022
Atq -334,Charity Singleton,2022-06-07,P,June 2022
Atq -414,Mckayla Miles,2022-06-07,P,June 2022
Atq -389,Julien Hamilton,2022-06-07,P,June 2022
Atq -385,Alyson Huber,2022-06-07,P,June 2022
Atq -406,Thanos Thakur,2022-06-08,P,June 2022
Atq -462,Jarvis Singh,2022-06-08,P,June 2022
Atq -411,Nevaeh Waller,2022-06-08,P,June 2022
Atq -398,Bo Cordova,2022-06-08,P,June 2022
Atq -438,Mekhi Singleton,2022-06-08,P,June 2022
Atq -366,Peter Pandey,2022-06-08,P,June 2022
Atq -441,Loki Lal,2022-06-08,P,June 2022
Atq -436,Phoenix Brady,2022-06-08,P,June 2022
Atq -404,Ana Little,2022-06-08,P,June 2022
Atq -397,Grace Stone,2022-06-08,P,June 2022
Atq -335,Tori Shannon,2022-06-08,P,June 2022
Atq -443,Lyric Bartlett,2022-06-08,P,June 2022
Atq -419,Kaylah Schultz,2022-06-08,P,June 2022
Atq -467,Cason David,2022-06-08,P,June 2022
Atq -450,Miya Hampton,2022-06-08,BRL ,June 2022
Atq -405,Sofia Solis,2022-06-08,P,June 2022
Atq -440,Mckayla Parker,2022-06-08,P,June 2022
Atq -343,Myla Klein,2022-06-08,P,June 2022
Atq -334,Boston Morse,2022-06-08,P,June 2022
Atq -446,April Ayers,2022-06-08,P,June 2022
Atq -419,Faith Hamilton,2022-06-08,P,June 2022
Atq -396,Joel Cruz,2022-06-08,P,June 2022
Atq -459,Iris Woodard,2022-06-08,P,June 2022
Atq -349,Trystan Ortega,2022-06-08,LWP,June 2022
Atq -438,Miles Fields,2022-06-08,P,June 2022
Atq -423,Rodrigo Price,2022-06-08,WFH,June 2022
Atq -370,Ella Roth,2022-06-08,P,June 2022
Atq -433,Jayce Fuentes,2022-06-08,P,June 2022
Atq -375,Hailee Fitzpatrick,2022-06-08,P,June 2022
Atq -475,Rey Novak,2022-06-08,P,June 2022
Atq -368,Macie Callahan,2022-06-08,P,June 2022
Atq -468,Xiomara Ruiz,2022-06-08,P,June 2022
Atq -348,Weston Horton,2022-06-08,P,June 2022
Atq -405,Chris Frye,2022-06-08,P,June 2022
Atq -475,London Kim,2022-06-08,P,June 2022
Atq -375,Kenley Marsh,2022-06-08,P,June 2022
Atq -456,Adriel Pace,2022-06-08,P,June 2022
Atq -385,Jase Ingram,2022-06-08,PL,June 2022
Atq -484,Adyson Moyer,2022-06-08,P,June 2022
Atq -412,Tucker Austin,2022-06-08,P,June 2022
Atq -472,Cristofer Bernard,2022-06-08,P,June 2022
Atq -396,Karma Reeves,2022-06-08,P,June 2022
Atq -467,Esperanza Irwin,2022-06-08,P,June 2022
Atq -484,Demarcus Gordon,2022-06-08,P,June 2022
Atq -432,Ryann Guerrero,2022-06-08,P,June 2022
Atq -421,Rylee Mullins,2022-06-08,P,June 2022
Atq -452,Ayanna Atkins,2022-06-08,HLWP,June 2022
Atq -367,Briley Orr,2022-06-08,P,June 2022
Atq -393,Emma Freeman,2022-06-08,P,June 2022
Atq -403,Will Mahoney,2022-06-08,P,June 2022
Atq -414,Titus Andersen,2022-06-08,P,June 2022
Atq -418,Marquis Wyatt,2022-06-08,P,June 2022
Atq -408,Nick Orozco,2022-06-08,P,June 2022
Atq -382,Gustavo Ritter,2022-06-08,WFH,June 2022
Atq -373,Isiah Small,2022-06-08,P,June 2022
Atq -418,Hillary Kirk,2022-06-08,P,June 2022
Atq -376,Dominique Benjamin,2022-06-08,P,June 2022
Atq -453,Nehemiah Diaz,2022-06-08,WFH,June 2022
Atq -461,Josh Sharp,2022-06-08,P,June 2022
Atq -411,Samuel Murray,2022-06-08,P,June 2022
Atq -472,Quincy Mendez,2022-06-08,P,June 2022
Atq -448,Athena Rios,2022-06-08,P,June 2022
Atq -364,Keaton Nixon,2022-06-08,P,June 2022
Atq -371,Kayleigh Kennedy,2022-06-08,P,June 2022
Atq -350,Alexander Davenport,2022-06-08,WFH,June 2022
Atq -374,Kaley Fitzpatrick,2022-06-08,HLWP,June 2022
Atq -372,Miley Combs,2022-06-08,P,June 2022
Atq -437,Dallas Weeks,2022-06-08,P,June 2022
Atq -458,Jessie Carrillo,2022-06-08,P,June 2022
Atq -455,Aditya Walls,2022-06-08,P,June 2022
Atq -476,Kane Malone,2022-06-08,P,June 2022
Atq -362,Kiana Mcmillan,2022-06-08,P,June 2022
Atq -452,Jaime Ritter,2022-06-08,P,June 2022
Atq -334,Charity Singleton,2022-06-08,P,June 2022
Atq -414,Mckayla Miles,2022-06-08,P,June 2022
Atq -389,Julien Hamilton,2022-06-08,P,June 2022
Atq -385,Alyson Huber,2022-06-08,P,June 2022
Atq -406,Thanos Thakur,2022-06-09,P,June 2022
Atq -462,Jarvis Singh,2022-06-09,P,June 2022
Atq -411,Nevaeh Waller,2022-06-09,P,June 2022
Atq -398,Bo Cordova,2022-06-09,P,June 2022
Atq -438,Mekhi Singleton,2022-06-09,P,June 2022
Atq -366,Peter Pandey,2022-06-09,P,June 2022
Atq -441,Loki Lal,2022-06-09,P,June 2022
Atq -436,Phoenix Brady,2022-06-09,PL,June 2022
Atq -404,Ana Little,2022-06-09,P,June 2022
Atq -397,Grace Stone,2022-06-09,P,June 2022
Atq -335,Tori Shannon,2022-06-09,P,June 2022
Atq -443,Lyric Bartlett,2022-06-09,P,June 2022
Atq -419,Kaylah Schultz,2022-06-09,P,June 2022
Atq -467,Cason David,2022-06-09,P,June 2022
Atq -450,Miya Hampton,2022-06-09,BRL ,June 2022
Atq -405,Sofia Solis,2022-06-09,P,June 2022
Atq -440,Mckayla Parker,2022-06-09,P,June 2022
Atq -343,Myla Klein,2022-06-09,P,June 2022
Atq -334,Boston Morse,2022-06-09,P,June 2022
Atq -446,April Ayers,2022-06-09,P,June 2022
Atq -419,Faith Hamilton,2022-06-09,P,June 2022
Atq -396,Joel Cruz,2022-06-09,P,June 2022
Atq -459,Iris Woodard,2022-06-09,P,June 2022
Atq -349,Trystan Ortega,2022-06-09,LWP,June 2022
Atq -438,Miles Fields,2022-06-09,P,June 2022
Atq -423,Rodrigo Price,2022-06-09,PL,June 2022
Atq -370,Ella Roth,2022-06-09,P,June 2022
Atq -433,Jayce Fuentes,2022-06-09,P,June 2022
Atq -375,Hailee Fitzpatrick,2022-06-09,P,June 2022
Atq -475,Rey Novak,2022-06-09,WFH,June 2022
Atq -368,Macie Callahan,2022-06-09,PL,June 2022
Atq -468,Xiomara Ruiz,2022-06-09,P,June 2022
Atq -348,Weston Horton,2022-06-09,P,June 2022
Atq -405,Chris Frye,2022-06-09,WFH,June 2022
Atq -475,London Kim,2022-06-09,P,June 2022
Atq -375,Kenley Marsh,2022-06-09,P,June 2022
Atq -456,Adriel Pace,2022-06-09,P,June 2022
Atq -385,Jase Ingram,2022-06-09,P,June 2022
Atq -484,Adyson Moyer,2022-06-09,P,June 2022
Atq -412,Tucker Austin,2022-06-09,P,June 2022
Atq -472,Cristofer Bernard,2022-06-09,P,June 2022
Atq -396,Karma Reeves,2022-06-09,P,June 2022
Atq -467,Esperanza Irwin,2022-06-09,P,June 2022
Atq -484,Demarcus Gordon,2022-06-09,P,June 2022
Atq -432,Ryann Guerrero,2022-06-09,P,June 2022
Atq -421,Rylee Mullins,2022-06-09,P,June 2022
Atq -452,Ayanna Atkins,2022-06-09,HLWP,June 2022
Atq -367,Briley Orr,2022-06-09,P,June 2022
Atq -393,Emma Freeman,2022-06-09,PL,June 2022
Atq -403,Will Mahoney,2022-06-09,P,June 2022
Atq -414,Titus Andersen,2022-06-09,P,June 2022
Atq -418,Marquis Wyatt,2022-06-09,P,June 2022
Atq -408,Nick Orozco,2022-06-09,P,June 2022
Atq -382,Gustavo Ritter,2022-06-09,WFH,June 2022
Atq -373,Isiah Small,2022-06-09,P,June 2022
Atq -418,Hillary Kirk,2022-06-09,P,June 2022
Atq -376,Dominique Benjamin,2022-06-09,P,June 2022
Atq -453,Nehemiah Diaz,2022-06-09,WFH,June 2022
Atq -461,Josh Sharp,2022-06-09,P,June 2022
Atq -411,Samuel Murray,2022-06-09,P,June 2022
Atq -472,Quincy Mendez,2022-06-09,P,June 2022
Atq -448,Athena Rios,2022-06-09,LWP,June 2022
Atq -364,Keaton Nixon,2022-06-09,P,June 2022
Atq -371,Kayleigh Kennedy,2022-06-09,P,June 2022
Atq -350,Alexander Davenport,2022-06-09,WFH,June 2022
Atq -374,Kaley Fitzpatrick,2022-06-09,P,June 2022
Atq -372,Miley Combs,2022-06-09,P,June 2022
Atq -437,Dallas Weeks,2022-06-09,P,June 2022
Atq -458,Jessie Carrillo,2022-06-09,P,June 2022
Atq -455,Aditya Walls,2022-06-09,P,June 2022
Atq -476,Kane Malone,2022-06-09,P,June 2022
Atq -362,Kiana Mcmillan,2022-06-09,P,June 2022
Atq -452,Jaime Ritter,2022-06-09,P,June 2022
Atq -334,Charity Singleton,2022-06-09,P,June 2022
Atq -414,Mckayla Miles,2022-06-09,P,June 2022
Atq -389,Julien Hamilton,2022-06-09,P,June 2022
Atq -385,Alyson Huber,2022-06-09,P,June 2022
Atq -406,Thanos Thakur,2022-06-10,P,June 2022
Atq -462,Jarvis Singh,2022-06-10,P,June 2022
Atq -411,Nevaeh Waller,2022-06-10,P,June 2022
Atq -398,Bo Cordova,2022-06-10,P,June 2022
Atq -438,Mekhi Singleton,2022-06-10,PL,June 2022
Atq -366,Peter Pandey,2022-06-10,P,June 2022
Atq -441,Loki Lal,2022-06-10,P,June 2022
Atq -436,Phoenix Brady,2022-06-10,PL,June 2022
Atq -404,Ana Little,2022-06-10,P,June 2022
Atq -397,Grace Stone,2022-06-10,P,June 2022
Atq -335,Tori Shannon,2022-06-10,P,June 2022
Atq -443,Lyric Bartlett,2022-06-10,P,June 2022
Atq -419,Kaylah Schultz,2022-06-10,P,June 2022
Atq -467,Cason David,2022-06-10,P,June 2022
Atq -450,Miya Hampton,2022-06-10,BRL ,June 2022
Atq -405,Sofia Solis,2022-06-10,P,June 2022
Atq -440,Mckayla Parker,2022-06-10,P,June 2022
Atq -343,Myla Klein,2022-06-10,P,June 2022
Atq -334,Boston Morse,2022-06-10,P,June 2022
Atq -446,April Ayers,2022-06-10,P,June 2022
Atq -419,Faith Hamilton,2022-06-10,P,June 2022
Atq -396,Joel Cruz,2022-06-10,P,June 2022
Atq -459,Iris Woodard,2022-06-10,P,June 2022
Atq -349,Trystan Ortega,2022-06-10,LWP,June 2022
Atq -438,Miles Fields,2022-06-10,P,June 2022
Atq -423,Rodrigo Price,2022-06-10,PL,June 2022
Atq -370,Ella Roth,2022-06-10,P,June 2022
Atq -433,Jayce Fuentes,2022-06-10,P,June 2022
Atq -375,Hailee Fitzpatrick,2022-06-10,P,June 2022
Atq -475,Rey Novak,2022-06-10,WFH,June 2022
Atq -368,Macie Callahan,2022-06-10,PL,June 2022
Atq -468,Xiomara Ruiz,2022-06-10,P,June 2022
Atq -348,Weston Horton,2022-06-10,P,June 2022
Atq -405,Chris Frye,2022-06-10,WFH,June 2022
Atq -475,London Kim,2022-06-10,P,June 2022
Atq -375,Kenley Marsh,2022-06-10,P,June 2022
Atq -456,Adriel Pace,2022-06-10,P,June 2022
Atq -385,Jase Ingram,2022-06-10,P,June 2022
Atq -484,Adyson Moyer,2022-06-10,P,June 2022
Atq -412,Tucker Austin,2022-06-10,WFH,June 2022
Atq -472,Cristofer Bernard,2022-06-10,P,June 2022
Atq -396,Karma Reeves,2022-06-10,P,June 2022
Atq -467,Esperanza Irwin,2022-06-10,P,June 2022
Atq -484,Demarcus Gordon,2022-06-10,P,June 2022
Atq -432,Ryann Guerrero,2022-06-10,P,June 2022
Atq -421,Rylee Mullins,2022-06-10,WFH,June 2022
Atq -452,Ayanna Atkins,2022-06-10,HLWP,June 2022
Atq -367,Briley Orr,2022-06-10,P,June 2022
Atq -393,Emma Freeman,2022-06-10,PL,June 2022
Atq -403,Will Mahoney,2022-06-10,P,June 2022
Atq -414,Titus Andersen,2022-06-10,P,June 2022
Atq -418,Marquis Wyatt,2022-06-10,P,June 2022
Atq -408,Nick Orozco,2022-06-10,P,June 2022
Atq -382,Gustavo Ritter,2022-06-10,WFH,June 2022
Atq -373,Isiah Small,2022-06-10,P,June 2022
Atq -418,Hillary Kirk,2022-06-10,P,June 2022
Atq -376,Dominique Benjamin,2022-06-10,P,June 2022
Atq -453,Nehemiah Diaz,2022-06-10,WFH,June 2022
Atq -461,Josh Sharp,2022-06-10,P,June 2022
Atq -411,Samuel Murray,2022-06-10,P,June 2022
Atq -472,Quincy Mendez,2022-06-10,LWP,June 2022
Atq -448,Athena Rios,2022-06-10,LWP,June 2022
Atq -364,Keaton Nixon,2022-06-10,P,June 2022
Atq -371,Kayleigh Kennedy,2022-06-10,P,June 2022
Atq -350,Alexander Davenport,2022-06-10,WFH,June 2022
Atq -374,Kaley Fitzpatrick,2022-06-10,HLWP,June 2022
Atq -372,Miley Combs,2022-06-10,P,June 2022
Atq -437,Dallas Weeks,2022-06-10,P,June 2022
Atq -458,Jessie Carrillo,2022-06-10,P,June 2022
Atq -455,Aditya Walls,2022-06-10,P,June 2022
Atq -476,Kane Malone,2022-06-10,P,June 2022
Atq -362,Kiana Mcmillan,2022-06-10,P,June 2022
Atq -452,Jaime Ritter,2022-06-10,P,June 2022
Atq -334,Charity Singleton,2022-06-10,P,June 2022
Atq -414,Mckayla Miles,2022-06-10,P,June 2022
Atq -389,Julien Hamilton,2022-06-10,P,June 2022
Atq -385,Alyson Huber,2022-06-10,P,June 2022
Atq -406,Thanos Thakur,2022-06-11,WO,June 2022
Atq -462,Jarvis Singh,2022-06-11,WO,June 2022
Atq -411,Nevaeh Waller,2022-06-11,WO,June 2022
Atq -398,Bo Cordova,2022-06-11,WO,June 2022
Atq -438,Mekhi Singleton,2022-06-11,WO,June 2022
Atq -366,Peter Pandey,2022-06-11,WO,June 2022
Atq -441,Loki Lal,2022-06-11,WO,June 2022
Atq -436,Phoenix Brady,2022-06-11,WO,June 2022
Atq -404,Ana Little,2022-06-11,WO,June 2022
Atq -397,Grace Stone,2022-06-11,WO,June 2022
Atq -335,Tori Shannon,2022-06-11,WO,June 2022
Atq -443,Lyric Bartlett,2022-06-11,WO,June 2022
Atq -419,Kaylah Schultz,2022-06-11,WO,June 2022
Atq -467,Cason David,2022-06-11,WO,June 2022
Atq -450,Miya Hampton,2022-06-11,WO,June 2022
Atq -405,Sofia Solis,2022-06-11,WO,June 2022
Atq -440,Mckayla Parker,2022-06-11,WO,June 2022
Atq -335,Madelynn Gray,2022-06-11,WO,June 2022
Atq -343,Myla Klein,2022-06-11,WO,June 2022
Atq -334,Boston Morse,2022-06-11,WO,June 2022
Atq -446,April Ayers,2022-06-11,WO,June 2022
Atq -419,Faith Hamilton,2022-06-11,WO,June 2022
Atq -396,Joel Cruz,2022-06-11,WO,June 2022
Atq -459,Iris Woodard,2022-06-11,WO,June 2022
Atq -349,Trystan Ortega,2022-06-11,WO,June 2022
Atq -438,Miles Fields,2022-06-11,WO,June 2022
Atq -423,Rodrigo Price,2022-06-11,WO,June 2022
Atq -370,Ella Roth,2022-06-11,WO,June 2022
Atq -433,Jayce Fuentes,2022-06-11,WO,June 2022
Atq -375,Hailee Fitzpatrick,2022-06-11,WO,June 2022
Atq -475,Rey Novak,2022-06-11,WO,June 2022
Atq -368,Macie Callahan,2022-06-11,WO,June 2022
Atq -468,Xiomara Ruiz,2022-06-11,WO,June 2022
Atq -348,Weston Horton,2022-06-11,WO,June 2022
Atq -405,Chris Frye,2022-06-11,WO,June 2022
Atq -475,London Kim,2022-06-11,WO,June 2022
Atq -375,Kenley Marsh,2022-06-11,WO,June 2022
Atq -456,Adriel Pace,2022-06-11,WO,June 2022
Atq -385,Jase Ingram,2022-06-11,WO,June 2022
Atq -484,Adyson Moyer,2022-06-11,WO,June 2022
Atq -412,Tucker Austin,2022-06-11,WO,June 2022
Atq -472,Cristofer Bernard,2022-06-11,WO,June 2022
Atq -396,Karma Reeves,2022-06-11,WO,June 2022
Atq -467,Esperanza Irwin,2022-06-11,WO,June 2022
Atq -484,Demarcus Gordon,2022-06-11,WO,June 2022
Atq -432,Ryann Guerrero,2022-06-11,WO,June 2022
Atq -421,Rylee Mullins,2022-06-11,WO,June 2022
Atq -452,Ayanna Atkins,2022-06-11,WO,June 2022
Atq -367,Briley Orr,2022-06-11,WO,June 2022
Atq -393,Emma Freeman,2022-06-11,WO,June 2022
Atq -403,Will Mahoney,2022-06-11,WO,June 2022
Atq -414,Titus Andersen,2022-06-11,WO,June 2022
Atq -418,Marquis Wyatt,2022-06-11,WO,June 2022
Atq -408,Nick Orozco,2022-06-11,WO,June 2022
Atq -382,Gustavo Ritter,2022-06-11,WO,June 2022
Atq -373,Isiah Small,2022-06-11,WO,June 2022
Atq -418,Hillary Kirk,2022-06-11,WO,June 2022
Atq -376,Dominique Benjamin,2022-06-11,WO,June 2022
Atq -453,Nehemiah Diaz,2022-06-11,WO,June 2022
Atq -461,Josh Sharp,2022-06-11,WO,June 2022
Atq -411,Samuel Murray,2022-06-11,WO,June 2022
Atq -472,Quincy Mendez,2022-06-11,WO,June 2022
Atq -448,Athena Rios,2022-06-11,WO,June 2022
Atq -364,Keaton Nixon,2022-06-11,WO,June 2022
Atq -371,Kayleigh Kennedy,2022-06-11,WO,June 2022
Atq -361,Makai Hardy,2022-06-11,WO,June 2022
Atq -459,Leslie Navarro,2022-06-11,WO,June 2022
Atq -401,Piper Carroll,2022-06-11,WO,June 2022
Atq -350,Alexander Davenport,2022-06-11,WO,June 2022
Atq -470,Jovani Pope,2022-06-11,WO,June 2022
Atq -374,Kaley Fitzpatrick,2022-06-11,WO,June 2022
Atq -372,Miley Combs,2022-06-11,WO,June 2022
Atq -437,Dallas Weeks,2022-06-11,WO,June 2022
Atq -458,Jessie Carrillo,2022-06-11,WO,June 2022
Atq -455,Aditya Walls,2022-06-11,WO,June 2022
Atq -476,Kane Malone,2022-06-11,WO,June 2022
Atq -362,Kiana Mcmillan,2022-06-11,WO,June 2022
Atq -452,Jaime Ritter,2022-06-11,WO,June 2022
Atq -334,Charity Singleton,2022-06-11,WO,June 2022
Atq -414,Mckayla Miles,2022-06-11,WO,June 2022
Atq -389,Julien Hamilton,2022-06-11,WO,June 2022
Atq -385,Alyson Huber,2022-06-11,WO,June 2022
Atq -348,Zaiden Wheeler,2022-06-11,WO,June 2022
Atq -406,Thanos Thakur,2022-06-12,WO,June 2022
Atq -462,Jarvis Singh,2022-06-12,WO,June 2022
Atq -411,Nevaeh Waller,2022-06-12,WO,June 2022
Atq -398,Bo Cordova,2022-06-12,WO,June 2022
Atq -438,Mekhi Singleton,2022-06-12,WO,June 2022
Atq -366,Peter Pandey,2022-06-12,WO,June 2022
Atq -441,Loki Lal,2022-06-12,WO,June 2022
Atq -436,Phoenix Brady,2022-06-12,WO,June 2022
Atq -404,Ana Little,2022-06-12,WO,June 2022
Atq -397,Grace Stone,2022-06-12,WO,June 2022
Atq -335,Tori Shannon,2022-06-12,WO,June 2022
Atq -443,Lyric Bartlett,2022-06-12,WO,June 2022
Atq -419,Kaylah Schultz,2022-06-12,WO,June 2022
Atq -467,Cason David,2022-06-12,WO,June 2022
Atq -450,Miya Hampton,2022-06-12,WO,June 2022
Atq -405,Sofia Solis,2022-06-12,WO,June 2022
Atq -440,Mckayla Parker,2022-06-12,WO,June 2022
Atq -335,Madelynn Gray,2022-06-12,WO,June 2022
Atq -343,Myla Klein,2022-06-12,WO,June 2022
Atq -334,Boston Morse,2022-06-12,WO,June 2022
Atq -446,April Ayers,2022-06-12,WO,June 2022
Atq -419,Faith Hamilton,2022-06-12,WO,June 2022
Atq -396,Joel Cruz,2022-06-12,WO,June 2022
Atq -459,Iris Woodard,2022-06-12,WO,June 2022
Atq -349,Trystan Ortega,2022-06-12,WO,June 2022
Atq -438,Miles Fields,2022-06-12,WO,June 2022
Atq -423,Rodrigo Price,2022-06-12,WO,June 2022
Atq -370,Ella Roth,2022-06-12,WO,June 2022
Atq -433,Jayce Fuentes,2022-06-12,WO,June 2022
Atq -375,Hailee Fitzpatrick,2022-06-12,WO,June 2022
Atq -475,Rey Novak,2022-06-12,WO,June 2022
Atq -368,Macie Callahan,2022-06-12,WO,June 2022
Atq -468,Xiomara Ruiz,2022-06-12,WO,June 2022
Atq -348,Weston Horton,2022-06-12,WO,June 2022
Atq -405,Chris Frye,2022-06-12,WO,June 2022
Atq -475,London Kim,2022-06-12,WO,June 2022
Atq -375,Kenley Marsh,2022-06-12,WO,June 2022
Atq -456,Adriel Pace,2022-06-12,WO,June 2022
Atq -385,Jase Ingram,2022-06-12,WO,June 2022
Atq -484,Adyson Moyer,2022-06-12,WO,June 2022
Atq -412,Tucker Austin,2022-06-12,WO,June 2022
Atq -472,Cristofer Bernard,2022-06-12,WO,June 2022
Atq -396,Karma Reeves,2022-06-12,WO,June 2022
Atq -467,Esperanza Irwin,2022-06-12,WO,June 2022
Atq -484,Demarcus Gordon,2022-06-12,WO,June 2022
Atq -432,Ryann Guerrero,2022-06-12,WO,June 2022
Atq -421,Rylee Mullins,2022-06-12,WO,June 2022
Atq -452,Ayanna Atkins,2022-06-12,WO,June 2022
Atq -367,Briley Orr,2022-06-12,WO,June 2022
Atq -393,Emma Freeman,2022-06-12,WO,June 2022
Atq -403,Will Mahoney,2022-06-12,WO,June 2022
Atq -414,Titus Andersen,2022-06-12,WO,June 2022
Atq -418,Marquis Wyatt,2022-06-12,WO,June 2022
Atq -408,Nick Orozco,2022-06-12,WO,June 2022
Atq -382,Gustavo Ritter,2022-06-12,WO,June 2022
Atq -373,Isiah Small,2022-06-12,WO,June 2022
Atq -418,Hillary Kirk,2022-06-12,WO,June 2022
Atq -376,Dominique Benjamin,2022-06-12,WO,June 2022
Atq -453,Nehemiah Diaz,2022-06-12,WO,June 2022
Atq -461,Josh Sharp,2022-06-12,WO,June 2022
Atq -411,Samuel Murray,2022-06-12,WO,June 2022
Atq -472,Quincy Mendez,2022-06-12,WO,June 2022
Atq -448,Athena Rios,2022-06-12,WO,June 2022
Atq -364,Keaton Nixon,2022-06-12,WO,June 2022
Atq -371,Kayleigh Kennedy,2022-06-12,WO,June 2022
Atq -361,Makai Hardy,2022-06-12,WO,June 2022
Atq -459,Leslie Navarro,2022-06-12,WO,June 2022
Atq -401,Piper Carroll,2022-06-12,WO,June 2022
Atq -350,Alexander Davenport,2022-06-12,WO,June 2022
Atq -470,Jovani Pope,2022-06-12,WO,June 2022
Atq -374,Kaley Fitzpatrick,2022-06-12,WO,June 2022
Atq -372,Miley Combs,2022-06-12,WO,June 2022
Atq -437,Dallas Weeks,2022-06-12,WO,June 2022
Atq -458,Jessie Carrillo,2022-06-12,WO,June 2022
Atq -455,Aditya Walls,2022-06-12,WO,June 2022
Atq -476,Kane Malone,2022-06-12,WO,June 2022
Atq -362,Kiana Mcmillan,2022-06-12,WO,June 2022
Atq -452,Jaime Ritter,2022-06-12,WO,June 2022
Atq -334,Charity Singleton,2022-06-12,WO,June 2022
Atq -414,Mckayla Miles,2022-06-12,WO,June 2022
Atq -389,Julien Hamilton,2022-06-12,WO,June 2022
Atq -385,Alyson Huber,2022-06-12,WO,June 2022
Atq -348,Zaiden Wheeler,2022-06-12,WO,June 2022
Atq -406,Thanos Thakur,2022-06-13,P,June 2022
Atq -462,Jarvis Singh,2022-06-13,P,June 2022
Atq -411,Nevaeh Waller,2022-06-13,P,June 2022
Atq -398,Bo Cordova,2022-06-13,WFH,June 2022
Atq -438,Mekhi Singleton,2022-06-13,P,June 2022
Atq -366,Peter Pandey,2022-06-13,P,June 2022
Atq -441,Loki Lal,2022-06-13,P,June 2022
Atq -436,Phoenix Brady,2022-06-13,P,June 2022
Atq -404,Ana Little,2022-06-13,P,June 2022
Atq -397,Grace Stone,2022-06-13,P,June 2022
Atq -335,Tori Shannon,2022-06-13,P,June 2022
Atq -443,Lyric Bartlett,2022-06-13,P,June 2022
Atq -419,Kaylah Schultz,2022-06-13,WFH,June 2022
Atq -467,Cason David,2022-06-13,P,June 2022
Atq -450,Miya Hampton,2022-06-13,P,June 2022
Atq -405,Sofia Solis,2022-06-13,P,June 2022
Atq -440,Mckayla Parker,2022-06-13,SL,June 2022
Atq -343,Myla Klein,2022-06-13,WFH,June 2022
Atq -334,Boston Morse,2022-06-13,P,June 2022
Atq -446,April Ayers,2022-06-13,P,June 2022
Atq -419,Faith Hamilton,2022-06-13,P,June 2022
Atq -396,Joel Cruz,2022-06-13,P,June 2022
Atq -459,Iris Woodard,2022-06-13,P,June 2022
Atq -349,Trystan Ortega,2022-06-13,P,June 2022
Atq -438,Miles Fields,2022-06-13,P,June 2022
Atq -423,Rodrigo Price,2022-06-13,PL,June 2022
Atq -370,Ella Roth,2022-06-13,P,June 2022
Atq -433,Jayce Fuentes,2022-06-13,P,June 2022
Atq -375,Hailee Fitzpatrick,2022-06-13,P,June 2022
Atq -475,Rey Novak,2022-06-13,SL,June 2022
Atq -368,Macie Callahan,2022-06-13,WFH,June 2022
Atq -468,Xiomara Ruiz,2022-06-13,P,June 2022
Atq -348,Weston Horton,2022-06-13,P,June 2022
Atq -405,Chris Frye,2022-06-13,P,June 2022
Atq -475,London Kim,2022-06-13,P,June 2022
Atq -375,Kenley Marsh,2022-06-13,P,June 2022
Atq -456,Adriel Pace,2022-06-13,P,June 2022
Atq -385,Jase Ingram,2022-06-13,P,June 2022
Atq -484,Adyson Moyer,2022-06-13,P,June 2022
Atq -412,Tucker Austin,2022-06-13,P,June 2022
Atq -472,Cristofer Bernard,2022-06-13,P,June 2022
Atq -396,Karma Reeves,2022-06-13,P,June 2022
Atq -467,Esperanza Irwin,2022-06-13,P,June 2022
Atq -484,Demarcus Gordon,2022-06-13,P,June 2022
Atq -432,Ryann Guerrero,2022-06-13,P,June 2022
Atq -421,Rylee Mullins,2022-06-13,P,June 2022
Atq -452,Ayanna Atkins,2022-06-13,HLWP,June 2022
Atq -367,Briley Orr,2022-06-13,P,June 2022
Atq -393,Emma Freeman,2022-06-13,SL,June 2022
Atq -403,Will Mahoney,2022-06-13,P,June 2022
Atq -414,Titus Andersen,2022-06-13,P,June 2022
Atq -418,Marquis Wyatt,2022-06-13,P,June 2022
Atq -408,Nick Orozco,2022-06-13,P,June 2022
Atq -382,Gustavo Ritter,2022-06-13,WFH,June 2022
Atq -373,Isiah Small,2022-06-13,P,June 2022
Atq -418,Hillary Kirk,2022-06-13,WFH,June 2022
Atq -376,Dominique Benjamin,2022-06-13,P,June 2022
Atq -453,Nehemiah Diaz,2022-06-13,P,June 2022
Atq -461,Josh Sharp,2022-06-13,P,June 2022
Atq -411,Samuel Murray,2022-06-13,P,June 2022
Atq -472,Quincy Mendez,2022-06-13,P,June 2022
Atq -448,Athena Rios,2022-06-13,WFH,June 2022
Atq -364,Keaton Nixon,2022-06-13,P,June 2022
Atq -371,Kayleigh Kennedy,2022-06-13,P,June 2022
Atq -361,Makai Hardy,2022-06-13,WFH,June 2022
Atq -350,Alexander Davenport,2022-06-13,WFH,June 2022
Atq -374,Kaley Fitzpatrick,2022-06-13,WFH,June 2022
Atq -372,Miley Combs,2022-06-13,LWP,June 2022
Atq -437,Dallas Weeks,2022-06-13,P,June 2022
Atq -458,Jessie Carrillo,2022-06-13,P,June 2022
Atq -455,Aditya Walls,2022-06-13,P,June 2022
Atq -476,Kane Malone,2022-06-13,P,June 2022
Atq -362,Kiana Mcmillan,2022-06-13,P,June 2022
Atq -452,Jaime Ritter,2022-06-13,P,June 2022
Atq -334,Charity Singleton,2022-06-13,P,June 2022
Atq -414,Mckayla Miles,2022-06-13,P,June 2022
Atq -389,Julien Hamilton,2022-06-13,P,June 2022
Atq -385,Alyson Huber,2022-06-13,P,June 2022
Atq -348,Zaiden Wheeler,2022-06-13,WFH,June 2022
Atq -406,Thanos Thakur,2022-06-14,P,June 2022
Atq -462,Jarvis Singh,2022-06-14,P,June 2022
Atq -411,Nevaeh Waller,2022-06-14,P,June 2022
Atq -398,Bo Cordova,2022-06-14,WFH,June 2022
Atq -438,Mekhi Singleton,2022-06-14,P,June 2022
Atq -366,Peter Pandey,2022-06-14,P,June 2022
Atq -441,Loki Lal,2022-06-14,P,June 2022
Atq -436,Phoenix Brady,2022-06-14,P,June 2022
Atq -404,Ana Little,2022-06-14,PL,June 2022
Atq -397,Grace Stone,2022-06-14,P,June 2022
Atq -335,Tori Shannon,2022-06-14,P,June 2022
Atq -443,Lyric Bartlett,2022-06-14,P,June 2022
Atq -419,Kaylah Schultz,2022-06-14,WFH,June 2022
Atq -467,Cason David,2022-06-14,P,June 2022
Atq -450,Miya Hampton,2022-06-14,P,June 2022
Atq -405,Sofia Solis,2022-06-14,P,June 2022
Atq -440,Mckayla Parker,2022-06-14,P,June 2022
Atq -343,Myla Klein,2022-06-14,P,June 2022
Atq -334,Boston Morse,2022-06-14,P,June 2022
Atq -446,April Ayers,2022-06-14,P,June 2022
Atq -419,Faith Hamilton,2022-06-14,P,June 2022
Atq -396,Joel Cruz,2022-06-14,P,June 2022
Atq -459,Iris Woodard,2022-06-14,P,June 2022
Atq -349,Trystan Ortega,2022-06-14,P,June 2022
Atq -438,Miles Fields,2022-06-14,P,June 2022
Atq -423,Rodrigo Price,2022-06-14,P,June 2022
Atq -370,Ella Roth,2022-06-14,P,June 2022
Atq -433,Jayce Fuentes,2022-06-14,P,June 2022
Atq -375,Hailee Fitzpatrick,2022-06-14,P,June 2022
Atq -475,Rey Novak,2022-06-14,P,June 2022
Atq -368,Macie Callahan,2022-06-14,WFH,June 2022
Atq -468,Xiomara Ruiz,2022-06-14,P,June 2022
Atq -348,Weston Horton,2022-06-14,P,June 2022
Atq -405,Chris Frye,2022-06-14,P,June 2022
Atq -475,London Kim,2022-06-14,P,June 2022
Atq -375,Kenley Marsh,2022-06-14,P,June 2022
Atq -456,Adriel Pace,2022-06-14,P,June 2022
Atq -385,Jase Ingram,2022-06-14,P,June 2022
Atq -484,Adyson Moyer,2022-06-14,P,June 2022
Atq -412,Tucker Austin,2022-06-14,P,June 2022
Atq -472,Cristofer Bernard,2022-06-14,P,June 2022
Atq -396,Karma Reeves,2022-06-14,P,June 2022
Atq -467,Esperanza Irwin,2022-06-14,P,June 2022
Atq -484,Demarcus Gordon,2022-06-14,P,June 2022
Atq -432,Ryann Guerrero,2022-06-14,P,June 2022
Atq -421,Rylee Mullins,2022-06-14,HSL,June 2022
Atq -452,Ayanna Atkins,2022-06-14,HLWP,June 2022
Atq -367,Briley Orr,2022-06-14,P,June 2022
Atq -393,Emma Freeman,2022-06-14,P,June 2022
Atq -403,Will Mahoney,2022-06-14,P,June 2022
Atq -414,Titus Andersen,2022-06-14,P,June 2022
Atq -418,Marquis Wyatt,2022-06-14,P,June 2022
Atq -408,Nick Orozco,2022-06-14,P,June 2022
Atq -382,Gustavo Ritter,2022-06-14,WFH,June 2022
Atq -373,Isiah Small,2022-06-14,P,June 2022
Atq -418,Hillary Kirk,2022-06-14,P,June 2022
Atq -376,Dominique Benjamin,2022-06-14,P,June 2022
Atq -453,Nehemiah Diaz,2022-06-14,P,June 2022
Atq -461,Josh Sharp,2022-06-14,P,June 2022
Atq -411,Samuel Murray,2022-06-14,P,June 2022
Atq -472,Quincy Mendez,2022-06-14,P,June 2022
Atq -448,Athena Rios,2022-06-14,P,June 2022
Atq -364,Keaton Nixon,2022-06-14,P,June 2022
Atq -371,Kayleigh Kennedy,2022-06-14,P,June 2022
Atq -361,Makai Hardy,2022-06-14,WFH,June 2022
Atq -350,Alexander Davenport,2022-06-14,WFH,June 2022
Atq -374,Kaley Fitzpatrick,2022-06-14,WFH,June 2022
Atq -372,Miley Combs,2022-06-14,LWP,June 2022
Atq -437,Dallas Weeks,2022-06-14,P,June 2022
Atq -458,Jessie Carrillo,2022-06-14,P,June 2022
Atq -455,Aditya Walls,2022-06-14,P,June 2022
Atq -476,Kane Malone,2022-06-14,P,June 2022
Atq -362,Kiana Mcmillan,2022-06-14,HLWP,June 2022
Atq -452,Jaime Ritter,2022-06-14,P,June 2022
Atq -334,Charity Singleton,2022-06-14,P,June 2022
Atq -414,Mckayla Miles,2022-06-14,P,June 2022
Atq -389,Julien Hamilton,2022-06-14,P,June 2022
Atq -385,Alyson Huber,2022-06-14,P,June 2022
Atq -348,Zaiden Wheeler,2022-06-14,WFH,June 2022
Atq -406,Thanos Thakur,2022-06-15,P,June 2022
Atq -462,Jarvis Singh,2022-06-15,P,June 2022
Atq -411,Nevaeh Waller,2022-06-15,P,June 2022
Atq -398,Bo Cordova,2022-06-15,WFH,June 2022
Atq -438,Mekhi Singleton,2022-06-15,P,June 2022
Atq -366,Peter Pandey,2022-06-15,P,June 2022
Atq -441,Loki Lal,2022-06-15,P,June 2022
Atq -436,Phoenix Brady,2022-06-15,P,June 2022
Atq -404,Ana Little,2022-06-15,HPL,June 2022
Atq -397,Grace Stone,2022-06-15,P,June 2022
Atq -335,Tori Shannon,2022-06-15,P,June 2022
Atq -443,Lyric Bartlett,2022-06-15,P,June 2022
Atq -419,Kaylah Schultz,2022-06-15,WFH,June 2022
Atq -467,Cason David,2022-06-15,P,June 2022
Atq -450,Miya Hampton,2022-06-15,P,June 2022
Atq -405,Sofia Solis,2022-06-15,P,June 2022
Atq -440,Mckayla Parker,2022-06-15,P,June 2022
Atq -343,Myla Klein,2022-06-15,P,June 2022
Atq -334,Boston Morse,2022-06-15,P,June 2022
Atq -446,April Ayers,2022-06-15,P,June 2022
Atq -419,Faith Hamilton,2022-06-15,P,June 2022
Atq -396,Joel Cruz,2022-06-15,P,June 2022
Atq -459,Iris Woodard,2022-06-15,P,June 2022
Atq -349,Trystan Ortega,2022-06-15,HLWP,June 2022
Atq -438,Miles Fields,2022-06-15,P,June 2022
Atq -423,Rodrigo Price,2022-06-15,P,June 2022
Atq -370,Ella Roth,2022-06-15,P,June 2022
Atq -433,Jayce Fuentes,2022-06-15,P,June 2022
Atq -375,Hailee Fitzpatrick,2022-06-15,P,June 2022
Atq -475,Rey Novak,2022-06-15,P,June 2022
Atq -368,Macie Callahan,2022-06-15,WFH,June 2022
Atq -468,Xiomara Ruiz,2022-06-15,P,June 2022
Atq -348,Weston Horton,2022-06-15,P,June 2022
Atq -405,Chris Frye,2022-06-15,P,June 2022
Atq -475,London Kim,2022-06-15,P,June 2022
Atq -375,Kenley Marsh,2022-06-15,P,June 2022
Atq -456,Adriel Pace,2022-06-15,P,June 2022
Atq -385,Jase Ingram,2022-06-15,P,June 2022
Atq -484,Adyson Moyer,2022-06-15,P,June 2022
Atq -412,Tucker Austin,2022-06-15,P,June 2022
Atq -472,Cristofer Bernard,2022-06-15,P,June 2022
Atq -396,Karma Reeves,2022-06-15,P,June 2022
Atq -467,Esperanza Irwin,2022-06-15,P,June 2022
Atq -484,Demarcus Gordon,2022-06-15,P,June 2022
Atq -432,Ryann Guerrero,2022-06-15,HSL,June 2022
Atq -421,Rylee Mullins,2022-06-15,P,June 2022
Atq -452,Ayanna Atkins,2022-06-15,HLWP,June 2022
Atq -367,Briley Orr,2022-06-15,P,June 2022
Atq -393,Emma Freeman,2022-06-15,P,June 2022
Atq -403,Will Mahoney,2022-06-15,P,June 2022
Atq -414,Titus Andersen,2022-06-15,P,June 2022
Atq -418,Marquis Wyatt,2022-06-15,P,June 2022
Atq -408,Nick Orozco,2022-06-15,LWP,June 2022
Atq -382,Gustavo Ritter,2022-06-15,WFH,June 2022
Atq -373,Isiah Small,2022-06-15,P,June 2022
Atq -418,Hillary Kirk,2022-06-15,P,June 2022
Atq -376,Dominique Benjamin,2022-06-15,P,June 2022
Atq -453,Nehemiah Diaz,2022-06-15,PL,June 2022
Atq -461,Josh Sharp,2022-06-15,P,June 2022
Atq -411,Samuel Murray,2022-06-15,P,June 2022
Atq -472,Quincy Mendez,2022-06-15,P,June 2022
Atq -448,Athena Rios,2022-06-15,P,June 2022
Atq -364,Keaton Nixon,2022-06-15,P,June 2022
Atq -371,Kayleigh Kennedy,2022-06-15,P,June 2022
Atq -361,Makai Hardy,2022-06-15,WFH,June 2022
Atq -350,Alexander Davenport,2022-06-15,WFH,June 2022
Atq -374,Kaley Fitzpatrick,2022-06-15,WFH,June 2022
Atq -372,Miley Combs,2022-06-15,LWP,June 2022
Atq -437,Dallas Weeks,2022-06-15,P,June 2022
Atq -458,Jessie Carrillo,2022-06-15,P,June 2022
Atq -455,Aditya Walls,2022-06-15,P,June 2022
Atq -476,Kane Malone,2022-06-15,WFH,June 2022
Atq -362,Kiana Mcmillan,2022-06-15,P,June 2022
Atq -452,Jaime Ritter,2022-06-15,P,June 2022
Atq -334,Charity Singleton,2022-06-15,P,June 2022
Atq -414,Mckayla Miles,2022-06-15,P,June 2022
Atq -389,Julien Hamilton,2022-06-15,P,June 2022
Atq -385,Alyson Huber,2022-06-15,P,June 2022
Atq -348,Zaiden Wheeler,2022-06-15,WFH,June 2022
Atq -406,Thanos Thakur,2022-06-16,P,June 2022
Atq -462,Jarvis Singh,2022-06-16,P,June 2022
Atq -411,Nevaeh Waller,2022-06-16,P,June 2022
Atq -398,Bo Cordova,2022-06-16,WFH,June 2022
Atq -438,Mekhi Singleton,2022-06-16,P,June 2022
Atq -366,Peter Pandey,2022-06-16,P,June 2022
Atq -441,Loki Lal,2022-06-16,P,June 2022
Atq -436,Phoenix Brady,2022-06-16,P,June 2022
Atq -404,Ana Little,2022-06-16,PL,June 2022
Atq -397,Grace Stone,2022-06-16,P,June 2022
Atq -335,Tori Shannon,2022-06-16,P,June 2022
Atq -443,Lyric Bartlett,2022-06-16,P,June 2022
Atq -419,Kaylah Schultz,2022-06-16,WFH,June 2022
Atq -467,Cason David,2022-06-16,SL,June 2022
Atq -450,Miya Hampton,2022-06-16,P,June 2022
Atq -405,Sofia Solis,2022-06-16,P,June 2022
Atq -440,Mckayla Parker,2022-06-16,P,June 2022
Atq -343,Myla Klein,2022-06-16,P,June 2022
Atq -334,Boston Morse,2022-06-16,P,June 2022
Atq -446,April Ayers,2022-06-16,P,June 2022
Atq -419,Faith Hamilton,2022-06-16,ML,June 2022
Atq -396,Joel Cruz,2022-06-16,P,June 2022
Atq -459,Iris Woodard,2022-06-16,P,June 2022
Atq -438,Miles Fields,2022-06-16,P,June 2022
Atq -423,Rodrigo Price,2022-06-16,P,June 2022
Atq -370,Ella Roth,2022-06-16,P,June 2022
Atq -433,Jayce Fuentes,2022-06-16,P,June 2022
Atq -375,Hailee Fitzpatrick,2022-06-16,P,June 2022
Atq -475,Rey Novak,2022-06-16,P,June 2022
Atq -368,Macie Callahan,2022-06-16,WFH,June 2022
Atq -468,Xiomara Ruiz,2022-06-16,P,June 2022
Atq -348,Weston Horton,2022-06-16,P,June 2022
Atq -405,Chris Frye,2022-06-16,WFH,June 2022
Atq -475,London Kim,2022-06-16,P,June 2022
Atq -375,Kenley Marsh,2022-06-16,P,June 2022
Atq -456,Adriel Pace,2022-06-16,P,June 2022
Atq -385,Jase Ingram,2022-06-16,P,June 2022
Atq -484,Adyson Moyer,2022-06-16,P,June 2022
Atq -412,Tucker Austin,2022-06-16,P,June 2022
Atq -472,Cristofer Bernard,2022-06-16,P,June 2022
Atq -396,Karma Reeves,2022-06-16,P,June 2022
Atq -467,Esperanza Irwin,2022-06-16,P,June 2022
Atq -484,Demarcus Gordon,2022-06-16,P,June 2022
Atq -432,Ryann Guerrero,2022-06-16,P,June 2022
Atq -421,Rylee Mullins,2022-06-16,P,June 2022
Atq -452,Ayanna Atkins,2022-06-16,HLWP,June 2022
Atq -367,Briley Orr,2022-06-16,P,June 2022
Atq -393,Emma Freeman,2022-06-16,HSL,June 2022
Atq -403,Will Mahoney,2022-06-16,P,June 2022
Atq -414,Titus Andersen,2022-06-16,P,June 2022
Atq -418,Marquis Wyatt,2022-06-16,P,June 2022
Atq -408,Nick Orozco,2022-06-16,LWP,June 2022
Atq -382,Gustavo Ritter,2022-06-16,WFH,June 2022
Atq -373,Isiah Small,2022-06-16,P,June 2022
Atq -418,Hillary Kirk,2022-06-16,P,June 2022
Atq -376,Dominique Benjamin,2022-06-16,P,June 2022
Atq -453,Nehemiah Diaz,2022-06-16,P,June 2022
Atq -461,Josh Sharp,2022-06-16,P,June 2022
Atq -411,Samuel Murray,2022-06-16,P,June 2022
Atq -472,Quincy Mendez,2022-06-16,P,June 2022
Atq -448,Athena Rios,2022-06-16,P,June 2022
Atq -364,Keaton Nixon,2022-06-16,P,June 2022
Atq -371,Kayleigh Kennedy,2022-06-16,LWP,June 2022
Atq -361,Makai Hardy,2022-06-16,WFH,June 2022
Atq -459,Leslie Navarro,2022-06-16,WFH,June 2022
Atq -350,Alexander Davenport,2022-06-16,WFH,June 2022
Atq -374,Kaley Fitzpatrick,2022-06-16,WFH,June 2022
Atq -372,Miley Combs,2022-06-16,LWP,June 2022
Atq -437,Dallas Weeks,2022-06-16,P,June 2022
Atq -458,Jessie Carrillo,2022-06-16,P,June 2022
Atq -455,Aditya Walls,2022-06-16,P,June 2022
Atq -476,Kane Malone,2022-06-16,P,June 2022
Atq -362,Kiana Mcmillan,2022-06-16,P,June 2022
Atq -452,Jaime Ritter,2022-06-16,P,June 2022
Atq -334,Charity Singleton,2022-06-16,P,June 2022
Atq -414,Mckayla Miles,2022-06-16,P,June 2022
Atq -389,Julien Hamilton,2022-06-16,P,June 2022
Atq -385,Alyson Huber,2022-06-16,P,June 2022
Atq -348,Zaiden Wheeler,2022-06-16,WFH,June 2022
Atq -406,Thanos Thakur,2022-06-17,P,June 2022
Atq -462,Jarvis Singh,2022-06-17,P,June 2022
Atq -411,Nevaeh Waller,2022-06-17,P,June 2022
Atq -398,Bo Cordova,2022-06-17,WFH,June 2022
Atq -438,Mekhi Singleton,2022-06-17,P,June 2022
Atq -366,Peter Pandey,2022-06-17,P,June 2022
Atq -441,Loki Lal,2022-06-17,P,June 2022
Atq -436,Phoenix Brady,2022-06-17,P,June 2022
Atq -397,Grace Stone,2022-06-17,P,June 2022
Atq -335,Tori Shannon,2022-06-17,PL,June 2022
Atq -443,Lyric Bartlett,2022-06-17,P,June 2022
Atq -419,Kaylah Schultz,2022-06-17,WFH,June 2022
Atq -467,Cason David,2022-06-17,P,June 2022
Atq -450,Miya Hampton,2022-06-17,P,June 2022
Atq -405,Sofia Solis,2022-06-17,HPL,June 2022
Atq -440,Mckayla Parker,2022-06-17,P,June 2022
Atq -343,Myla Klein,2022-06-17,P,June 2022
Atq -334,Boston Morse,2022-06-17,P,June 2022
Atq -446,April Ayers,2022-06-17,P,June 2022
Atq -419,Faith Hamilton,2022-06-17,P,June 2022
Atq -396,Joel Cruz,2022-06-17,P,June 2022
Atq -459,Iris Woodard,2022-06-17,P,June 2022
Atq -438,Miles Fields,2022-06-17,P,June 2022
Atq -423,Rodrigo Price,2022-06-17,SL,June 2022
Atq -370,Ella Roth,2022-06-17,P,June 2022
Atq -433,Jayce Fuentes,2022-06-17,P,June 2022
Atq -375,Hailee Fitzpatrick,2022-06-17,P,June 2022
Atq -475,Rey Novak,2022-06-17,P,June 2022
Atq -368,Macie Callahan,2022-06-17,WFH,June 2022
Atq -468,Xiomara Ruiz,2022-06-17,P,June 2022
Atq -348,Weston Horton,2022-06-17,P,June 2022
Atq -405,Chris Frye,2022-06-17,WFH,June 2022
Atq -475,London Kim,2022-06-17,P,June 2022
Atq -375,Kenley Marsh,2022-06-17,P,June 2022
Atq -456,Adriel Pace,2022-06-17,P,June 2022
Atq -385,Jase Ingram,2022-06-17,P,June 2022
Atq -484,Adyson Moyer,2022-06-17,P,June 2022
Atq -412,Tucker Austin,2022-06-17,P,June 2022
Atq -472,Cristofer Bernard,2022-06-17,P,June 2022
Atq -396,Karma Reeves,2022-06-17,P,June 2022
Atq -467,Esperanza Irwin,2022-06-17,P,June 2022
Atq -484,Demarcus Gordon,2022-06-17,P,June 2022
Atq -432,Ryann Guerrero,2022-06-17,P,June 2022
Atq -421,Rylee Mullins,2022-06-17,P,June 2022
Atq -452,Ayanna Atkins,2022-06-17,HLWP,June 2022
Atq -367,Briley Orr,2022-06-17,P,June 2022
Atq -393,Emma Freeman,2022-06-17,SL,June 2022
Atq -403,Will Mahoney,2022-06-17,P,June 2022
Atq -414,Titus Andersen,2022-06-17,P,June 2022
Atq -418,Marquis Wyatt,2022-06-17,P,June 2022
Atq -408,Nick Orozco,2022-06-17,WFH,June 2022
Atq -382,Gustavo Ritter,2022-06-17,WFH,June 2022
Atq -373,Isiah Small,2022-06-17,P,June 2022
Atq -418,Hillary Kirk,2022-06-17,WFH,June 2022
Atq -376,Dominique Benjamin,2022-06-17,P,June 2022
Atq -453,Nehemiah Diaz,2022-06-17,P,June 2022
Atq -461,Josh Sharp,2022-06-17,P,June 2022
Atq -411,Samuel Murray,2022-06-17,P,June 2022
Atq -472,Quincy Mendez,2022-06-17,HWFH,June 2022
Atq -448,Athena Rios,2022-06-17,P,June 2022
Atq -364,Keaton Nixon,2022-06-17,P,June 2022
Atq -371,Kayleigh Kennedy,2022-06-17,P,June 2022
Atq -361,Makai Hardy,2022-06-17,WFH,June 2022
Atq -459,Leslie Navarro,2022-06-17,WFH,June 2022
Atq -350,Alexander Davenport,2022-06-17,WFH,June 2022
Atq -374,Kaley Fitzpatrick,2022-06-17,WFH,June 2022
Atq -372,Miley Combs,2022-06-17,LWP,June 2022
Atq -437,Dallas Weeks,2022-06-17,P,June 2022
Atq -458,Jessie Carrillo,2022-06-17,P,June 2022
Atq -455,Aditya Walls,2022-06-17,P,June 2022
Atq -476,Kane Malone,2022-06-17,P,June 2022
Atq -362,Kiana Mcmillan,2022-06-17,P,June 2022
Atq -452,Jaime Ritter,2022-06-17,P,June 2022
Atq -334,Charity Singleton,2022-06-17,P,June 2022
Atq -414,Mckayla Miles,2022-06-17,P,June 2022
Atq -389,Julien Hamilton,2022-06-17,P,June 2022
Atq -385,Alyson Huber,2022-06-17,P,June 2022
Atq -348,Zaiden Wheeler,2022-06-17,LWP,June 2022
Atq -406,Thanos Thakur,2022-06-18,WO,June 2022
Atq -462,Jarvis Singh,2022-06-18,WO,June 2022
Atq -411,Nevaeh Waller,2022-06-18,WO,June 2022
Atq -398,Bo Cordova,2022-06-18,WO,June 2022
Atq -438,Mekhi Singleton,2022-06-18,WO,June 2022
Atq -366,Peter Pandey,2022-06-18,WO,June 2022
Atq -441,Loki Lal,2022-06-18,WO,June 2022
Atq -436,Phoenix Brady,2022-06-18,WO,June 2022
Atq -404,Ana Little,2022-06-18,WO,June 2022
Atq -397,Grace Stone,2022-06-18,WO,June 2022
Atq -335,Tori Shannon,2022-06-18,WO,June 2022
Atq -443,Lyric Bartlett,2022-06-18,WO,June 2022
Atq -419,Kaylah Schultz,2022-06-18,WO,June 2022
Atq -467,Cason David,2022-06-18,WO,June 2022
Atq -450,Miya Hampton,2022-06-18,WO,June 2022
Atq -405,Sofia Solis,2022-06-18,WO,June 2022
Atq -440,Mckayla Parker,2022-06-18,WO,June 2022
Atq -335,Madelynn Gray,2022-06-18,WO,June 2022
Atq -343,Myla Klein,2022-06-18,WO,June 2022
Atq -334,Boston Morse,2022-06-18,WO,June 2022
Atq -446,April Ayers,2022-06-18,WO,June 2022
Atq -419,Faith Hamilton,2022-06-18,WO,June 2022
Atq -396,Joel Cruz,2022-06-18,WO,June 2022
Atq -459,Iris Woodard,2022-06-18,WO,June 2022
Atq -349,Trystan Ortega,2022-06-18,WO,June 2022
Atq -438,Miles Fields,2022-06-18,WO,June 2022
Atq -423,Rodrigo Price,2022-06-18,WO,June 2022
Atq -370,Ella Roth,2022-06-18,WO,June 2022
Atq -433,Jayce Fuentes,2022-06-18,WO,June 2022
Atq -375,Hailee Fitzpatrick,2022-06-18,WO,June 2022
Atq -475,Rey Novak,2022-06-18,WO,June 2022
Atq -368,Macie Callahan,2022-06-18,WO,June 2022
Atq -468,Xiomara Ruiz,2022-06-18,WO,June 2022
Atq -348,Weston Horton,2022-06-18,WO,June 2022
Atq -405,Chris Frye,2022-06-18,WO,June 2022
Atq -475,London Kim,2022-06-18,WO,June 2022
Atq -375,Kenley Marsh,2022-06-18,WO,June 2022
Atq -456,Adriel Pace,2022-06-18,WO,June 2022
Atq -385,Jase Ingram,2022-06-18,WO,June 2022
Atq -484,Adyson Moyer,2022-06-18,WO,June 2022
Atq -412,Tucker Austin,2022-06-18,WO,June 2022
Atq -472,Cristofer Bernard,2022-06-18,WO,June 2022
Atq -396,Karma Reeves,2022-06-18,WO,June 2022
Atq -467,Esperanza Irwin,2022-06-18,WO,June 2022
Atq -484,Demarcus Gordon,2022-06-18,WO,June 2022
Atq -432,Ryann Guerrero,2022-06-18,WO,June 2022
Atq -421,Rylee Mullins,2022-06-18,WO,June 2022
Atq -452,Ayanna Atkins,2022-06-18,WO,June 2022
Atq -367,Briley Orr,2022-06-18,WO,June 2022
Atq -393,Emma Freeman,2022-06-18,WO,June 2022
Atq -403,Will Mahoney,2022-06-18,WO,June 2022
Atq -414,Titus Andersen,2022-06-18,WO,June 2022
Atq -418,Marquis Wyatt,2022-06-18,WO,June 2022
Atq -408,Nick Orozco,2022-06-18,WO,June 2022
Atq -382,Gustavo Ritter,2022-06-18,WO,June 2022
Atq -373,Isiah Small,2022-06-18,WO,June 2022
Atq -418,Hillary Kirk,2022-06-18,WO,June 2022
Atq -376,Dominique Benjamin,2022-06-18,WO,June 2022
Atq -453,Nehemiah Diaz,2022-06-18,WO,June 2022
Atq -461,Josh Sharp,2022-06-18,WO,June 2022
Atq -411,Samuel Murray,2022-06-18,WO,June 2022
Atq -472,Quincy Mendez,2022-06-18,WO,June 2022
Atq -448,Athena Rios,2022-06-18,WO,June 2022
Atq -364,Keaton Nixon,2022-06-18,WO,June 2022
Atq -371,Kayleigh Kennedy,2022-06-18,WO,June 2022
Atq -361,Makai Hardy,2022-06-18,WO,June 2022
Atq -459,Leslie Navarro,2022-06-18,WO,June 2022
Atq -401,Piper Carroll,2022-06-18,WO,June 2022
Atq -350,Alexander Davenport,2022-06-18,WO,June 2022
Atq -470,Jovani Pope,2022-06-18,WO,June 2022
Atq -374,Kaley Fitzpatrick,2022-06-18,WO,June 2022
Atq -372,Miley Combs,2022-06-18,WO,June 2022
Atq -437,Dallas Weeks,2022-06-18,WO,June 2022
Atq -458,Jessie Carrillo,2022-06-18,WO,June 2022
Atq -455,Aditya Walls,2022-06-18,WO,June 2022
Atq -476,Kane Malone,2022-06-18,WO,June 2022
Atq -362,Kiana Mcmillan,2022-06-18,WO,June 2022
Atq -452,Jaime Ritter,2022-06-18,WO,June 2022
Atq -334,Charity Singleton,2022-06-18,WO,June 2022
Atq -414,Mckayla Miles,2022-06-18,WO,June 2022
Atq -389,Julien Hamilton,2022-06-18,WO,June 2022
Atq -385,Alyson Huber,2022-06-18,WO,June 2022
Atq -348,Zaiden Wheeler,2022-06-18,WO,June 2022
Atq -406,Thanos Thakur,2022-06-19,WO,June 2022
Atq -462,Jarvis Singh,2022-06-19,WO,June 2022
Atq -411,Nevaeh Waller,2022-06-19,WO,June 2022
Atq -398,Bo Cordova,2022-06-19,WO,June 2022
Atq -438,Mekhi Singleton,2022-06-19,WO,June 2022
Atq -366,Peter Pandey,2022-06-19,WO,June 2022
Atq -441,Loki Lal,2022-06-19,WO,June 2022
Atq -436,Phoenix Brady,2022-06-19,WO,June 2022
Atq -404,Ana Little,2022-06-19,WO,June 2022
Atq -397,Grace Stone,2022-06-19,WO,June 2022
Atq -335,Tori Shannon,2022-06-19,WO,June 2022
Atq -443,Lyric Bartlett,2022-06-19,WO,June 2022
Atq -419,Kaylah Schultz,2022-06-19,WO,June 2022
Atq -467,Cason David,2022-06-19,WO,June 2022
Atq -450,Miya Hampton,2022-06-19,WO,June 2022
Atq -405,Sofia Solis,2022-06-19,WO,June 2022
Atq -440,Mckayla Parker,2022-06-19,WO,June 2022
Atq -335,Madelynn Gray,2022-06-19,WO,June 2022
Atq -343,Myla Klein,2022-06-19,WO,June 2022
Atq -334,Boston Morse,2022-06-19,WO,June 2022
Atq -446,April Ayers,2022-06-19,WO,June 2022
Atq -419,Faith Hamilton,2022-06-19,WO,June 2022
Atq -396,Joel Cruz,2022-06-19,WO,June 2022
Atq -459,Iris Woodard,2022-06-19,WO,June 2022
Atq -349,Trystan Ortega,2022-06-19,WO,June 2022
Atq -438,Miles Fields,2022-06-19,WO,June 2022
Atq -423,Rodrigo Price,2022-06-19,WO,June 2022
Atq -370,Ella Roth,2022-06-19,WO,June 2022
Atq -433,Jayce Fuentes,2022-06-19,WO,June 2022
Atq -375,Hailee Fitzpatrick,2022-06-19,WO,June 2022
Atq -475,Rey Novak,2022-06-19,WO,June 2022
Atq -368,Macie Callahan,2022-06-19,WO,June 2022
Atq -468,Xiomara Ruiz,2022-06-19,WO,June 2022
Atq -348,Weston Horton,2022-06-19,WO,June 2022
Atq -405,Chris Frye,2022-06-19,WO,June 2022
Atq -475,London Kim,2022-06-19,WO,June 2022
Atq -375,Kenley Marsh,2022-06-19,WO,June 2022
Atq -456,Adriel Pace,2022-06-19,WO,June 2022
Atq -385,Jase Ingram,2022-06-19,WO,June 2022
Atq -484,Adyson Moyer,2022-06-19,WO,June 2022
Atq -412,Tucker Austin,2022-06-19,WO,June 2022
Atq -472,Cristofer Bernard,2022-06-19,WO,June 2022
Atq -396,Karma Reeves,2022-06-19,WO,June 2022
Atq -467,Esperanza Irwin,2022-06-19,WO,June 2022
Atq -484,Demarcus Gordon,2022-06-19,WO,June 2022
Atq -432,Ryann Guerrero,2022-06-19,WO,June 2022
Atq -421,Rylee Mullins,2022-06-19,WO,June 2022
Atq -452,Ayanna Atkins,2022-06-19,WO,June 2022
Atq -367,Briley Orr,2022-06-19,WO,June 2022
Atq -393,Emma Freeman,2022-06-19,WO,June 2022
Atq -403,Will Mahoney,2022-06-19,WO,June 2022
Atq -414,Titus Andersen,2022-06-19,WO,June 2022
Atq -418,Marquis Wyatt,2022-06-19,WO,June 2022
Atq -408,Nick Orozco,2022-06-19,WO,June 2022
Atq -382,Gustavo Ritter,2022-06-19,WO,June 2022
Atq -373,Isiah Small,2022-06-19,WO,June 2022
Atq -418,Hillary Kirk,2022-06-19,WO,June 2022
Atq -376,Dominique Benjamin,2022-06-19,WO,June 2022
Atq -453,Nehemiah Diaz,2022-06-19,WO,June 2022
Atq -461,Josh Sharp,2022-06-19,WO,June 2022
Atq -411,Samuel Murray,2022-06-19,WO,June 2022
Atq -472,Quincy Mendez,2022-06-19,WO,June 2022
Atq -448,Athena Rios,2022-06-19,WO,June 2022
Atq -364,Keaton Nixon,2022-06-19,WO,June 2022
Atq -371,Kayleigh Kennedy,2022-06-19,WO,June 2022
Atq -361,Makai Hardy,2022-06-19,WO,June 2022
Atq -459,Leslie Navarro,2022-06-19,WO,June 2022
Atq -401,Piper Carroll,2022-06-19,WO,June 2022
Atq -350,Alexander Davenport,2022-06-19,WO,June 2022
Atq -470,Jovani Pope,2022-06-19,WO,June 2022
Atq -374,Kaley Fitzpatrick,2022-06-19,WO,June 2022
Atq -372,Miley Combs,2022-06-19,WO,June 2022
Atq -437,Dallas Weeks,2022-06-19,WO,June 2022
Atq -458,Jessie Carrillo,2022-06-19,WO,June 2022
Atq -455,Aditya Walls,2022-06-19,WO,June 2022
Atq -476,Kane Malone,2022-06-19,WO,June 2022
Atq -362,Kiana Mcmillan,2022-06-19,WO,June 2022
Atq -452,Jaime Ritter,2022-06-19,WO,June 2022
Atq -334,Charity Singleton,2022-06-19,WO,June 2022
Atq -414,Mckayla Miles,2022-06-19,WO,June 2022
Atq -389,Julien Hamilton,2022-06-19,WO,June 2022
Atq -385,Alyson Huber,2022-06-19,WO,June 2022
Atq -348,Zaiden Wheeler,2022-06-19,WO,June 2022
Atq -398,Bo Cordova,2022-06-20,WFH,June 2022
Atq -396,Joel Cruz,2022-06-20,PL,June 2022
Atq -382,Gustavo Ritter,2022-06-20,WFH,June 2022
Atq -361,Makai Hardy,2022-06-20,WFH,June 2022
Atq -459,Leslie Navarro,2022-06-20,WFH,June 2022
Atq -350,Alexander Davenport,2022-06-20,WFH,June 2022
Atq -374,Kaley Fitzpatrick,2022-06-20,WFH,June 2022
Atq -372,Miley Combs,2022-06-20,LWP,June 2022
Atq -348,Zaiden Wheeler,2022-06-20,WFH,June 2022
Atq -398,Bo Cordova,2022-06-21,WFH,June 2022
Atq -370,Ella Roth,2022-06-21,PL,June 2022
Atq -382,Gustavo Ritter,2022-06-21,WFH,June 2022
Atq -361,Makai Hardy,2022-06-21,WFH,June 2022
Atq -459,Leslie Navarro,2022-06-21,WFH,June 2022
Atq -350,Alexander Davenport,2022-06-21,WFH,June 2022
Atq -374,Kaley Fitzpatrick,2022-06-21,WFH,June 2022
Atq -372,Miley Combs,2022-06-21,LWP,June 2022
Atq -348,Zaiden Wheeler,2022-06-21,WFH,June 2022
Atq -398,Bo Cordova,2022-06-22,WFH,June 2022
Atq -396,Joel Cruz,2022-06-22,PL,June 2022
Atq -382,Gustavo Ritter,2022-06-22,WFH,June 2022
Atq -361,Makai Hardy,2022-06-22,WFH,June 2022
Atq -459,Leslie Navarro,2022-06-22,WFH,June 2022
Atq -350,Alexander Davenport,2022-06-22,WFH,June 2022
Atq -374,Kaley Fitzpatrick,2022-06-22,WFH,June 2022
Atq -372,Miley Combs,2022-06-22,LWP,June 2022
Atq -348,Zaiden Wheeler,2022-06-22,WFH,June 2022
Atq -398,Bo Cordova,2022-06-23,WFH,June 2022
Atq -405,Chris Frye,2022-06-23,WFH,June 2022
Atq -412,Tucker Austin,2022-06-23,PL,June 2022
Atq -382,Gustavo Ritter,2022-06-23,WFH,June 2022
Atq -361,Makai Hardy,2022-06-23,WFH,June 2022
Atq -459,Leslie Navarro,2022-06-23,WFH,June 2022
Atq -350,Alexander Davenport,2022-06-23,WFH,June 2022
Atq -374,Kaley Fitzpatrick,2022-06-23,WFH,June 2022
Atq -372,Miley Combs,2022-06-23,LWP,June 2022
Atq -348,Zaiden Wheeler,2022-06-23,WFH,June 2022
Atq -398,Bo Cordova,2022-06-24,WFH,June 2022
Atq -405,Chris Frye,2022-06-24,WFH,June 2022
Atq -412,Tucker Austin,2022-06-24,PL,June 2022
Atq -382,Gustavo Ritter,2022-06-24,WFH,June 2022
Atq -361,Makai Hardy,2022-06-24,WFH,June 2022
Atq -459,Leslie Navarro,2022-06-24,WFH,June 2022
Atq -350,Alexander Davenport,2022-06-24,WFH,June 2022
Atq -374,Kaley Fitzpatrick,2022-06-24,WFH,June 2022
Atq -372,Miley Combs,2022-06-24,LWP,June 2022
Atq -348,Zaiden Wheeler,2022-06-24,WFH,June 2022
Atq -406,Thanos Thakur,2022-06-25,WO,June 2022
Atq -462,Jarvis Singh,2022-06-25,WO,June 2022
Atq -411,Nevaeh Waller,2022-06-25,WO,June 2022
Atq -398,Bo Cordova,2022-06-25,WO,June 2022
Atq -438,Mekhi Singleton,2022-06-25,WO,June 2022
Atq -366,Peter Pandey,2022-06-25,WO,June 2022
Atq -441,Loki Lal,2022-06-25,WO,June 2022
Atq -436,Phoenix Brady,2022-06-25,WO,June 2022
Atq -404,Ana Little,2022-06-25,WO,June 2022
Atq -397,Grace Stone,2022-06-25,WO,June 2022
Atq -335,Tori Shannon,2022-06-25,WO,June 2022
Atq -443,Lyric Bartlett,2022-06-25,WO,June 2022
Atq -419,Kaylah Schultz,2022-06-25,WO,June 2022
Atq -467,Cason David,2022-06-25,WO,June 2022
Atq -450,Miya Hampton,2022-06-25,WO,June 2022
Atq -405,Sofia Solis,2022-06-25,WO,June 2022
Atq -440,Mckayla Parker,2022-06-25,WO,June 2022
Atq -335,Madelynn Gray,2022-06-25,WO,June 2022
Atq -343,Myla Klein,2022-06-25,WO,June 2022
Atq -334,Boston Morse,2022-06-25,WO,June 2022
Atq -446,April Ayers,2022-06-25,WO,June 2022
Atq -419,Faith Hamilton,2022-06-25,WO,June 2022
Atq -396,Joel Cruz,2022-06-25,WO,June 2022
Atq -459,Iris Woodard,2022-06-25,WO,June 2022
Atq -349,Trystan Ortega,2022-06-25,WO,June 2022
Atq -438,Miles Fields,2022-06-25,WO,June 2022
Atq -423,Rodrigo Price,2022-06-25,WO,June 2022
Atq -370,Ella Roth,2022-06-25,WO,June 2022
Atq -433,Jayce Fuentes,2022-06-25,WO,June 2022
Atq -375,Hailee Fitzpatrick,2022-06-25,WO,June 2022
Atq -475,Rey Novak,2022-06-25,WO,June 2022
Atq -368,Macie Callahan,2022-06-25,WO,June 2022
Atq -468,Xiomara Ruiz,2022-06-25,WO,June 2022
Atq -348,Weston Horton,2022-06-25,WO,June 2022
Atq -405,Chris Frye,2022-06-25,WO,June 2022
Atq -475,London Kim,2022-06-25,WO,June 2022
Atq -375,Kenley Marsh,2022-06-25,WO,June 2022
Atq -456,Adriel Pace,2022-06-25,WO,June 2022
Atq -385,Jase Ingram,2022-06-25,WO,June 2022
Atq -484,Adyson Moyer,2022-06-25,WO,June 2022
Atq -412,Tucker Austin,2022-06-25,WO,June 2022
Atq -472,Cristofer Bernard,2022-06-25,WO,June 2022
Atq -396,Karma Reeves,2022-06-25,WO,June 2022
Atq -467,Esperanza Irwin,2022-06-25,WO,June 2022
Atq -484,Demarcus Gordon,2022-06-25,WO,June 2022
Atq -432,Ryann Guerrero,2022-06-25,WO,June 2022
Atq -421,Rylee Mullins,2022-06-25,WO,June 2022
Atq -452,Ayanna Atkins,2022-06-25,WO,June 2022
Atq -367,Briley Orr,2022-06-25,WO,June 2022
Atq -393,Emma Freeman,2022-06-25,WO,June 2022
Atq -403,Will Mahoney,2022-06-25,WO,June 2022
Atq -414,Titus Andersen,2022-06-25,WO,June 2022
Atq -418,Marquis Wyatt,2022-06-25,WO,June 2022
Atq -408,Nick Orozco,2022-06-25,WO,June 2022
Atq -373,Isiah Small,2022-06-25,WO,June 2022
Atq -418,Hillary Kirk,2022-06-25,WO,June 2022
Atq -376,Dominique Benjamin,2022-06-25,WO,June 2022
Atq -453,Nehemiah Diaz,2022-06-25,WO,June 2022
Atq -461,Josh Sharp,2022-06-25,WO,June 2022
Atq -411,Samuel Murray,2022-06-25,WO,June 2022
Atq -472,Quincy Mendez,2022-06-25,WO,June 2022
Atq -448,Athena Rios,2022-06-25,WO,June 2022
Atq -364,Keaton Nixon,2022-06-25,WO,June 2022
Atq -371,Kayleigh Kennedy,2022-06-25,WO,June 2022
Atq -361,Makai Hardy,2022-06-25,WO,June 2022
Atq -459,Leslie Navarro,2022-06-25,WO,June 2022
Atq -401,Piper Carroll,2022-06-25,WO,June 2022
Atq -350,Alexander Davenport,2022-06-25,WO,June 2022
Atq -470,Jovani Pope,2022-06-25,WO,June 2022
Atq -374,Kaley Fitzpatrick,2022-06-25,WO,June 2022
Atq -372,Miley Combs,2022-06-25,WO,June 2022
Atq -437,Dallas Weeks,2022-06-25,WO,June 2022
Atq -458,Jessie Carrillo,2022-06-25,WO,June 2022
Atq -455,Aditya Walls,2022-06-25,WO,June 2022
Atq -476,Kane Malone,2022-06-25,WO,June 2022
Atq -362,Kiana Mcmillan,2022-06-25,WO,June 2022
Atq -452,Jaime Ritter,2022-06-25,WO,June 2022
Atq -334,Charity Singleton,2022-06-25,WO,June 2022
Atq -414,Mckayla Miles,2022-06-25,WO,June 2022
Atq -389,Julien Hamilton,2022-06-25,WO,June 2022
Atq -385,Alyson Huber,2022-06-25,WO,June 2022
Atq -348,Zaiden Wheeler,2022-06-25,WO,June 2022
Atq -406,Thanos Thakur,2022-06-26,WO,June 2022
Atq -462,Jarvis Singh,2022-06-26,WO,June 2022
Atq -411,Nevaeh Waller,2022-06-26,WO,June 2022
Atq -398,Bo Cordova,2022-06-26,WO,June 2022
Atq -438,Mekhi Singleton,2022-06-26,WO,June 2022
Atq -366,Peter Pandey,2022-06-26,WO,June 2022
Atq -441,Loki Lal,2022-06-26,WO,June 2022
Atq -436,Phoenix Brady,2022-06-26,WO,June 2022
Atq -404,Ana Little,2022-06-26,WO,June 2022
Atq -397,Grace Stone,2022-06-26,WO,June 2022
Atq -335,Tori Shannon,2022-06-26,WO,June 2022
Atq -443,Lyric Bartlett,2022-06-26,WO,June 2022
Atq -419,Kaylah Schultz,2022-06-26,WO,June 2022
Atq -467,Cason David,2022-06-26,WO,June 2022
Atq -450,Miya Hampton,2022-06-26,WO,June 2022
Atq -405,Sofia Solis,2022-06-26,WO,June 2022
Atq -440,Mckayla Parker,2022-06-26,WO,June 2022
Atq -335,Madelynn Gray,2022-06-26,WO,June 2022
Atq -343,Myla Klein,2022-06-26,WO,June 2022
Atq -334,Boston Morse,2022-06-26,WO,June 2022
Atq -446,April Ayers,2022-06-26,WO,June 2022
Atq -419,Faith Hamilton,2022-06-26,WO,June 2022
Atq -396,Joel Cruz,2022-06-26,WO,June 2022
Atq -459,Iris Woodard,2022-06-26,WO,June 2022
Atq -349,Trystan Ortega,2022-06-26,WO,June 2022
Atq -438,Miles Fields,2022-06-26,WO,June 2022
Atq -423,Rodrigo Price,2022-06-26,WO,June 2022
Atq -370,Ella Roth,2022-06-26,WO,June 2022
Atq -433,Jayce Fuentes,2022-06-26,WO,June 2022
Atq -375,Hailee Fitzpatrick,2022-06-26,WO,June 2022
Atq -475,Rey Novak,2022-06-26,WO,June 2022
Atq -368,Macie Callahan,2022-06-26,WO,June 2022
Atq -468,Xiomara Ruiz,2022-06-26,WO,June 2022
Atq -348,Weston Horton,2022-06-26,WO,June 2022
Atq -405,Chris Frye,2022-06-26,WO,June 2022
Atq -475,London Kim,2022-06-26,WO,June 2022
Atq -375,Kenley Marsh,2022-06-26,WO,June 2022
Atq -456,Adriel Pace,2022-06-26,WO,June 2022
Atq -385,Jase Ingram,2022-06-26,WO,June 2022
Atq -484,Adyson Moyer,2022-06-26,WO,June 2022
Atq -412,Tucker Austin,2022-06-26,WO,June 2022
Atq -472,Cristofer Bernard,2022-06-26,WO,June 2022
Atq -396,Karma Reeves,2022-06-26,WO,June 2022
Atq -467,Esperanza Irwin,2022-06-26,WO,June 2022
Atq -484,Demarcus Gordon,2022-06-26,WO,June 2022
Atq -432,Ryann Guerrero,2022-06-26,WO,June 2022
Atq -421,Rylee Mullins,2022-06-26,WO,June 2022
Atq -452,Ayanna Atkins,2022-06-26,WO,June 2022
Atq -367,Briley Orr,2022-06-26,WO,June 2022
Atq -393,Emma Freeman,2022-06-26,WO,June 2022
Atq -403,Will Mahoney,2022-06-26,WO,June 2022
Atq -414,Titus Andersen,2022-06-26,WO,June 2022
Atq -418,Marquis Wyatt,2022-06-26,WO,June 2022
Atq -408,Nick Orozco,2022-06-26,WO,June 2022
Atq -373,Isiah Small,2022-06-26,WO,June 2022
Atq -418,Hillary Kirk,2022-06-26,WO,June 2022
Atq -376,Dominique Benjamin,2022-06-26,WO,June 2022
Atq -453,Nehemiah Diaz,2022-06-26,WO,June 2022
Atq -461,Josh Sharp,2022-06-26,WO,June 2022
Atq -411,Samuel Murray,2022-06-26,WO,June 2022
Atq -472,Quincy Mendez,2022-06-26,WO,June 2022
Atq -448,Athena Rios,2022-06-26,WO,June 2022
Atq -364,Keaton Nixon,2022-06-26,WO,June 2022
Atq -371,Kayleigh Kennedy,2022-06-26,WO,June 2022
Atq -361,Makai Hardy,2022-06-26,WO,June 2022
Atq -459,Leslie Navarro,2022-06-26,WO,June 2022
Atq -401,Piper Carroll,2022-06-26,WO,June 2022
Atq -350,Alexander Davenport,2022-06-26,WO,June 2022
Atq -470,Jovani Pope,2022-06-26,WO,June 2022
Atq -374,Kaley Fitzpatrick,2022-06-26,WO,June 2022
Atq -372,Miley Combs,2022-06-26,WO,June 2022
Atq -437,Dallas Weeks,2022-06-26,WO,June 2022
Atq -458,Jessie Carrillo,2022-06-26,WO,June 2022
Atq -455,Aditya Walls,2022-06-26,WO,June 2022
Atq -476,Kane Malone,2022-06-26,WO,June 2022
Atq -362,Kiana Mcmillan,2022-06-26,WO,June 2022
Atq -452,Jaime Ritter,2022-06-26,WO,June 2022
Atq -334,Charity Singleton,2022-06-26,WO,June 2022
Atq -414,Mckayla Miles,2022-06-26,WO,June 2022
Atq -389,Julien Hamilton,2022-06-26,WO,June 2022
Atq -385,Alyson Huber,2022-06-26,WO,June 2022
Atq -348,Zaiden Wheeler,2022-06-26,WO,June 2022
Atq -398,Bo Cordova,2022-06-27,WFH,June 2022
Atq -440,Mckayla Parker,2022-06-27,PL,June 2022
Atq -412,Tucker Austin,2022-06-27,PL,June 2022
Atq -459,Leslie Navarro,2022-06-27,WFH,June 2022
Atq -350,Alexander Davenport,2022-06-27,WFH,June 2022
Atq -374,Kaley Fitzpatrick,2022-06-27,LWP,June 2022
Atq -372,Miley Combs,2022-06-27,LWP,June 2022
Atq -348,Zaiden Wheeler,2022-06-27,WFH,June 2022
Atq -398,Bo Cordova,2022-06-28,WFH,June 2022
Atq -459,Leslie Navarro,2022-06-28,WFH,June 2022
Atq -350,Alexander Davenport,2022-06-28,WFH,June 2022
Atq -374,Kaley Fitzpatrick,2022-06-28,LWP,June 2022
Atq -372,Miley Combs,2022-06-28,LWP,June 2022
Atq -348,Zaiden Wheeler,2022-06-28,WFH,June 2022
Atq -459,Leslie Navarro,2022-06-29,WFH,June 2022
Atq -350,Alexander Davenport,2022-06-29,WFH,June 2022
Atq -374,Kaley Fitzpatrick,2022-06-29,LWP,June 2022
Atq -348,Zaiden Wheeler,2022-06-29,WFH,June 2022
Atq -405,Chris Frye,2022-06-30,WFH,June 2022
Atq -459,Leslie Navarro,2022-06-30,WFH,June 2022
Atq -350,Alexander Davenport,2022-06-30,WFH,June 2022
Atq -374,Kaley Fitzpatrick,2022-06-30,LWP,June 2022
Atq -348,Zaiden Wheeler,2022-06-30,WFH,June 2022
